Aeminities_id,Id,Heating,HeatingQC,CentralAir,Electrical,BsmtFullBath,BsmtHalfBath,FullBath,HalfBath,BedroomAbvGr
Ame_1,1,GasA,Ex,Y,SBrkr,1,0,2,1,3
Ame_2,2,GasA,Ex,Y,SBrkr,0,1,2,0,3
Ame_3,3,GasA,Ex,Y,SBrkr,1,0,2,1,3
Ame_4,4,GasA,Gd,Y,SBrkr,1,0,1,0,3
Ame_5,5,GasA,Ex,Y,SBrkr,1,0,2,1,4
Ame_6,6,GasA,Ex,Y,SBrkr,1,0,1,1,1
Ame_7,7,GasA,Ex,Y,SBrkr,1,0,2,0,3
Ame_8,8,GasA,Ex,Y,SBrkr,1,0,2,1,3
Ame_9,9,GasA,Gd,Y,FuseF,0,0,2,0,2
Ame_10,10,GasA,Ex,Y,SBrkr,1,0,1,0,2
Ame_11,11,GasA,Ex,Y,SBrkr,1,0,1,0,3
Ame_12,12,GasA,Ex,Y,SBrkr,1,0,3,0,4
Ame_13,13,GasA,TA,Y,SBrkr,1,0,1,0,2
Ame_14,14,GasA,Ex,Y,SBrkr,0,0,2,0,3
Ame_15,15,GasA,TA,Y,SBrkr,1,0,1,1,2
Ame_16,16,GasA,Ex,Y,FuseA,0,0,1,0,2
Ame_17,17,GasA,Ex,Y,SBrkr,1,0,1,0,2
Ame_18,18,GasA,TA,Y,SBrkr,0,0,2,0,2
Ame_19,19,GasA,Ex,Y,SBrkr,1,0,1,1,3
Ame_20,20,GasA,TA,Y,SBrkr,0,0,1,0,3
Ame_21,21,GasA,Ex,Y,SBrkr,0,0,3,1,4
Ame_22,22,GasA,Ex,Y,FuseF,0,0,1,0,3
Ame_23,23,GasA,Ex,Y,SBrkr,0,0,2,0,3
Ame_24,24,GasA,TA,Y,SBrkr,1,0,1,0,3
Ame_25,25,GasA,Ex,Y,SBrkr,1,0,1,0,3
Ame_26,26,GasA,Ex,Y,SBrkr,0,0,2,0,3
Ame_27,27,GasA,TA,Y,SBrkr,0,1,1,0,3
Ame_28,28,GasA,Ex,Y,SBrkr,1,0,2,0,3
Ame_29,29,GasA,TA,Y,SBrkr,1,0,1,0,2
Ame_30,30,GasA,Fa,N,SBrkr,0,0,1,0,1
Ame_31,31,GasA,TA,N,SBrkr,0,0,1,0,3
Ame_32,32,GasA,Gd,Y,SBrkr,0,0,1,1,3
Ame_33,33,GasA,Ex,Y,SBrkr,0,0,2,0,3
Ame_34,34,GasA,Gd,Y,SBrkr,0,1,1,1,4
Ame_35,35,GasA,Ex,Y,SBrkr,1,0,2,0,2
Ame_36,36,GasA,Ex,Y,SBrkr,0,0,3,1,4
Ame_37,37,GasA,Ex,Y,SBrkr,0,0,1,1,3
Ame_38,38,GasA,Gd,Y,SBrkr,0,1,1,0,3
Ame_39,39,GasA,TA,Y,SBrkr,1,0,1,0,3
Ame_40,40,GasA,TA,N,FuseP,0,0,2,0,2
Ame_41,41,GasA,Ex,Y,SBrkr,0,0,2,0,3
Ame_42,42,GasA,Gd,Y,SBrkr,0,1,1,1,2
Ame_43,43,GasA,Gd,Y,SBrkr,1,0,1,0,2
Ame_44,44,GasA,TA,Y,SBrkr,1,0,1,0,3
Ame_45,45,GasA,Ex,Y,FuseA,1,0,1,0,3
Ame_46,46,GasA,Ex,Y,SBrkr,1,0,2,0,2
Ame_47,47,GasA,Ex,Y,SBrkr,1,0,1,1,1
Ame_48,48,GasA,Ex,Y,SBrkr,0,0,2,0,3
Ame_49,49,GasA,Gd,Y,SBrkr,0,0,2,0,2
Ame_50,50,GasA,Ex,Y,SBrkr,1,0,1,0,3
Ame_51,51,GasA,Gd,Y,SBrkr,0,1,2,0,3
Ame_52,52,GasA,TA,Y,SBrkr,0,0,1,0,3
Ame_53,53,GasA,TA,N,SBrkr,1,0,1,0,2
Ame_54,54,GasA,Gd,Y,SBrkr,2,0,0,1,0
Ame_55,55,GasA,TA,Y,SBrkr,0,0,1,0,3
Ame_56,56,GasA,Gd,Y,SBrkr,0,0,2,0,3
Ame_57,57,GasA,Ex,Y,SBrkr,1,0,2,1,3
Ame_58,58,GasA,Ex,Y,SBrkr,0,0,2,1,3
Ame_59,59,GasA,Ex,Y,SBrkr,0,0,3,1,3
Ame_60,60,GasA,Ex,Y,SBrkr,0,0,1,0,2
Ame_61,61,GasA,Ex,Y,SBrkr,1,0,1,1,3
Ame_62,62,GasA,TA,N,SBrkr,0,0,1,0,3
Ame_63,63,GasA,Ex,Y,SBrkr,0,0,2,0,2
Ame_64,64,GasA,Gd,Y,SBrkr,0,0,2,0,3
Ame_65,65,GasA,Ex,Y,SBrkr,1,0,2,1,3
Ame_66,66,GasA,Ex,Y,SBrkr,0,0,2,1,4
Ame_67,67,GasA,TA,Y,SBrkr,1,0,2,0,3
Ame_68,68,GasA,Ex,Y,SBrkr,1,0,2,0,3
Ame_69,69,GasA,TA,Y,SBrkr,0,0,1,0,2
Ame_70,70,GasW,TA,Y,SBrkr,0,0,2,0,3
Ame_71,71,GasA,Ex,Y,SBrkr,1,0,2,0,3
Ame_72,72,GasA,TA,Y,SBrkr,1,0,1,0,2
Ame_73,73,GasA,Gd,Y,SBrkr,0,0,2,1,3
Ame_74,74,GasA,Gd,Y,SBrkr,1,0,1,0,3
Ame_75,75,GasA,Gd,N,SBrkr,0,0,2,0,3
Ame_76,76,GasA,TA,Y,SBrkr,1,0,1,0,2
Ame_77,77,GasA,Ex,Y,FuseA,0,0,1,0,2
Ame_78,78,GasA,TA,Y,SBrkr,1,0,1,0,2
Ame_79,79,GasA,TA,N,SBrkr,0,0,2,0,4
Ame_80,80,GasA,Gd,Y,SBrkr,0,0,1,1,2
Ame_81,81,GasA,TA,Y,SBrkr,0,0,2,1,4
Ame_82,82,GasA,Ex,Y,SBrkr,1,0,2,0,2
Ame_83,83,GasA,Ex,Y,SBrkr,0,0,2,0,3
Ame_84,84,GasA,Gd,Y,SBrkr,0,0,1,1,3
Ame_85,85,GasA,Gd,Y,SBrkr,0,0,2,1,3
Ame_86,86,GasA,Ex,Y,SBrkr,0,0,2,1,4
Ame_87,87,GasA,Ex,Y,SBrkr,0,0,2,1,3
Ame_88,88,GasA,Ex,Y,SBrkr,0,0,2,1,2
Ame_89,89,GasA,TA,N,SBrkr,0,0,1,0,2
Ame_90,90,GasA,Ex,Y,SBrkr,1,0,1,0,3
Ame_91,91,GasA,TA,Y,FuseA,0,0,1,0,2
Ame_92,92,GasA,TA,Y,SBrkr,0,0,1,0,2
Ame_93,93,GasA,Ex,Y,SBrkr,1,0,1,0,2
Ame_94,94,GasW,Ex,N,SBrkr,0,1,2,0,4
Ame_95,95,GasA,Ex,Y,SBrkr,1,0,2,1,3
Ame_96,96,GasA,Gd,Y,SBrkr,0,0,2,1,3
Ame_97,97,GasA,Ex,Y,SBrkr,0,0,2,0,3
Ame_98,98,GasA,TA,Y,FuseF,1,0,1,0,3
Ame_99,99,GasA,Fa,N,SBrkr,0,0,1,0,2
Ame_100,100,GasA,Fa,Y,SBrkr,1,0,1,1,3
Ame_101,101,GasA,Gd,Y,SBrkr,1,0,2,0,3
Ame_102,102,GasA,TA,Y,SBrkr,0,0,2,1,3
Ame_103,103,GasA,TA,Y,SBrkr,0,0,2,0,4
Ame_104,104,GasA,Ex,Y,SBrkr,0,0,2,0,3
Ame_105,105,GasA,Ex,Y,FuseF,0,0,1,1,4
Ame_106,106,GasA,Ex,Y,SBrkr,0,0,2,1,3
Ame_107,107,GasA,Gd,Y,SBrkr,0,0,1,0,2
Ame_108,108,GasA,Ex,Y,SBrkr,0,0,1,0,2
Ame_109,109,GasW,TA,N,FuseF,0,0,2,0,3
Ame_110,110,GasA,Ex,Y,SBrkr,0,0,2,0,3
Ame_111,111,GasA,Gd,Y,SBrkr,0,0,2,0,4
Ame_112,112,GasA,Ex,Y,SBrkr,0,0,2,1,3
Ame_113,113,GasA,Ex,Y,SBrkr,1,0,2,1,4
Ame_114,114,GasA,TA,Y,SBrkr,1,0,2,0,3
Ame_115,115,GasA,Ex,Y,SBrkr,1,0,2,1,3
Ame_116,116,GasA,Gd,Y,SBrkr,0,0,2,1,2
Ame_117,117,GasA,TA,Y,SBrkr,0,1,1,0,3
Ame_118,118,GasA,Gd,Y,SBrkr,0,0,1,1,2
Ame_119,119,GasA,Gd,Y,SBrkr,1,0,3,0,5
Ame_120,120,GasA,Ex,Y,SBrkr,0,0,2,1,3
Ame_121,121,GasA,Ex,Y,SBrkr,1,0,1,0,1
Ame_122,122,GasA,Gd,Y,SBrkr,0,0,1,0,3
Ame_123,123,GasA,Gd,Y,SBrkr,0,0,1,0,3
Ame_124,124,GasA,Ex,Y,SBrkr,0,0,2,0,2
Ame_125,125,GasA,TA,Y,SBrkr,0,0,2,0,3
Ame_126,126,GasA,Gd,N,SBrkr,1,0,1,0,2
Ame_127,127,GasA,TA,Y,SBrkr,0,0,2,0,2
Ame_128,128,GasA,Ex,Y,SBrkr,0,0,1,0,3
Ame_129,129,GasA,TA,Y,SBrkr,0,0,1,1,3
Ame_130,130,GasA,TA,Y,FuseA,0,1,1,1,3
Ame_131,131,GasA,Ex,Y,SBrkr,0,0,2,1,4
Ame_132,132,GasA,Ex,Y,SBrkr,1,0,2,1,3
Ame_133,133,GasA,Gd,Y,SBrkr,1,0,1,0,3
Ame_134,134,GasA,Ex,Y,SBrkr,1,0,2,0,2
Ame_135,135,GasA,Gd,Y,SBrkr,0,0,2,1,3
Ame_136,136,GasA,Gd,Y,SBrkr,0,0,2,0,3
Ame_137,137,GasA,TA,Y,SBrkr,0,0,2,0,3
Ame_138,138,GasA,Gd,Y,SBrkr,0,0,3,0,5
Ame_139,139,GasA,Ex,Y,SBrkr,0,0,2,1,3
Ame_140,140,GasA,Ex,Y,SBrkr,1,0,2,1,3
Ame_141,141,GasA,TA,Y,SBrkr,0,0,1,0,3
Ame_142,142,GasA,Ex,Y,SBrkr,1,0,2,0,3
Ame_143,143,GasA,Fa,Y,SBrkr,0,0,2,0,4
Ame_144,144,GasA,Ex,Y,SBrkr,1,0,2,0,3
Ame_145,145,GasA,TA,Y,SBrkr,1,0,2,0,6
Ame_146,146,GasA,Ex,Y,SBrkr,0,0,2,0,3
Ame_147,147,GasA,TA,Y,FuseA,1,0,1,0,2
Ame_148,148,GasA,Ex,Y,SBrkr,0,0,2,1,3
Ame_149,149,GasA,Ex,Y,SBrkr,1,0,1,0,3
Ame_150,150,GasA,Gd,Y,FuseA,0,0,1,0,3
Ame_151,151,GasA,TA,Y,SBrkr,0,0,1,1,3
Ame_152,152,GasA,Ex,Y,SBrkr,1,0,2,0,2
Ame_153,153,GasA,Gd,Y,SBrkr,0,0,2,1,4
Ame_154,154,GasA,Gd,Y,SBrkr,1,0,1,0,1
Ame_155,155,GasA,TA,Y,FuseA,0,0,1,0,4
Ame_156,156,Grav,Fa,N,FuseF,0,0,1,0,2
Ame_157,157,GasA,TA,Y,FuseF,0,0,1,0,2
Ame_158,158,GasA,Ex,Y,SBrkr,0,0,2,1,4
Ame_159,159,GasA,Ex,Y,SBrkr,0,0,2,1,3
Ame_160,160,GasA,Ex,Y,SBrkr,1,0,2,1,4
Ame_161,161,GasA,TA,Y,SBrkr,0,0,2,0,3
Ame_162,162,GasA,Ex,Y,SBrkr,1,0,2,1,3
Ame_163,163,GasA,Ex,Y,SBrkr,0,0,2,0,3
Ame_164,164,GasA,Ex,Y,SBrkr,0,0,1,0,1
Ame_165,165,GasA,Gd,Y,FuseA,0,0,2,0,3
Ame_166,166,GasA,Gd,Y,SBrkr,1,0,2,0,4
Ame_167,167,GasA,Ex,Y,FuseA,1,0,1,0,2
Ame_168,168,GasA,Ex,Y,SBrkr,1,0,1,1,3
Ame_169,169,GasA,Ex,Y,SBrkr,0,0,2,1,3
Ame_170,170,GasA,TA,Y,SBrkr,0,0,2,1,2
Ame_171,171,GasA,TA,Y,SBrkr,0,0,1,1,2
Ame_172,172,GasA,Fa,Y,SBrkr,1,0,1,0,3
Ame_173,173,GasA,Gd,Y,SBrkr,1,0,2,0,2
Ame_174,174,GasA,TA,Y,SBrkr,1,0,1,1,3
Ame_175,175,GasA,TA,Y,SBrkr,1,0,2,0,3
Ame_176,176,GasA,TA,Y,SBrkr,1,0,2,0,4
Ame_177,177,GasA,TA,Y,SBrkr,0,1,2,1,4
Ame_178,178,GasA,Ex,Y,SBrkr,1,0,2,0,4
Ame_179,179,GasA,Ex,Y,SBrkr,1,0,2,0,1
Ame_180,180,GasA,TA,Y,SBrkr,0,0,1,0,2
Ame_181,181,GasA,Ex,Y,SBrkr,0,0,2,1,3
Ame_182,182,GasA,Gd,Y,SBrkr,0,0,1,1,4
Ame_183,183,GasA,Ex,Y,SBrkr,0,0,1,0,3
Ame_184,184,GasA,Ex,Y,SBrkr,0,0,2,1,3
Ame_185,185,GasA,Gd,Y,SBrkr,0,0,1,0,3
Ame_186,186,GasA,Ex,Y,SBrkr,0,0,2,1,4
Ame_187,187,GasA,Ex,Y,SBrkr,1,0,2,0,3
Ame_188,188,GasA,Ex,Y,SBrkr,0,0,2,1,3
Ame_189,189,GasA,TA,Y,SBrkr,2,0,0,2,2
Ame_190,190,GasA,Ex,Y,SBrkr,1,0,1,1,0
Ame_191,191,GasA,TA,Y,SBrkr,0,0,2,1,3
Ame_192,192,GasA,Gd,Y,SBrkr,1,0,1,1,4
Ame_193,193,GasA,Ex,Y,SBrkr,1,0,2,0,3
Ame_194,194,GasA,Ex,Y,SBrkr,0,0,2,0,3
Ame_195,195,GasA,TA,Y,SBrkr,0,0,1,0,3
Ame_196,196,GasA,TA,Y,SBrkr,0,0,2,1,3
Ame_197,197,GasA,Ex,Y,SBrkr,1,0,2,0,3
Ame_198,198,GasA,Gd,Y,SBrkr,1,1,2,0,4
Ame_199,199,GasA,Ex,Y,SBrkr,0,0,1,0,5
Ame_200,200,GasA,Ex,Y,SBrkr,1,0,2,0,3
Ame_201,201,GasA,Ex,Y,SBrkr,0,0,2,0,2
Ame_202,202,GasA,TA,Y,SBrkr,0,1,2,0,3
Ame_203,203,GasA,Gd,Y,SBrkr,0,0,2,0,2
Ame_204,204,GasA,Ex,Y,SBrkr,1,0,1,0,1
Ame_205,205,GasA,TA,Y,SBrkr,0,0,1,1,2
Ame_206,206,GasA,Ex,Y,SBrkr,0,0,2,0,3
Ame_207,207,GasA,TA,Y,SBrkr,0,0,1,1,3
Ame_208,208,GasA,TA,Y,SBrkr,1,0,1,0,3
Ame_209,209,GasA,Ex,Y,SBrkr,1,0,2,1,3
Ame_210,210,GasA,Ex,Y,SBrkr,1,0,1,0,3
Ame_211,211,GasA,TA,N,FuseA,1,0,1,0,2
Ame_212,212,GasA,Ex,Y,SBrkr,0,0,2,0,3
Ame_213,213,GasA,Ex,Y,SBrkr,1,0,2,1,3
Ame_214,214,GasA,Ex,Y,SBrkr,0,1,1,0,3
Ame_215,215,GasA,Ex,Y,SBrkr,0,0,1,1,3
Ame_216,216,GasA,TA,Y,SBrkr,0,1,1,0,2
Ame_217,217,GasA,Ex,Y,SBrkr,1,0,2,0,3
Ame_218,218,GasA,Fa,N,SBrkr,0,0,1,0,3
Ame_219,219,GasA,Ex,Y,SBrkr,0,1,1,1,3
Ame_220,220,GasA,Ex,Y,SBrkr,0,0,2,0,2
Ame_221,221,GasA,Ex,Y,SBrkr,0,0,2,0,2
Ame_222,222,GasA,Ex,Y,SBrkr,0,0,2,1,4
Ame_223,223,GasA,TA,Y,SBrkr,1,0,2,1,3
Ame_224,224,GasA,Gd,Y,SBrkr,0,0,1,0,2
Ame_225,225,GasA,Ex,Y,SBrkr,0,0,2,0,3
Ame_226,226,GasA,TA,Y,SBrkr,0,0,2,1,3
Ame_227,227,GasA,Ex,Y,SBrkr,0,0,2,1,4
Ame_228,228,GasA,TA,Y,SBrkr,0,0,1,1,2
Ame_229,229,GasA,TA,Y,SBrkr,0,0,1,0,3
Ame_230,230,GasA,Ex,Y,SBrkr,0,0,2,0,2
Ame_231,231,GasA,TA,Y,SBrkr,1,0,1,0,3
Ame_232,232,GasA,Ex,Y,SBrkr,1,0,2,1,4
Ame_233,233,GasA,TA,Y,SBrkr,0,0,1,1,2
Ame_234,234,GasA,TA,Y,SBrkr,1,0,1,0,3
Ame_235,235,GasA,Ex,Y,SBrkr,1,0,2,1,4
Ame_236,236,GasA,TA,Y,SBrkr,0,0,1,1,2
Ame_237,237,GasA,Ex,Y,SBrkr,0,0,2,0,3
Ame_238,238,GasA,Ex,Y,SBrkr,0,0,2,1,3
Ame_239,239,GasA,Ex,Y,SBrkr,0,0,2,0,3
Ame_240,240,GasA,TA,Y,FuseA,0,0,1,1,3
Ame_241,241,GasA,Ex,Y,SBrkr,1,0,2,0,3
Ame_242,242,GasA,Gd,Y,SBrkr,0,0,1,0,2
Ame_243,243,GasA,Gd,N,FuseA,0,0,1,0,3
Ame_244,244,GasA,TA,Y,SBrkr,0,0,1,1,3
Ame_245,245,GasA,Ex,Y,SBrkr,1,0,2,1,3
Ame_246,246,GasA,Gd,Y,SBrkr,0,1,2,0,3
Ame_247,247,GasA,Gd,N,FuseP,0,0,2,0,4
Ame_248,248,GasA,Ex,Y,SBrkr,0,0,1,0,2
Ame_249,249,GasA,Ex,Y,SBrkr,0,0,2,1,3
Ame_250,250,GasA,Gd,Y,SBrkr,0,1,2,0,4
Ame_251,251,GasA,Ex,Y,SBrkr,0,0,1,0,3
Ame_252,252,GasA,Ex,Y,SBrkr,1,1,2,0,2
Ame_253,253,GasA,Ex,Y,SBrkr,0,0,2,1,3
Ame_254,254,GasA,Ex,Y,SBrkr,0,1,2,0,3
Ame_255,255,GasA,TA,Y,SBrkr,1,0,1,0,3
Ame_256,256,GasA,Ex,Y,SBrkr,0,0,2,1,4
Ame_257,257,GasA,Ex,Y,SBrkr,0,0,2,1,3
Ame_258,258,GasA,Ex,Y,SBrkr,1,0,2,1,3
Ame_259,259,GasA,Ex,Y,SBrkr,0,0,2,1,3
Ame_260,260,GasA,Gd,Y,FuseA,0,0,1,0,2
Ame_261,261,GasA,TA,Y,SBrkr,1,0,1,0,3
Ame_262,262,GasA,Ex,Y,SBrkr,0,0,2,1,3
Ame_263,263,GasA,TA,Y,SBrkr,1,0,1,0,3
Ame_264,264,GasA,TA,Y,SBrkr,1,0,1,0,3
Ame_265,265,GasA,Gd,N,FuseP,0,0,1,0,2
Ame_266,266,GasA,TA,Y,SBrkr,0,0,2,0,3
Ame_267,267,GasA,Gd,Y,SBrkr,1,0,2,1,3
Ame_268,268,GasA,Ex,Y,SBrkr,0,0,2,1,4
Ame_269,269,GasA,Ex,Y,SBrkr,0,0,1,0,2
Ame_270,270,GasA,TA,Y,SBrkr,1,0,1,1,3
Ame_271,271,GasA,Gd,Y,SBrkr,0,0,2,1,3
Ame_272,272,GasA,Ex,Y,SBrkr,1,0,1,0,2
Ame_273,273,GasA,Ex,Y,SBrkr,0,0,2,1,4
Ame_274,274,GasA,Gd,Y,SBrkr,1,0,2,0,3
Ame_275,275,GasA,TA,Y,SBrkr,0,0,1,0,2
Ame_276,276,GasW,Gd,N,SBrkr,0,0,2,1,3
Ame_277,277,GasA,Ex,Y,SBrkr,0,0,2,0,3
Ame_278,278,GasA,Ex,Y,SBrkr,0,0,1,0,2
Ame_279,279,GasA,Ex,Y,SBrkr,0,0,2,1,3
Ame_280,280,GasA,Ex,Y,SBrkr,0,0,2,1,4
Ame_281,281,GasA,Gd,Y,SBrkr,0,0,2,1,3
Ame_282,282,GasA,Gd,Y,SBrkr,0,0,2,0,2
Ame_283,283,GasA,Ex,Y,SBrkr,1,0,2,0,2
Ame_284,284,GasA,Ex,Y,SBrkr,0,0,2,0,3
Ame_285,285,GasA,Gd,Y,SBrkr,1,0,2,0,2
Ame_286,286,GasA,Ex,Y,SBrkr,0,0,2,1,2
Ame_287,287,GasA,TA,Y,SBrkr,0,0,1,1,3
Ame_288,288,GasA,TA,Y,SBrkr,0,0,1,0,3
Ame_289,289,GasA,TA,Y,SBrkr,0,0,1,0,3
Ame_290,290,GasA,Ex,Y,FuseA,0,0,1,0,3
Ame_291,291,GasA,Ex,Y,SBrkr,0,0,2,1,3
Ame_292,292,GasA,Ex,N,SBrkr,1,0,2,0,6
Ame_293,293,GasA,Gd,Y,SBrkr,0,0,1,1,3
Ame_294,294,GasA,Fa,Y,SBrkr,1,0,2,1,3
Ame_295,295,GasA,TA,Y,SBrkr,1,0,1,0,3
Ame_296,296,GasA,TA,Y,SBrkr,1,0,1,0,3
Ame_297,297,GasA,TA,Y,FuseA,0,0,1,1,4
Ame_298,298,GasA,Ex,Y,SBrkr,0,0,2,1,3
Ame_299,299,GasA,Gd,Y,SBrkr,0,1,1,2,3
Ame_300,300,GasA,Ex,Y,SBrkr,0,1,1,0,3
Ame_301,301,GasA,TA,Y,SBrkr,1,0,1,0,2
Ame_302,302,GasA,Ex,Y,SBrkr,0,0,2,1,4
Ame_303,303,GasA,Ex,Y,SBrkr,0,0,2,0,3
Ame_304,304,GasA,TA,Y,SBrkr,1,0,1,0,3
Ame_305,305,GasA,Ex,Y,SBrkr,0,0,3,0,3
Ame_306,306,GasA,Ex,Y,SBrkr,1,0,2,0,3
Ame_307,307,GasA,Gd,Y,SBrkr,1,0,2,1,4
Ame_308,308,GasA,TA,Y,FuseA,0,0,1,0,3
Ame_309,309,GasA,Ex,Y,SBrkr,0,0,1,0,1
Ame_310,310,GasA,Ex,Y,SBrkr,1,0,2,0,3
Ame_311,311,GasA,Gd,Y,SBrkr,0,0,2,1,3
Ame_312,312,GasA,Ex,Y,SBrkr,1,0,1,0,2
Ame_313,313,GasA,TA,Y,SBrkr,1,0,1,0,3
Ame_314,314,GasW,TA,Y,SBrkr,2,0,2,0,3
Ame_315,315,GasA,Ex,Y,SBrkr,0,1,1,1,3
Ame_316,316,GasA,Ex,Y,SBrkr,1,0,2,1,3
Ame_317,317,GasA,TA,Y,SBrkr,1,0,2,1,4
Ame_318,318,GasA,Ex,Y,SBrkr,0,0,2,1,3
Ame_319,319,GasA,Ex,Y,SBrkr,1,0,2,1,4
Ame_320,320,GasA,TA,Y,SBrkr,1,0,2,0,3
Ame_321,321,GasA,Ex,Y,SBrkr,0,0,3,1,4
Ame_322,322,GasA,Ex,Y,SBrkr,1,0,2,1,4
Ame_323,323,GasA,Ex,Y,SBrkr,1,0,2,1,4
Ame_324,324,GasA,Ex,Y,SBrkr,1,0,1,0,3
Ame_325,325,GasA,Ex,Y,SBrkr,0,0,2,1,5
Ame_326,326,GasA,Po,N,FuseF,0,0,1,0,2
Ame_327,327,GasA,Ex,Y,SBrkr,2,0,1,1,1
Ame_328,328,GasA,TA,Y,SBrkr,0,0,1,1,3
Ame_329,329,GasA,Gd,N,FuseA,0,0,2,0,5
Ame_330,330,GasA,TA,N,SBrkr,0,0,1,0,3
Ame_331,331,GasA,TA,Y,SBrkr,0,1,2,0,6
Ame_332,332,GasA,Fa,Y,SBrkr,1,0,1,0,3
Ame_333,333,GasA,Ex,Y,SBrkr,1,0,2,0,3
Ame_334,334,GasA,Ex,Y,SBrkr,1,0,2,0,2
Ame_335,335,GasA,Gd,Y,SBrkr,1,0,2,1,3
Ame_336,336,GasA,Ex,Y,SBrkr,2,0,2,0,3
Ame_337,337,GasA,Ex,Y,SBrkr,1,0,2,0,3
Ame_338,338,GasA,Ex,Y,SBrkr,1,0,2,0,3
Ame_339,339,GasA,Ex,Y,SBrkr,1,0,2,0,3
Ame_340,340,GasA,TA,Y,FuseA,0,0,1,0,3
Ame_341,341,GasA,Ex,Y,SBrkr,0,0,2,1,4
Ame_342,342,GasA,Gd,Y,SBrkr,0,0,1,0,2
Ame_343,343,Wall,Fa,N,FuseA,0,0,2,0,2
Ame_344,344,GasA,Ex,Y,SBrkr,0,0,2,0,2
Ame_345,345,GasA,TA,Y,SBrkr,0,0,1,1,3
Ame_346,346,GasA,Gd,Y,SBrkr,0,0,1,0,3
Ame_347,347,GasA,TA,Y,SBrkr,0,0,1,0,2
Ame_348,348,GasA,Ex,Y,FuseA,1,0,2,0,3
Ame_349,349,GasA,Ex,Y,SBrkr,1,0,2,1,2
Ame_350,350,GasA,Ex,Y,SBrkr,1,0,2,1,4
Ame_351,351,GasA,Ex,Y,SBrkr,0,0,2,0,2
Ame_352,352,GasA,Gd,Y,SBrkr,1,0,1,1,2
Ame_353,353,GasA,TA,N,SBrkr,0,1,1,0,3
Ame_354,354,GasA,Gd,Y,SBrkr,0,0,1,0,2
Ame_355,355,GasA,Ex,Y,SBrkr,0,0,1,0,2
Ame_356,356,GasA,Ex,Y,SBrkr,1,0,2,0,3
Ame_357,357,GasA,Gd,Y,SBrkr,1,0,2,0,3
Ame_358,358,GasA,TA,Y,SBrkr,1,0,1,1,3
Ame_359,359,GasA,Ex,Y,FuseF,0,1,1,0,3
Ame_360,360,GasA,Ex,Y,SBrkr,1,0,2,1,3
Ame_361,361,GasA,Ex,Y,SBrkr,1,0,1,0,2
Ame_362,362,GasA,Gd,Y,SBrkr,1,0,1,0,3
Ame_363,363,GasA,Ex,Y,SBrkr,0,0,3,0,4
Ame_364,364,GasA,Gd,Y,SBrkr,0,0,1,1,2
Ame_365,365,GasA,TA,Y,SBrkr,1,0,2,1,3
Ame_366,366,GasA,Gd,Y,FuseA,0,0,1,0,3
Ame_367,367,GasA,Gd,Y,SBrkr,1,0,1,1,3
Ame_368,368,GasA,Gd,Y,SBrkr,0,1,1,0,3
Ame_369,369,GasA,Gd,Y,SBrkr,0,0,1,0,2
Ame_370,370,GasA,Ex,Y,SBrkr,1,0,1,0,3
Ame_371,371,GasA,Ex,Y,SBrkr,0,0,2,1,3
Ame_372,372,GasA,TA,Y,SBrkr,0,0,2,0,4
Ame_373,373,GasA,TA,Y,SBrkr,1,0,1,0,2
Ame_374,374,GasA,TA,Y,SBrkr,1,0,1,0,3
Ame_375,375,GasA,Ex,Y,SBrkr,0,0,2,1,4
Ame_376,376,GasA,Gd,N,FuseA,1,0,0,1,1
Ame_377,377,GasA,Ex,Y,SBrkr,0,0,1,0,2
Ame_378,378,GasA,Ex,Y,SBrkr,0,0,3,0,4
Ame_379,379,GasA,Ex,Y,SBrkr,1,0,1,1,1
Ame_380,380,GasA,Ex,Y,SBrkr,0,0,2,1,3
Ame_381,381,GasA,TA,Y,SBrkr,0,0,2,0,3
Ame_382,382,GasA,Ex,Y,SBrkr,1,0,2,0,2
Ame_383,383,GasA,Ex,Y,SBrkr,0,0,2,1,3
Ame_384,384,GasA,TA,N,FuseA,0,0,1,0,2
Ame_385,385,GasA,Ex,Y,SBrkr,1,0,2,1,3
Ame_386,386,GasA,Ex,Y,SBrkr,0,0,2,0,2
Ame_387,387,GasA,TA,Y,SBrkr,0,0,1,0,5
Ame_388,388,GasA,Ex,Y,SBrkr,1,0,1,0,3
Ame_389,389,GasA,Ex,Y,SBrkr,0,0,2,0,3
Ame_390,390,GasA,Ex,Y,SBrkr,1,0,2,1,3
Ame_391,391,GasA,Ex,Y,SBrkr,1,0,1,0,4
Ame_392,392,GasA,Ex,Y,SBrkr,1,0,2,1,3
Ame_393,393,GasA,TA,Y,SBrkr,0,0,1,0,3
Ame_394,394,GasA,TA,Y,FuseA,0,0,1,0,2
Ame_395,395,GasA,Gd,Y,FuseA,0,0,1,0,2
Ame_396,396,GasA,TA,Y,SBrkr,1,0,1,0,3
Ame_397,397,GasA,TA,Y,SBrkr,0,0,1,0,2
Ame_398,398,GasA,TA,Y,SBrkr,0,0,2,0,4
Ame_399,399,GasA,Gd,Y,Mix,0,0,1,0,2
Ame_400,400,GasA,Ex,Y,SBrkr,1,0,2,0,2
Ame_401,401,GasA,Ex,Y,SBrkr,1,0,1,1,1
Ame_402,402,GasA,Ex,Y,SBrkr,0,0,2,0,3
Ame_403,403,GasA,Ex,Y,SBrkr,0,0,1,0,2
Ame_404,404,GasA,Gd,Y,SBrkr,0,0,2,1,4
Ame_405,405,GasA,Gd,Y,SBrkr,0,0,2,1,3
Ame_406,406,GasA,Ex,Y,SBrkr,1,0,2,0,3
Ame_407,407,GasA,Ex,Y,FuseA,0,0,1,0,3
Ame_408,408,GasA,Ex,Y,SBrkr,0,0,2,0,4
Ame_409,409,GasA,Ex,Y,SBrkr,0,0,2,1,3
Ame_410,410,GasA,Ex,Y,SBrkr,1,0,2,1,3
Ame_411,411,GasA,TA,Y,FuseA,0,0,1,0,3
Ame_412,412,GasA,TA,N,SBrkr,1,0,1,0,3
Ame_413,413,GasA,Ex,Y,SBrkr,1,0,2,1,2
Ame_414,414,GasA,Gd,Y,FuseA,0,0,1,0,2
Ame_415,415,GasA,Ex,Y,SBrkr,0,1,2,1,3
Ame_416,416,GasA,Ex,Y,SBrkr,0,0,2,0,3
Ame_417,417,GasA,TA,Y,SBrkr,0,0,1,1,3
Ame_418,418,GasW,TA,N,FuseA,1,0,2,1,4
Ame_419,419,GasA,Fa,N,FuseF,1,0,1,1,3
Ame_420,420,GasA,Ex,Y,SBrkr,1,0,1,0,3
Ame_421,421,GasA,Ex,Y,SBrkr,2,0,2,0,2
Ame_422,422,GasA,Gd,Y,SBrkr,0,1,2,0,3
Ame_423,423,GasA,Ex,Y,FuseA,0,0,1,0,2
Ame_424,424,GasA,Gd,Y,SBrkr,1,0,2,1,4
Ame_425,425,GasA,Gd,Y,FuseA,1,0,1,0,2
Ame_426,426,GasA,Gd,Y,SBrkr,0,0,1,1,3
Ame_427,427,GasA,Gd,Y,SBrkr,1,1,2,0,2
Ame_428,428,GasA,Ex,Y,SBrkr,0,0,1,0,3
Ame_429,429,GasA,Ex,Y,SBrkr,1,0,2,0,2
Ame_430,430,GasA,TA,Y,SBrkr,1,0,2,0,3
Ame_431,431,GasA,TA,Y,SBrkr,0,0,1,1,2
Ame_432,432,GasA,Gd,Y,SBrkr,0,0,1,0,4
Ame_433,433,GasA,Ex,Y,SBrkr,1,0,1,1,2
Ame_434,434,GasA,Ex,Y,SBrkr,0,0,2,1,3
Ame_435,435,GasA,Gd,Y,SBrkr,1,0,1,0,1
Ame_436,436,GasA,Ex,Y,SBrkr,1,0,2,1,3
Ame_437,437,GasA,TA,Y,FuseA,0,0,1,0,2
Ame_438,438,GasA,Gd,Y,SBrkr,0,0,1,0,2
Ame_439,439,GasA,TA,N,SBrkr,0,0,1,0,2
Ame_440,440,GasA,Gd,Y,SBrkr,0,0,1,0,3
Ame_441,441,GasA,Ex,Y,SBrkr,1,0,2,0,2
Ame_442,442,GasA,TA,N,FuseF,0,0,2,0,4
Ame_443,443,GasA,TA,Y,SBrkr,0,0,2,0,3
Ame_444,444,GasA,Ex,Y,SBrkr,0,0,2,0,2
Ame_445,445,GasA,Ex,Y,SBrkr,1,0,2,1,4
Ame_446,446,GasA,Fa,Y,SBrkr,0,0,1,0,3
Ame_447,447,GasA,Ex,Y,SBrkr,0,0,2,1,2
Ame_448,448,GasA,Gd,Y,SBrkr,0,0,2,1,4
Ame_449,449,GasA,TA,Y,SBrkr,0,0,2,0,3
Ame_450,450,GasA,Ex,Y,SBrkr,0,0,1,1,2
Ame_451,451,GasA,Ex,Y,FuseA,0,0,1,0,2
Ame_452,452,GasA,TA,Y,SBrkr,1,0,2,0,2
Ame_453,453,GasA,Ex,Y,SBrkr,1,0,2,1,3
Ame_454,454,GasA,Ex,Y,SBrkr,0,0,2,1,3
Ame_455,455,GasA,TA,Y,SBrkr,2,0,2,0,4
Ame_456,456,GasA,Fa,Y,SBrkr,0,0,1,1,3
Ame_457,457,GasA,Fa,N,SBrkr,0,0,1,0,4
Ame_458,458,GasA,Ex,Y,SBrkr,1,0,1,0,2
Ame_459,459,GasA,Fa,Y,SBrkr,0,0,1,0,3
Ame_460,460,GasA,TA,Y,SBrkr,1,0,1,0,3
Ame_461,461,GasA,Ex,Y,SBrkr,1,0,2,1,3
Ame_462,462,GasA,Ex,Y,SBrkr,1,0,1,0,3
Ame_463,463,GasA,Gd,Y,SBrkr,0,0,1,0,3
Ame_464,464,GasA,Fa,Y,FuseA,0,0,1,1,3
Ame_465,465,GasA,TA,Y,SBrkr,0,0,2,0,3
Ame_466,466,GasA,Ex,Y,SBrkr,0,0,2,0,2
Ame_467,467,GasA,TA,Y,SBrkr,1,0,1,0,2
Ame_468,468,GasA,Ex,Y,SBrkr,0,0,1,1,3
Ame_469,469,GasA,Ex,Y,SBrkr,0,0,2,0,3
Ame_470,470,GasA,Ex,Y,SBrkr,0,0,2,1,3
Ame_471,471,GasA,TA,Y,SBrkr,1,0,1,1,1
Ame_472,472,GasA,TA,Y,SBrkr,0,0,2,1,3
Ame_473,473,GasA,Ex,Y,SBrkr,1,0,1,0,2
Ame_474,474,GasA,Ex,Y,SBrkr,1,0,2,0,2
Ame_475,475,GasA,Ex,Y,SBrkr,1,0,2,0,2
Ame_476,476,GasA,TA,Y,SBrkr,1,0,1,0,2
Ame_477,477,GasA,Ex,Y,SBrkr,1,0,2,0,3
Ame_478,478,GasA,Ex,Y,SBrkr,0,0,2,1,3
Ame_479,479,GasA,Ex,Y,SBrkr,1,0,2,0,3
Ame_480,480,GasA,TA,Y,SBrkr,0,0,1,0,2
Ame_481,481,GasA,Ex,Y,SBrkr,1,0,2,0,3
Ame_482,482,GasA,Ex,Y,SBrkr,1,0,2,0,2
Ame_483,483,GasA,Ex,Y,SBrkr,1,0,1,1,4
Ame_484,484,GasA,Ex,Y,SBrkr,1,0,2,0,2
Ame_485,485,GasA,Gd,Y,SBrkr,1,0,1,0,3
Ame_486,486,GasA,Gd,Y,SBrkr,0,0,1,0,3
Ame_487,487,GasA,TA,Y,SBrkr,1,0,1,1,3
Ame_488,488,GasA,Gd,Y,SBrkr,0,0,2,0,3
Ame_489,489,GasA,TA,N,FuseA,0,0,2,0,3
Ame_490,490,GasA,TA,Y,SBrkr,1,0,1,0,1
Ame_491,491,GasA,TA,Y,SBrkr,0,0,1,1,3
Ame_492,492,GasA,TA,Y,FuseA,1,0,1,0,3
Ame_493,493,GasA,Gd,Y,SBrkr,0,0,2,1,3
Ame_494,494,GasA,TA,Y,FuseA,0,0,1,1,3
Ame_495,495,GasA,Gd,Y,FuseA,0,0,1,0,2
Ame_496,496,GasA,TA,N,FuseA,0,0,1,0,2
Ame_497,497,GasA,Ex,Y,SBrkr,1,0,3,0,4
Ame_498,498,GasA,Ex,Y,SBrkr,1,0,2,0,4
Ame_499,499,GasA,Ex,Y,SBrkr,0,0,1,0,3
Ame_500,500,GasA,Fa,Y,SBrkr,0,1,1,0,2
Ame_501,501,GasA,TA,Y,SBrkr,0,0,1,1,3
Ame_502,502,GasA,Gd,Y,SBrkr,0,0,2,1,3
Ame_503,503,GasA,Ex,Y,SBrkr,1,0,1,0,2
Ame_504,504,GasA,TA,Y,SBrkr,1,0,2,0,1
Ame_505,505,GasA,TA,Y,SBrkr,0,1,2,1,3
Ame_506,506,GasA,Gd,Y,SBrkr,0,0,2,0,4
Ame_507,507,GasA,Ex,Y,SBrkr,0,0,2,1,3
Ame_508,508,GasA,Ex,Y,SBrkr,0,0,2,0,2
Ame_509,509,GasA,Ex,Y,SBrkr,0,0,2,0,3
Ame_510,510,GasA,Ex,Y,SBrkr,1,0,1,0,3
Ame_511,511,GasA,Ex,Y,SBrkr,1,0,1,0,2
Ame_512,512,GasA,Ex,Y,SBrkr,0,0,2,0,2
Ame_513,513,GasA,TA,Y,SBrkr,1,0,1,0,3
Ame_514,514,GasA,TA,Y,SBrkr,0,0,1,1,3
Ame_515,515,Grav,Fa,N,SBrkr,0,0,1,0,2
Ame_516,516,GasA,Ex,Y,SBrkr,1,0,2,1,3
Ame_517,517,GasA,TA,Y,SBrkr,0,0,2,1,3
Ame_518,518,GasA,Ex,Y,SBrkr,0,0,2,1,3
Ame_519,519,GasA,Ex,Y,SBrkr,1,0,2,1,3
Ame_520,520,GasA,Ex,Y,SBrkr,0,0,1,1,3
Ame_521,521,GasA,TA,N,FuseA,0,0,2,0,3
Ame_522,522,GasA,Ex,Y,FuseA,0,0,1,1,3
Ame_523,523,GasA,Ex,Y,SBrkr,0,0,2,0,3
Ame_524,524,GasA,Ex,Y,SBrkr,1,0,3,1,3
Ame_525,525,GasA,Ex,Y,SBrkr,1,0,2,1,3
Ame_526,526,GasA,Ex,Y,SBrkr,0,0,2,0,3
Ame_527,527,GasA,TA,Y,SBrkr,0,0,1,0,2
Ame_528,528,GasA,Ex,Y,SBrkr,1,0,2,1,3
Ame_529,529,GasA,Ex,Y,SBrkr,1,0,1,0,2
Ame_530,530,GasA,TA,Y,SBrkr,1,0,3,0,4
Ame_531,531,GasA,Ex,Y,SBrkr,1,0,2,0,3
Ame_532,532,GasA,Ex,Y,SBrkr,0,0,2,0,3
Ame_533,533,GasA,Ex,Y,SBrkr,0,0,1,0,2
Ame_534,534,GasA,Fa,N,FuseF,0,0,1,0,1
Ame_535,535,GasA,Ex,Y,SBrkr,0,0,2,1,3
Ame_536,536,GasA,TA,Y,SBrkr,1,0,1,0,3
Ame_537,537,GasA,Ex,Y,SBrkr,0,0,2,1,3
Ame_538,538,GasA,TA,Y,SBrkr,0,0,1,0,3
Ame_539,539,GasA,TA,Y,SBrkr,0,0,1,1,3
Ame_540,540,GasA,Ex,Y,SBrkr,1,0,2,0,3
Ame_541,541,GasA,Ex,Y,SBrkr,1,0,2,0,2
Ame_542,542,GasA,Ex,Y,SBrkr,0,0,2,1,4
Ame_543,543,GasA,Ex,Y,SBrkr,1,0,2,0,3
Ame_544,544,GasA,Ex,Y,SBrkr,1,0,1,0,1
Ame_545,545,GasA,Ex,Y,SBrkr,1,0,2,1,3
Ame_546,546,GasA,Gd,Y,SBrkr,0,0,2,1,4
Ame_547,547,GasA,Ex,Y,FuseA,0,0,1,1,3
Ame_548,548,GasA,Ex,Y,SBrkr,1,0,1,0,2
Ame_549,549,GasA,TA,Y,SBrkr,1,0,1,0,2
Ame_550,550,GasA,Ex,Y,SBrkr,0,0,2,1,4
Ame_551,551,GasA,TA,Y,SBrkr,0,0,2,0,2
Ame_552,552,GasA,Gd,Y,FuseA,0,0,1,0,3
Ame_553,553,GasA,Ex,Y,SBrkr,0,0,2,0,3
Ame_554,554,GasA,Ex,Y,SBrkr,0,0,2,0,2
Ame_555,555,GasA,Ex,Y,SBrkr,1,0,2,1,3
Ame_556,556,GasA,TA,Y,FuseA,0,0,1,0,2
Ame_557,557,GasA,TA,Y,FuseA,1,0,1,0,2
Ame_558,558,GasA,Gd,Y,SBrkr,0,0,1,1,3
Ame_559,559,GasA,Ex,Y,SBrkr,0,1,2,1,3
Ame_560,560,GasA,Ex,Y,SBrkr,0,0,2,0,2
Ame_561,561,GasA,TA,Y,SBrkr,1,0,1,1,3
Ame_562,562,GasA,Gd,Y,SBrkr,1,0,1,0,2
Ame_563,563,GasA,Ex,Y,SBrkr,1,0,1,0,3
Ame_564,564,GasA,Ex,Y,SBrkr,0,0,2,0,4
Ame_565,565,GasA,Ex,Y,SBrkr,1,0,2,1,4
Ame_566,566,GasA,TA,N,FuseF,1,0,1,1,4
Ame_567,567,GasA,Ex,Y,SBrkr,0,0,2,1,4
Ame_568,568,GasA,Ex,Y,SBrkr,0,0,2,0,3
Ame_569,569,GasA,Ex,Y,SBrkr,1,0,1,1,1
Ame_570,570,GasA,TA,Y,SBrkr,1,0,1,0,2
Ame_571,571,GasA,TA,Y,SBrkr,0,0,2,0,6
Ame_572,572,GasA,Ex,Y,SBrkr,1,0,1,0,2
Ame_573,573,GasA,Gd,Y,SBrkr,0,0,2,1,3
Ame_574,574,GasA,Ex,Y,SBrkr,0,0,2,1,3
Ame_575,575,GasA,TA,Y,SBrkr,0,1,1,0,3
Ame_576,576,GasA,TA,Y,SBrkr,0,0,1,0,2
Ame_577,577,GasA,Gd,Y,SBrkr,0,1,2,0,3
Ame_578,578,GasA,Ex,Y,SBrkr,1,0,1,0,3
Ame_579,579,GasA,Ex,Y,SBrkr,0,0,2,0,2
Ame_580,580,GasA,Ex,N,FuseF,0,0,2,0,4
Ame_581,581,GasA,Ex,Y,SBrkr,0,1,1,0,3
Ame_582,582,GasA,Ex,Y,SBrkr,0,0,2,1,3
Ame_583,583,GasA,TA,Y,SBrkr,1,0,1,0,3
Ame_584,584,GasA,Gd,Y,SBrkr,0,0,3,1,3
Ame_585,585,GasA,Ex,Y,SBrkr,0,0,1,0,3
Ame_586,586,GasA,Ex,Y,SBrkr,1,0,2,0,2
Ame_587,587,GasA,Ex,Y,SBrkr,1,0,1,0,2
Ame_588,588,GasA,TA,Y,SBrkr,1,0,1,0,2
Ame_589,589,GasA,Ex,Y,SBrkr,2,0,1,0,1
Ame_590,590,GasA,TA,Y,FuseA,0,0,1,0,2
Ame_591,591,GasA,Ex,Y,SBrkr,0,0,2,1,3
Ame_592,592,GasA,Ex,Y,SBrkr,1,0,2,1,3
Ame_593,593,GasA,Ex,Y,SBrkr,1,0,1,0,2
Ame_594,594,GasA,Ex,Y,SBrkr,1,0,1,0,1
Ame_595,595,GasA,TA,Y,SBrkr,0,0,1,0,3
Ame_596,596,GasA,Ex,Y,SBrkr,1,0,2,0,3
Ame_597,597,GasA,Ex,N,FuseA,0,0,1,0,3
Ame_598,598,GasA,Ex,Y,SBrkr,0,2,0,2,2
Ame_599,599,GasA,Ex,Y,SBrkr,1,0,2,0,3
Ame_600,600,GasA,TA,Y,SBrkr,1,0,2,1,3
Ame_601,601,GasA,Ex,Y,SBrkr,1,0,2,1,3
Ame_602,602,GasA,TA,Y,SBrkr,0,0,1,1,3
Ame_603,603,GasA,Ex,Y,SBrkr,1,0,2,1,3
Ame_604,604,GasA,Ex,Y,SBrkr,0,0,2,1,2
Ame_605,605,GasA,Ex,Y,SBrkr,1,0,2,0,3
Ame_606,606,GasA,TA,Y,SBrkr,0,0,2,1,3
Ame_607,607,GasA,Gd,Y,SBrkr,1,0,1,0,3
Ame_608,608,GasA,Ex,Y,SBrkr,1,0,3,0,3
Ame_609,609,GasA,TA,Y,SBrkr,0,0,2,1,4
Ame_610,610,GasA,Gd,Y,SBrkr,1,0,1,0,3
Ame_611,611,GasA,Ex,Y,SBrkr,1,0,2,1,3
Ame_612,612,GasA,TA,Y,SBrkr,0,1,2,0,3
Ame_613,613,GasA,Ex,Y,SBrkr,1,0,2,1,3
Ame_614,614,GasA,Ex,Y,SBrkr,0,0,1,0,3
Ame_615,615,GasA,Ex,Y,SBrkr,1,0,1,0,1
Ame_616,616,GasA,Ex,Y,SBrkr,1,0,1,0,3
Ame_617,617,GasA,Ex,Y,SBrkr,1,0,2,1,3
Ame_618,618,GasA,Gd,Y,SBrkr,0,0,1,0,2
Ame_619,619,GasA,Ex,Y,SBrkr,0,0,2,0,3
Ame_620,620,GasA,Ex,Y,SBrkr,1,0,2,1,4
Ame_621,621,GasA,TA,N,FuseF,1,0,1,0,2
Ame_622,622,GasA,TA,Y,SBrkr,0,0,2,1,4
Ame_623,623,GasA,TA,Y,SBrkr,0,0,1,0,3
Ame_624,624,GasA,Ex,Y,SBrkr,0,0,2,1,2
Ame_625,625,GasA,Gd,Y,SBrkr,1,0,1,2,4
Ame_626,626,GasA,TA,Y,SBrkr,0,0,1,1,3
Ame_627,627,GasA,TA,Y,SBrkr,0,0,1,0,3
Ame_628,628,GasA,Ex,Y,SBrkr,1,0,1,0,3
Ame_629,629,GasA,TA,Y,SBrkr,0,1,1,2,5
Ame_630,630,GasA,TA,Y,SBrkr,1,0,1,1,3
Ame_631,631,GasA,TA,Y,FuseA,0,0,1,0,3
Ame_632,632,GasA,Ex,Y,SBrkr,0,0,2,0,2
Ame_633,633,GasA,TA,Y,SBrkr,0,0,2,0,3
Ame_634,634,GasA,TA,Y,SBrkr,0,1,1,0,3
Ame_635,635,GasA,Gd,Y,SBrkr,2,0,0,0,0
Ame_636,636,GasA,Ex,Y,FuseA,0,0,2,0,8
Ame_637,637,Grav,Fa,N,FuseA,0,0,1,0,1
Ame_638,638,GasA,TA,Y,FuseA,0,0,2,0,3
Ame_639,639,GasA,Gd,Y,FuseA,0,0,1,0,2
Ame_640,640,GasA,Ex,Y,SBrkr,1,0,2,0,1
Ame_641,641,GasA,Ex,Y,SBrkr,0,0,1,1,1
Ame_642,642,GasA,Ex,Y,SBrkr,1,0,2,1,3
Ame_643,643,GasA,Gd,Y,SBrkr,1,0,2,1,4
Ame_644,644,GasA,Ex,Y,SBrkr,0,0,2,1,4
Ame_645,645,GasA,Ex,Y,SBrkr,1,0,2,1,2
Ame_646,646,GasA,TA,Y,SBrkr,1,0,1,1,3
Ame_647,647,GasA,Gd,Y,SBrkr,0,0,1,0,3
Ame_648,648,GasA,Ex,Y,SBrkr,0,0,1,0,3
Ame_649,649,GasA,TA,Y,SBrkr,0,0,1,1,4
Ame_650,650,GasA,Gd,Y,SBrkr,1,0,1,0,1
Ame_651,651,GasA,Ex,Y,SBrkr,0,0,2,1,3
Ame_652,652,GasA,TA,Y,SBrkr,1,0,1,0,4
Ame_653,653,GasA,Ex,Y,SBrkr,0,0,2,1,2
Ame_654,654,GasA,Ex,Y,SBrkr,0,0,1,0,3
Ame_655,655,GasA,Ex,Y,SBrkr,1,0,2,1,2
Ame_656,656,GasA,TA,Y,SBrkr,0,0,1,1,3
Ame_657,657,GasA,Ex,Y,SBrkr,1,0,1,1,3
Ame_658,658,GasA,TA,Y,SBrkr,0,0,1,1,3
Ame_659,659,GasA,TA,Y,SBrkr,0,1,1,0,3
Ame_660,660,GasA,Ex,Y,SBrkr,1,0,1,0,3
Ame_661,661,GasA,TA,Y,SBrkr,0,0,2,1,3
Ame_662,662,GasA,Ex,Y,SBrkr,1,0,2,1,4
Ame_663,663,GasA,Gd,Y,SBrkr,1,0,1,0,2
Ame_664,664,GasA,TA,Y,SBrkr,1,0,2,0,3
Ame_665,665,GasA,Ex,Y,SBrkr,1,0,1,1,1
Ame_666,666,GasA,Ex,Y,SBrkr,0,0,2,1,3
Ame_667,667,GasA,TA,Y,SBrkr,0,0,2,1,3
Ame_668,668,GasA,Ex,Y,SBrkr,1,0,2,0,3
Ame_669,669,GasA,Gd,Y,SBrkr,1,0,1,1,3
Ame_670,670,GasA,Ex,Y,SBrkr,0,0,1,0,2
Ame_671,671,GasA,Ex,Y,SBrkr,1,0,2,1,3
Ame_672,672,GasA,TA,N,SBrkr,1,0,2,0,3
Ame_673,673,GasA,TA,Y,SBrkr,1,0,1,1,3
Ame_674,674,GasA,Ex,Y,SBrkr,1,0,2,0,3
Ame_675,675,GasA,TA,Y,SBrkr,1,0,1,0,3
Ame_676,676,GasA,TA,Y,SBrkr,0,0,2,1,3
Ame_677,677,GasW,Fa,N,SBrkr,1,0,2,0,4
Ame_678,678,GasA,Ex,Y,SBrkr,0,0,1,0,2
Ame_679,679,GasA,Ex,Y,SBrkr,0,0,2,1,3
Ame_680,680,GasA,TA,Y,SBrkr,1,0,1,0,3
Ame_681,681,GasA,TA,Y,SBrkr,0,0,2,0,2
Ame_682,682,GasA,Ex,Y,SBrkr,0,0,1,0,3
Ame_683,683,GasA,Ex,Y,SBrkr,1,0,1,0,2
Ame_684,684,GasA,Ex,Y,SBrkr,1,0,2,0,3
Ame_685,685,GasA,Gd,Y,SBrkr,0,0,2,1,4
Ame_686,686,GasA,Gd,Y,SBrkr,1,0,2,0,3
Ame_687,687,GasA,Ex,Y,SBrkr,0,0,3,0,3
Ame_688,688,GasA,Ex,Y,SBrkr,0,0,2,1,2
Ame_689,689,GasA,Ex,Y,SBrkr,1,0,2,0,2
Ame_690,690,GasA,Ex,Y,SBrkr,0,0,2,0,2
Ame_691,691,GasA,Ex,Y,SBrkr,1,0,1,0,1
Ame_692,692,GasA,Ex,Y,SBrkr,0,1,3,1,4
Ame_693,693,GasA,Ex,Y,SBrkr,1,0,2,1,4
Ame_694,694,GasA,Ex,Y,SBrkr,0,0,1,0,2
Ame_695,695,GasA,TA,Y,SBrkr,0,0,1,1,3
Ame_696,696,GasA,Gd,Y,SBrkr,1,0,2,0,2
Ame_697,697,GasA,Gd,Y,SBrkr,0,0,1,0,2
Ame_698,698,GasA,Fa,Y,FuseA,0,1,1,0,2
Ame_699,699,GasA,Ex,Y,SBrkr,1,0,1,0,3
Ame_700,700,GasA,Ex,Y,SBrkr,0,0,2,0,2
Ame_701,701,GasA,Ex,Y,SBrkr,1,0,2,0,3
Ame_702,702,GasA,TA,Y,SBrkr,0,0,1,1,3
Ame_703,703,GasA,Ex,Y,SBrkr,0,0,2,1,4
Ame_704,704,GasA,Gd,Y,SBrkr,0,0,2,0,4
Ame_705,705,GasA,Ex,Y,SBrkr,1,0,2,0,3
Ame_706,706,GasA,Fa,N,SBrkr,0,0,2,0,3
Ame_707,707,GasA,TA,Y,SBrkr,1,0,2,0,2
Ame_708,708,GasA,Ex,Y,SBrkr,1,0,2,0,2
Ame_709,709,GasA,Ex,Y,SBrkr,0,0,2,1,3
Ame_710,710,GasA,TA,Y,SBrkr,0,0,1,0,3
Ame_711,711,GasA,Gd,Y,SBrkr,0,0,1,0,2
Ame_712,712,GasA,Gd,Y,SBrkr,0,0,1,0,2
Ame_713,713,GasA,Gd,Y,SBrkr,1,0,2,0,2
Ame_714,714,GasW,TA,N,SBrkr,1,0,1,0,3
Ame_715,715,GasA,Ex,Y,SBrkr,0,0,2,1,3
Ame_716,716,GasA,TA,Y,SBrkr,0,0,2,0,3
Ame_717,717,GasA,Ex,Y,SBrkr,0,0,1,1,3
Ame_718,718,GasA,Gd,Y,SBrkr,0,1,1,1,3
Ame_719,719,GasA,Ex,Y,SBrkr,1,0,2,1,3
Ame_720,720,GasA,TA,Y,SBrkr,0,0,1,1,3
Ame_721,721,GasA,TA,Y,SBrkr,1,0,2,0,2
Ame_722,722,GasA,Ex,Y,SBrkr,1,0,1,0,1
Ame_723,723,GasA,Ex,Y,SBrkr,0,0,1,0,3
Ame_724,724,GasA,Ex,Y,SBrkr,0,0,2,0,4
Ame_725,725,GasA,Ex,Y,SBrkr,1,0,2,0,3
Ame_726,726,GasA,TA,Y,SBrkr,0,0,1,0,3
Ame_727,727,GasA,Ex,Y,SBrkr,1,0,2,0,3
Ame_728,728,GasA,Ex,Y,SBrkr,1,0,2,0,2
Ame_729,729,GasA,TA,Y,SBrkr,1,0,2,0,4
Ame_730,730,GasA,TA,Y,FuseA,0,0,1,0,2
Ame_731,731,GasA,Ex,Y,SBrkr,1,0,2,0,2
Ame_732,732,GasA,Ex,Y,SBrkr,1,0,2,0,3
Ame_733,733,GasA,Ex,Y,SBrkr,0,0,2,1,3
Ame_734,734,GasA,Ex,Y,SBrkr,1,0,1,0,3
Ame_735,735,GasA,TA,Y,SBrkr,0,0,1,0,3
Ame_736,736,GasW,Fa,N,SBrkr,0,0,1,1,2
Ame_737,737,GasA,Gd,N,FuseF,0,0,2,0,2
Ame_738,738,GasA,Ex,Y,SBrkr,0,0,2,1,3
Ame_739,739,GasA,TA,Y,SBrkr,3,0,3,0,3
Ame_740,740,GasA,Ex,Y,SBrkr,0,0,2,1,3
Ame_741,741,GasA,Ex,Y,SBrkr,0,0,2,0,2
Ame_742,742,GasA,Gd,Y,SBrkr,1,1,1,0,3
Ame_743,743,GasA,Ex,Y,SBrkr,0,0,2,0,3
Ame_744,744,GasA,Ex,Y,SBrkr,0,1,2,0,3
Ame_745,745,GasA,Gd,Y,SBrkr,1,0,2,0,2
Ame_746,746,GasA,Ex,Y,SBrkr,0,1,3,1,4
Ame_747,747,GasA,Ex,Y,SBrkr,0,0,2,1,4
Ame_748,748,GasW,TA,N,SBrkr,0,0,1,1,4
Ame_749,749,GasA,Ex,Y,SBrkr,1,0,2,0,3
Ame_750,750,Wall,TA,N,FuseF,0,0,2,0,4
Ame_751,751,GasA,Gd,Y,SBrkr,0,0,1,0,3
Ame_752,752,GasA,Ex,Y,SBrkr,0,0,2,1,3
Ame_753,753,GasA,Ex,Y,SBrkr,1,0,2,0,3
Ame_754,754,GasA,Gd,Y,SBrkr,0,0,2,1,3
Ame_755,755,GasA,Gd,Y,SBrkr,1,0,1,0,3
Ame_756,756,GasA,Gd,Y,SBrkr,0,0,2,1,3
Ame_757,757,GasA,Ex,Y,SBrkr,0,0,2,1,3
Ame_758,758,GasA,TA,Y,SBrkr,0,0,2,1,3
Ame_759,759,GasA,Gd,Y,SBrkr,0,0,2,1,3
Ame_760,760,GasA,Ex,Y,SBrkr,0,0,2,1,4
Ame_761,761,GasA,Ex,Y,SBrkr,0,0,1,0,2
Ame_762,762,GasA,TA,Y,SBrkr,0,0,1,0,2
Ame_763,763,GasA,Ex,Y,SBrkr,0,0,2,1,3
Ame_764,764,GasA,Ex,Y,SBrkr,1,0,2,1,3
Ame_765,765,GasA,Ex,Y,SBrkr,1,0,1,1,2
Ame_766,766,GasA,Ex,Y,SBrkr,0,0,2,0,2
Ame_767,767,GasA,TA,Y,SBrkr,0,0,2,1,3
Ame_768,768,GasA,Ex,Y,SBrkr,1,0,2,0,4
Ame_769,769,GasA,Ex,Y,SBrkr,0,0,2,0,3
Ame_770,770,GasA,Ex,Y,SBrkr,1,0,3,1,4
Ame_771,771,GasA,TA,Y,SBrkr,1,0,1,0,2
Ame_772,772,GasA,TA,Y,FuseF,0,0,1,0,2
Ame_773,773,GasA,TA,Y,SBrkr,1,0,1,0,3
Ame_774,774,GasA,Ex,Y,FuseA,0,0,1,0,2
Ame_775,775,GasA,Gd,Y,SBrkr,0,0,2,0,3
Ame_776,776,GasA,Ex,Y,SBrkr,1,0,2,0,2
Ame_777,777,GasA,Ex,Y,SBrkr,0,0,2,0,3
Ame_778,778,GasA,TA,Y,SBrkr,1,0,1,0,3
Ame_779,779,GasA,TA,Y,SBrkr,0,0,2,0,4
Ame_780,780,GasA,TA,Y,SBrkr,1,0,1,0,2
Ame_781,781,GasA,Gd,Y,SBrkr,0,0,2,0,3
Ame_782,782,GasA,Ex,Y,SBrkr,0,0,2,1,3
Ame_783,783,GasA,Ex,Y,SBrkr,0,0,2,0,3
Ame_784,784,GasA,Ex,Y,SBrkr,1,0,1,0,1
Ame_785,785,GasA,Ex,Y,SBrkr,0,0,2,0,3
Ame_786,786,GasA,TA,Y,SBrkr,0,0,2,0,3
Ame_787,787,GasA,TA,Y,SBrkr,1,0,2,0,4
Ame_788,788,GasA,Ex,Y,SBrkr,1,0,2,1,4
Ame_789,789,GasA,Ex,Y,SBrkr,0,0,1,0,2
Ame_790,790,GasA,Gd,Y,SBrkr,0,0,2,1,5
Ame_791,791,GasA,Ex,Y,SBrkr,0,0,2,0,2
Ame_792,792,GasA,TA,Y,SBrkr,1,0,1,0,3
Ame_793,793,GasA,Ex,Y,SBrkr,1,0,2,1,3
Ame_794,794,GasA,Ex,Y,SBrkr,0,0,2,0,3
Ame_795,795,GasA,Ex,Y,SBrkr,0,0,2,1,3
Ame_796,796,GasA,TA,Y,SBrkr,0,0,2,1,3
Ame_797,797,GasA,Ex,Y,SBrkr,0,0,1,1,3
Ame_798,798,GasA,Gd,Y,SBrkr,0,0,1,0,2
Ame_799,799,GasA,Ex,Y,SBrkr,0,0,3,1,4
Ame_800,800,GasA,Ex,Y,SBrkr,1,0,1,1,3
Ame_801,801,GasA,Gd,Y,SBrkr,1,0,2,1,4
Ame_802,802,GasA,Ex,Y,FuseA,1,0,1,0,2
Ame_803,803,GasA,Ex,Y,SBrkr,1,0,2,1,3
Ame_804,804,GasA,Ex,Y,SBrkr,0,0,3,1,4
Ame_805,805,GasA,TA,Y,SBrkr,0,0,1,0,2
Ame_806,806,GasA,Ex,Y,SBrkr,0,0,2,0,3
Ame_807,807,GasA,Gd,Y,SBrkr,0,0,2,0,3
Ame_808,808,GasA,Ex,Y,SBrkr,2,0,1,1,3
Ame_809,809,GasA,TA,Y,SBrkr,1,0,1,0,3
Ame_810,810,GasA,TA,N,FuseA,0,0,2,0,2
Ame_811,811,GasA,Fa,Y,SBrkr,1,0,1,1,3
Ame_812,812,GasA,Ex,Y,SBrkr,1,0,1,0,1
Ame_813,813,GasA,TA,N,FuseA,0,0,1,0,2
Ame_814,814,GasA,Gd,Y,SBrkr,0,0,1,1,4
Ame_815,815,GasW,Gd,Y,SBrkr,0,1,1,1,3
Ame_816,816,GasA,Ex,Y,SBrkr,0,0,2,0,3
Ame_817,817,GasA,Gd,Y,SBrkr,0,0,1,0,2
Ame_818,818,GasA,Ex,Y,SBrkr,1,0,2,0,3
Ame_819,819,GasA,Gd,Y,SBrkr,1,0,1,0,3
Ame_820,820,GasA,Ex,Y,SBrkr,1,0,2,0,2
Ame_821,821,GasA,Ex,Y,SBrkr,0,0,2,1,3
Ame_822,822,GasA,TA,N,SBrkr,0,0,1,0,2
Ame_823,823,GasA,Ex,Y,SBrkr,0,0,2,1,3
Ame_824,824,GasA,TA,Y,SBrkr,0,0,2,0,3
Ame_825,825,GasA,Ex,Y,SBrkr,0,0,2,0,3
Ame_826,826,GasA,Ex,Y,SBrkr,1,0,2,0,2
Ame_827,827,GasA,Gd,Y,SBrkr,1,0,1,0,2
Ame_828,828,GasA,Ex,Y,SBrkr,0,0,2,0,3
Ame_829,829,GasA,TA,Y,SBrkr,0,1,2,1,3
Ame_830,830,GasA,Ex,Y,SBrkr,0,0,2,1,2
Ame_831,831,GasA,TA,Y,FuseA,1,0,1,1,3
Ame_832,832,GasA,Ex,Y,SBrkr,0,0,2,1,2
Ame_833,833,GasA,Ex,Y,SBrkr,1,0,2,1,3
Ame_834,834,GasA,TA,Y,SBrkr,0,0,1,1,3
Ame_835,835,GasA,Gd,Y,SBrkr,1,0,1,0,3
Ame_836,836,GasA,TA,Y,SBrkr,0,0,2,0,2
Ame_837,837,GasA,Gd,Y,SBrkr,1,0,1,0,2
Ame_838,838,GasA,TA,Y,SBrkr,1,0,1,1,2
Ame_839,839,GasA,Ex,Y,SBrkr,0,0,1,1,3
Ame_840,840,GasA,Ex,Y,SBrkr,0,0,1,0,3
Ame_841,841,GasA,TA,N,SBrkr,0,0,2,0,4
Ame_842,842,GasA,Gd,Y,SBrkr,0,0,2,0,3
Ame_843,843,GasA,TA,Y,SBrkr,1,0,1,1,3
Ame_844,844,GasA,Ex,N,SBrkr,0,0,2,0,6
Ame_845,845,GasA,Gd,Y,SBrkr,0,0,1,1,4
Ame_846,846,GasA,TA,Y,SBrkr,1,0,2,0,3
Ame_847,847,GasA,Ex,Y,SBrkr,1,0,2,1,3
Ame_848,848,GasA,Ex,Y,SBrkr,1,0,1,0,3
Ame_849,849,GasA,TA,Y,SBrkr,0,0,3,0,5
Ame_850,850,GasA,Ex,Y,SBrkr,0,0,2,1,3
Ame_851,851,GasA,Ex,Y,SBrkr,1,0,1,0,1
Ame_852,852,GasA,Ex,Y,SBrkr,0,0,2,0,2
Ame_853,853,GasA,Gd,Y,SBrkr,0,0,2,0,4
Ame_854,854,GasA,TA,Y,SBrkr,0,0,1,1,3
Ame_855,855,GasA,TA,Y,SBrkr,1,0,1,1,3
Ame_856,856,GasA,Ex,Y,SBrkr,1,0,1,1,3
Ame_857,857,GasA,TA,Y,SBrkr,1,0,1,0,3
Ame_858,858,GasA,Gd,Y,SBrkr,0,0,2,1,3
Ame_859,859,GasA,TA,Y,SBrkr,0,0,2,0,3
Ame_860,860,GasA,TA,Y,SBrkr,1,0,2,1,4
Ame_861,861,GasA,Gd,Y,SBrkr,0,0,1,1,3
Ame_862,862,GasA,Ex,Y,SBrkr,1,0,1,1,3
Ame_863,863,GasA,TA,Y,SBrkr,0,0,2,0,3
Ame_864,864,GasA,TA,Y,SBrkr,1,0,1,0,3
Ame_865,865,GasA,Ex,Y,SBrkr,0,0,2,0,3
Ame_866,866,GasA,TA,Y,SBrkr,1,0,1,0,3
Ame_867,867,GasA,Ex,Y,SBrkr,0,0,2,0,3
Ame_868,868,GasA,TA,Y,SBrkr,1,0,1,1,3
Ame_869,869,GasA,Gd,Y,SBrkr,0,0,2,0,2
Ame_870,870,GasA,Ex,Y,SBrkr,1,0,2,1,3
Ame_871,871,GasA,Gd,N,SBrkr,0,0,1,0,2
Ame_872,872,GasA,Ex,Y,SBrkr,0,0,2,1,3
Ame_873,873,GasA,Gd,Y,SBrkr,0,0,1,0,3
Ame_874,874,GasA,Gd,Y,SBrkr,0,0,1,0,3
Ame_875,875,GasA,Ex,Y,SBrkr,0,0,1,1,3
Ame_876,876,GasA,Ex,Y,SBrkr,0,0,2,1,4
Ame_877,877,GasA,Gd,Y,SBrkr,1,0,1,0,3
Ame_878,878,GasA,Ex,Y,SBrkr,1,0,2,1,4
Ame_879,879,GasA,TA,Y,SBrkr,1,0,1,0,3
Ame_880,880,GasA,Ex,Y,SBrkr,1,0,1,0,3
Ame_881,881,GasA,Gd,Y,SBrkr,1,0,1,1,2
Ame_882,882,GasA,Ex,Y,SBrkr,0,0,2,1,3
Ame_883,883,GasA,Gd,Y,SBrkr,0,0,2,1,3
Ame_884,884,GasA,TA,N,SBrkr,1,0,1,0,5
Ame_885,885,GasA,TA,Y,SBrkr,0,0,1,0,3
Ame_886,886,GasA,Ex,Y,SBrkr,1,0,2,0,2
Ame_887,887,GasA,Ex,Y,SBrkr,0,0,2,0,4
Ame_888,888,GasA,TA,Y,SBrkr,0,0,1,1,3
Ame_889,889,GasA,Ex,Y,SBrkr,1,0,2,0,4
Ame_890,890,GasA,Ex,Y,SBrkr,1,0,1,0,2
Ame_891,891,GasA,Ex,Y,SBrkr,0,0,1,0,3
Ame_892,892,GasA,Gd,Y,SBrkr,0,0,2,1,3
Ame_893,893,GasA,TA,Y,SBrkr,0,1,1,0,3
Ame_894,894,GasA,TA,Y,SBrkr,1,0,1,0,3
Ame_895,895,GasA,TA,Y,SBrkr,0,0,2,0,4
Ame_896,896,GasA,TA,Y,SBrkr,1,0,1,1,4
Ame_897,897,GasA,Ex,N,SBrkr,0,0,1,0,2
Ame_898,898,GasA,TA,Y,SBrkr,0,0,2,0,6
Ame_899,899,GasA,Ex,Y,SBrkr,1,0,2,1,2
Ame_900,900,GasA,TA,Y,SBrkr,0,0,1,0,3
Ame_901,901,GasA,TA,Y,SBrkr,0,0,1,0,2
Ame_902,902,GasA,TA,Y,SBrkr,1,0,1,0,2
Ame_903,903,GasA,Ex,Y,SBrkr,0,0,2,1,3
Ame_904,904,GasA,Ex,Y,SBrkr,0,0,2,0,3
Ame_905,905,GasA,TA,Y,SBrkr,0,0,1,0,3
Ame_906,906,GasA,TA,Y,SBrkr,1,0,1,0,3
Ame_907,907,GasA,Ex,Y,SBrkr,1,0,2,0,3
Ame_908,908,GasA,Gd,Y,SBrkr,0,0,1,1,3
Ame_909,909,GasA,TA,Y,SBrkr,1,0,1,0,2
Ame_910,910,GasA,Ex,Y,SBrkr,0,0,2,1,3
Ame_911,911,GasA,TA,Y,FuseA,0,0,2,0,5
Ame_912,912,GasA,TA,Y,SBrkr,0,0,1,1,3
Ame_913,913,GasA,TA,N,SBrkr,0,0,1,0,3
Ame_914,914,GasA,TA,N,FuseA,0,0,2,0,4
Ame_915,915,GasA,Ex,Y,SBrkr,0,0,2,1,2
Ame_916,916,GasA,Fa,Y,SBrkr,0,0,1,1,3
Ame_917,917,GasA,TA,N,FuseA,1,0,0,0,1
Ame_918,918,GasA,Ex,Y,FuseA,0,0,1,0,3
Ame_919,919,GasA,Ex,Y,SBrkr,1,0,2,1,4
Ame_920,920,GasA,Ex,Y,SBrkr,1,0,1,0,3
Ame_921,921,GasA,Ex,Y,SBrkr,0,1,2,1,3
Ame_922,922,GasA,Gd,Y,SBrkr,2,0,2,2,4
Ame_923,923,GasA,Ex,Y,SBrkr,0,0,2,0,3
Ame_924,924,GasA,Ex,Y,SBrkr,1,0,2,0,2
Ame_925,925,GasA,TA,Y,SBrkr,1,0,2,0,3
Ame_926,926,GasA,TA,Y,SBrkr,0,1,2,0,3
Ame_927,927,GasA,Ex,Y,SBrkr,0,0,2,1,4
Ame_928,928,GasA,Gd,Y,SBrkr,0,0,2,1,4
Ame_929,929,GasA,Ex,Y,SBrkr,0,0,2,0,3
Ame_930,930,GasA,Gd,Y,SBrkr,0,0,2,1,4
Ame_931,931,GasA,Ex,Y,SBrkr,0,0,2,0,3
Ame_932,932,GasA,Ex,Y,SBrkr,0,1,1,0,2
Ame_933,933,GasA,Ex,Y,SBrkr,0,0,2,0,3
Ame_934,934,GasA,Ex,Y,SBrkr,0,0,2,0,3
Ame_935,935,GasA,Ex,Y,SBrkr,1,0,2,0,4
Ame_936,936,GasA,Gd,Y,SBrkr,0,0,1,0,1
Ame_937,937,GasA,Ex,Y,SBrkr,1,0,2,0,2
Ame_938,938,GasA,Ex,Y,SBrkr,0,0,2,1,3
Ame_939,939,GasA,Ex,Y,SBrkr,0,0,2,1,3
Ame_940,940,GasA,Ex,Y,SBrkr,0,0,2,0,4
Ame_941,941,GasA,TA,Y,SBrkr,0,0,2,0,4
Ame_942,942,GasA,Ex,Y,SBrkr,1,0,2,1,3
Ame_943,943,GasA,TA,Y,SBrkr,2,0,2,0,4
Ame_944,944,GasA,TA,Y,SBrkr,0,0,2,0,4
Ame_945,945,GasA,Gd,Y,FuseA,0,1,1,0,3
Ame_946,946,GasA,TA,Y,SBrkr,0,0,1,0,2
Ame_947,947,GasA,TA,Y,SBrkr,1,0,1,0,3
Ame_948,948,GasA,Ex,Y,SBrkr,1,0,2,0,3
Ame_949,949,GasA,Ex,Y,SBrkr,0,0,2,1,3
Ame_950,950,GasA,TA,Y,SBrkr,1,0,1,1,3
Ame_951,951,GasA,Gd,Y,SBrkr,1,0,1,0,3
Ame_952,952,GasA,Gd,Y,SBrkr,1,0,1,0,3
Ame_953,953,GasA,Gd,Y,SBrkr,0,1,1,0,2
Ame_954,954,GasA,Ex,Y,SBrkr,0,1,2,1,4
Ame_955,955,GasA,TA,Y,SBrkr,0,2,2,0,4
Ame_956,956,GasA,TA,N,FuseF,0,0,2,0,4
Ame_957,957,GasA,TA,Y,SBrkr,0,0,1,1,2
Ame_958,958,GasA,TA,Y,SBrkr,0,0,1,0,3
Ame_959,959,GasA,Ex,Y,SBrkr,1,0,2,0,3
Ame_960,960,GasA,Ex,Y,SBrkr,1,0,2,1,3
Ame_961,961,GasA,Gd,Y,SBrkr,1,0,1,0,2
Ame_962,962,GasA,TA,Y,SBrkr,1,0,2,1,4
Ame_963,963,GasA,TA,Y,SBrkr,1,0,2,1,3
Ame_964,964,GasA,Ex,Y,SBrkr,0,0,2,0,2
Ame_965,965,GasA,Ex,Y,SBrkr,1,0,2,1,4
Ame_966,966,GasA,Ex,Y,SBrkr,0,0,2,1,3
Ame_967,967,GasA,Ex,Y,SBrkr,1,0,1,1,2
Ame_968,968,GasA,TA,Y,SBrkr,1,0,1,0,3
Ame_969,969,Grav,Fa,N,SBrkr,0,0,1,0,2
Ame_970,970,GasA,TA,Y,SBrkr,1,0,1,0,2
Ame_971,971,GasA,TA,N,FuseA,0,0,1,1,4
Ame_972,972,GasA,Ex,Y,SBrkr,0,0,2,0,2
Ame_973,973,GasA,TA,Y,SBrkr,0,0,2,0,2
Ame_974,974,GasA,Ex,Y,SBrkr,0,0,2,0,3
Ame_975,975,GasA,TA,N,SBrkr,0,0,1,0,3
Ame_976,976,GasA,Ex,Y,SBrkr,1,0,2,1,3
Ame_977,977,GasA,TA,Y,FuseA,0,0,1,0,2
Ame_978,978,GasA,Ex,Y,SBrkr,1,0,1,1,1
Ame_979,979,GasA,Ex,Y,SBrkr,0,0,1,0,3
Ame_980,980,GasA,TA,Y,SBrkr,1,0,1,0,3
Ame_981,981,GasA,Gd,Y,SBrkr,1,0,1,0,3
Ame_982,982,GasA,Ex,Y,SBrkr,1,0,2,1,4
Ame_983,983,GasA,Ex,Y,SBrkr,0,0,2,0,2
Ame_984,984,GasA,Ex,Y,SBrkr,0,0,2,1,4
Ame_985,985,GasA,TA,Y,SBrkr,0,0,2,0,4
Ame_986,986,GasW,TA,N,SBrkr,1,0,1,0,3
Ame_987,987,GasA,Gd,Y,SBrkr,0,0,1,0,2
Ame_988,988,GasA,Ex,Y,SBrkr,1,0,2,1,3
Ame_989,989,GasA,TA,Y,SBrkr,0,0,2,1,4
Ame_990,990,GasA,Ex,Y,SBrkr,0,0,2,1,3
Ame_991,991,GasA,Ex,Y,SBrkr,1,0,2,1,3
Ame_992,992,GasA,Gd,Y,SBrkr,0,0,1,1,4
Ame_993,993,GasA,Gd,Y,SBrkr,0,0,2,1,3
Ame_994,994,GasA,Ex,Y,SBrkr,0,0,2,1,3
Ame_995,995,GasA,Ex,Y,SBrkr,1,0,2,0,3
Ame_996,996,GasA,TA,Y,SBrkr,1,0,1,1,3
Ame_997,997,GasA,TA,Y,SBrkr,1,0,1,0,3
Ame_998,998,GasA,TA,Y,SBrkr,0,0,2,0,2
Ame_999,999,GasA,Fa,N,SBrkr,0,0,1,0,3
Ame_1000,1000,GasA,Ex,Y,SBrkr,1,0,2,0,2
Ame_1001,1001,GasW,Fa,N,FuseF,0,0,1,0,2
Ame_1002,1002,GasA,Ex,Y,FuseA,0,0,1,0,2
Ame_1003,1003,GasA,Ex,Y,SBrkr,0,0,2,0,3
Ame_1004,1004,GasA,Fa,Y,SBrkr,0,0,2,0,4
Ame_1005,1005,GasA,Ex,Y,SBrkr,0,0,2,0,1
Ame_1006,1006,GasA,TA,Y,SBrkr,0,0,2,0,3
Ame_1007,1007,GasA,Gd,Y,SBrkr,0,1,2,0,3
Ame_1008,1008,GasA,TA,Y,SBrkr,0,0,1,1,3
Ame_1009,1009,GasA,Ex,Y,SBrkr,0,0,2,0,3
Ame_1010,1010,GasA,Ex,Y,SBrkr,0,0,2,0,4
Ame_1011,1011,GasA,TA,Y,SBrkr,0,0,2,0,4
Ame_1012,1012,GasA,TA,N,SBrkr,0,0,2,0,4
Ame_1013,1013,GasA,TA,Y,SBrkr,0,0,1,1,3
Ame_1014,1014,GasW,TA,N,SBrkr,1,0,1,0,2
Ame_1015,1015,GasA,TA,Y,SBrkr,0,0,1,0,2
Ame_1016,1016,GasA,Ex,Y,SBrkr,1,0,2,1,3
Ame_1017,1017,GasA,Ex,Y,SBrkr,1,0,2,0,3
Ame_1018,1018,GasA,Gd,Y,SBrkr,1,0,1,0,1
Ame_1019,1019,GasA,Gd,Y,SBrkr,0,0,2,1,3
Ame_1020,1020,GasA,Ex,Y,SBrkr,0,0,2,0,2
Ame_1021,1021,GasA,Ex,Y,SBrkr,1,0,1,1,2
Ame_1022,1022,GasA,Ex,Y,SBrkr,1,0,2,0,2
Ame_1023,1023,GasA,Gd,Y,FuseA,0,0,1,0,2
Ame_1024,1024,GasA,Ex,Y,SBrkr,0,0,2,0,2
Ame_1025,1025,GasA,TA,Y,SBrkr,1,0,2,0,2
Ame_1026,1026,GasA,TA,Y,SBrkr,1,0,1,0,3
Ame_1027,1027,GasA,TA,Y,SBrkr,1,0,1,0,3
Ame_1028,1028,GasA,Ex,Y,SBrkr,1,0,2,0,3
Ame_1029,1029,GasA,TA,Y,SBrkr,1,0,1,0,3
Ame_1030,1030,GasA,Gd,Y,SBrkr,0,1,1,1,3
Ame_1031,1031,GasA,Gd,Y,SBrkr,0,0,2,0,5
Ame_1032,1032,GasA,Ex,Y,SBrkr,1,0,2,1,5
Ame_1033,1033,GasA,Ex,Y,SBrkr,1,0,2,1,5
Ame_1034,1034,GasA,Ex,Y,SBrkr,1,0,2,0,3
Ame_1035,1035,GasA,Ex,Y,SBrkr,0,0,1,0,2
Ame_1036,1036,GasA,Ex,N,SBrkr,0,0,1,0,3
Ame_1037,1037,GasA,Ex,Y,SBrkr,1,0,2,0,2
Ame_1038,1038,GasA,Ex,Y,SBrkr,0,0,2,1,3
Ame_1039,1039,GasA,TA,Y,SBrkr,0,0,1,1,3
Ame_1040,1040,GasA,TA,Y,SBrkr,1,0,1,0,1
Ame_1041,1041,GasA,Ex,Y,SBrkr,1,0,2,0,3
Ame_1042,1042,GasA,Gd,Y,SBrkr,0,1,1,1,4
Ame_1043,1043,GasA,Ex,Y,SBrkr,1,0,2,0,1
Ame_1044,1044,GasA,Ex,Y,SBrkr,1,0,2,1,4
Ame_1045,1045,GasA,TA,Y,SBrkr,1,0,2,1,4
Ame_1046,1046,GasA,Ex,Y,FuseA,0,0,2,0,4
Ame_1047,1047,GasA,Ex,Y,SBrkr,0,0,3,1,4
Ame_1048,1048,GasA,Ex,Y,SBrkr,0,1,1,0,3
Ame_1049,1049,GasA,TA,Y,SBrkr,0,0,1,0,3
Ame_1050,1050,GasA,Ex,Y,SBrkr,0,0,1,0,2
Ame_1051,1051,GasA,Ex,Y,SBrkr,0,0,2,0,3
Ame_1052,1052,GasA,Ex,Y,SBrkr,0,0,2,0,3
Ame_1053,1053,GasA,TA,Y,SBrkr,0,1,1,1,4
Ame_1054,1054,GasA,Ex,Y,FuseA,0,0,1,0,4
Ame_1055,1055,GasA,Ex,Y,SBrkr,1,0,2,1,3
Ame_1056,1056,GasA,TA,Y,SBrkr,0,1,2,0,3
Ame_1057,1057,GasA,Ex,Y,SBrkr,1,0,2,0,2
Ame_1058,1058,GasA,Ex,Y,SBrkr,0,0,2,1,3
Ame_1059,1059,GasA,Ex,Y,SBrkr,1,0,2,1,3
Ame_1060,1060,GasA,TA,Y,SBrkr,0,0,1,1,3
Ame_1061,1061,GasA,Ex,Y,SBrkr,1,0,2,0,2
Ame_1062,1062,GasA,TA,Y,SBrkr,0,0,1,0,2
Ame_1063,1063,GasA,TA,N,SBrkr,0,0,2,0,5
Ame_1064,1064,GasA,Gd,Y,SBrkr,0,0,1,0,2
Ame_1065,1065,GasA,Ex,Y,SBrkr,0,0,1,1,3
Ame_1066,1066,GasA,Ex,Y,SBrkr,1,0,2,1,3
Ame_1067,1067,GasA,Gd,Y,SBrkr,0,0,2,1,3
Ame_1068,1068,GasA,TA,Y,SBrkr,1,0,1,1,4
Ame_1069,1069,GasA,Gd,Y,SBrkr,1,0,2,1,5
Ame_1070,1070,GasA,TA,Y,SBrkr,0,1,1,0,2
Ame_1071,1071,GasA,TA,Y,SBrkr,1,0,1,0,3
Ame_1072,1072,GasA,Ex,Y,SBrkr,0,0,1,1,4
Ame_1073,1073,GasA,Fa,Y,FuseA,1,1,1,0,4
Ame_1074,1074,GasA,TA,Y,SBrkr,0,0,1,1,3
Ame_1075,1075,GasA,Ex,Y,SBrkr,0,0,2,0,2
Ame_1076,1076,GasA,TA,Y,SBrkr,0,0,1,1,3
Ame_1077,1077,GasA,Gd,Y,SBrkr,0,1,2,0,3
Ame_1078,1078,GasA,Ex,Y,SBrkr,1,0,1,0,3
Ame_1079,1079,GasA,Ex,Y,SBrkr,1,0,1,0,1
Ame_1080,1080,GasA,Gd,Y,SBrkr,0,0,1,0,3
Ame_1081,1081,GasA,Ex,Y,SBrkr,0,1,2,0,3
Ame_1082,1082,GasA,Fa,Y,SBrkr,1,0,1,1,3
Ame_1083,1083,GasA,Ex,Y,SBrkr,0,0,2,0,3
Ame_1084,1084,GasA,TA,Y,SBrkr,1,0,1,0,3
Ame_1085,1085,GasA,Gd,Y,SBrkr,0,0,2,1,3
Ame_1086,1086,GasA,Ex,Y,SBrkr,1,0,1,0,2
Ame_1087,1087,GasA,TA,Y,SBrkr,0,0,1,1,3
Ame_1088,1088,GasA,Ex,Y,SBrkr,0,0,2,1,3
Ame_1089,1089,GasA,Ex,Y,SBrkr,0,0,2,0,3
Ame_1090,1090,GasA,Ex,Y,SBrkr,1,0,1,1,1
Ame_1091,1091,Wall,Fa,N,FuseA,0,0,2,0,2
Ame_1092,1092,GasA,Ex,Y,SBrkr,1,0,2,1,2
Ame_1093,1093,GasA,Fa,Y,SBrkr,0,0,2,0,4
Ame_1094,1094,GasA,Gd,Y,SBrkr,1,0,1,1,1
Ame_1095,1095,GasA,Ex,Y,SBrkr,1,0,1,0,2
Ame_1096,1096,GasA,Gd,Y,SBrkr,0,0,2,0,3
Ame_1097,1097,GasA,TA,Y,SBrkr,0,0,1,1,3
Ame_1098,1098,GasA,Ex,Y,SBrkr,0,0,1,1,2
Ame_1099,1099,GasA,TA,Y,SBrkr,0,0,1,0,3
Ame_1100,1100,GasA,TA,Y,SBrkr,0,0,2,0,3
Ame_1101,1101,GasA,TA,N,FuseF,0,0,1,0,1
Ame_1102,1102,GasA,TA,Y,SBrkr,0,0,1,0,3
Ame_1103,1103,GasA,Ex,Y,SBrkr,0,0,1,0,2
Ame_1104,1104,GasA,Ex,Y,SBrkr,0,1,1,0,3
Ame_1105,1105,GasA,TA,Y,SBrkr,0,0,2,1,3
Ame_1106,1106,GasA,Ex,Y,SBrkr,1,0,2,1,3
Ame_1107,1107,GasA,Gd,Y,SBrkr,1,0,2,0,3
Ame_1108,1108,GasA,Ex,Y,SBrkr,0,0,2,1,3
Ame_1109,1109,GasA,Ex,Y,SBrkr,0,0,2,1,3
Ame_1110,1110,GasA,Ex,Y,SBrkr,1,0,2,0,3
Ame_1111,1111,GasA,Gd,Y,SBrkr,1,0,2,1,3
Ame_1112,1112,GasA,TA,Y,SBrkr,0,0,2,1,4
Ame_1113,1113,GasA,TA,Y,FuseA,1,0,1,0,2
Ame_1114,1114,GasA,Gd,Y,SBrkr,1,0,1,0,2
Ame_1115,1115,GasA,Ex,Y,SBrkr,0,0,1,0,2
Ame_1116,1116,GasA,Ex,Y,SBrkr,1,0,2,0,3
Ame_1117,1117,GasA,Ex,Y,SBrkr,1,0,2,1,3
Ame_1118,1118,GasA,Ex,Y,SBrkr,1,0,1,0,3
Ame_1119,1119,GasA,TA,Y,SBrkr,0,1,1,0,3
Ame_1120,1120,GasA,TA,Y,FuseA,0,0,1,0,3
Ame_1121,1121,GasA,TA,Y,FuseA,0,0,1,0,2
Ame_1122,1122,GasA,Ex,Y,SBrkr,0,0,2,0,3
Ame_1123,1123,GasA,Ex,Y,FuseA,0,0,1,0,3
Ame_1124,1124,GasA,Ex,Y,SBrkr,0,1,1,0,2
Ame_1125,1125,GasA,Gd,Y,SBrkr,0,0,2,1,3
Ame_1126,1126,GasA,TA,Y,SBrkr,0,0,1,0,2
Ame_1127,1127,GasA,Ex,Y,SBrkr,0,0,2,0,2
Ame_1128,1128,GasA,Ex,Y,SBrkr,1,0,2,0,3
Ame_1129,1129,GasA,Ex,Y,SBrkr,0,0,2,1,4
Ame_1130,1130,GasA,TA,Y,SBrkr,1,0,1,0,2
Ame_1131,1131,GasA,TA,Y,SBrkr,1,0,2,0,4
Ame_1132,1132,GasA,TA,Y,SBrkr,0,0,1,0,3
Ame_1133,1133,GasW,TA,Y,SBrkr,0,0,2,0,5
Ame_1134,1134,GasA,Ex,Y,SBrkr,0,0,2,1,3
Ame_1135,1135,GasA,Gd,Y,SBrkr,0,0,2,1,3
Ame_1136,1136,GasA,TA,N,SBrkr,0,0,1,0,2
Ame_1137,1137,GasA,TA,Y,FuseA,0,0,1,0,3
Ame_1138,1138,GasA,Gd,N,SBrkr,0,0,1,0,2
Ame_1139,1139,GasA,TA,Y,SBrkr,1,0,2,0,2
Ame_1140,1140,GasA,TA,Y,SBrkr,0,0,1,0,3
Ame_1141,1141,GasA,TA,Y,SBrkr,1,0,1,0,2
Ame_1142,1142,GasA,Ex,Y,SBrkr,1,0,2,1,4
Ame_1143,1143,GasA,Ex,Y,SBrkr,1,0,3,0,4
Ame_1144,1144,GasA,TA,Y,SBrkr,0,0,1,0,3
Ame_1145,1145,Grav,Fa,N,FuseA,1,0,1,0,2
Ame_1146,1146,GasA,Ex,Y,SBrkr,0,0,1,0,3
Ame_1147,1147,GasA,TA,Y,SBrkr,1,0,2,0,3
Ame_1148,1148,GasA,Ex,Y,SBrkr,0,0,1,1,3
Ame_1149,1149,GasA,TA,Y,SBrkr,0,0,1,0,2
Ame_1150,1150,GasA,Ex,Y,SBrkr,0,1,1,0,3
Ame_1151,1151,GasA,Ex,Y,FuseA,0,0,1,0,2
Ame_1152,1152,GasA,TA,Y,SBrkr,0,0,1,1,3
Ame_1153,1153,GasA,Ex,Y,SBrkr,0,0,1,0,2
Ame_1154,1154,GasA,Ex,Y,SBrkr,0,0,1,0,2
Ame_1155,1155,GasA,TA,Y,SBrkr,0,0,1,2,4
Ame_1156,1156,GasA,TA,Y,SBrkr,1,0,2,0,3
Ame_1157,1157,GasA,Gd,Y,SBrkr,0,1,2,0,3
Ame_1158,1158,GasA,Ex,Y,SBrkr,1,0,2,0,2
Ame_1159,1159,GasA,Ex,Y,SBrkr,0,0,2,0,3
Ame_1160,1160,GasA,TA,Y,SBrkr,0,0,2,1,4
Ame_1161,1161,GasA,Fa,Y,SBrkr,0,0,2,1,3
Ame_1162,1162,GasA,Ex,Y,SBrkr,1,0,1,0,3
Ame_1163,1163,GasA,Gd,Y,SBrkr,0,0,1,0,3
Ame_1164,1164,GasA,TA,Y,SBrkr,2,0,0,2,0
Ame_1165,1165,GasA,Ex,Y,SBrkr,1,0,1,1,2
Ame_1166,1166,GasA,Ex,Y,SBrkr,0,0,2,0,3
Ame_1167,1167,GasA,Ex,Y,SBrkr,0,0,2,0,3
Ame_1168,1168,GasA,Ex,Y,SBrkr,1,0,2,1,3
Ame_1169,1169,GasA,Ex,Y,SBrkr,0,0,2,0,4
Ame_1170,1170,GasA,Ex,Y,SBrkr,1,0,3,1,4
Ame_1171,1171,GasA,TA,Y,SBrkr,1,0,1,0,3
Ame_1172,1172,GasA,Ex,Y,SBrkr,1,0,1,0,3
Ame_1173,1173,GasA,Ex,Y,SBrkr,0,0,2,1,2
Ame_1174,1174,GasA,TA,Y,SBrkr,0,0,3,0,3
Ame_1175,1175,GasA,TA,Y,SBrkr,0,0,2,1,4
Ame_1176,1176,GasA,Ex,Y,SBrkr,0,0,2,1,4
Ame_1177,1177,GasA,TA,Y,SBrkr,1,0,1,0,3
Ame_1178,1178,GasA,TA,Y,SBrkr,0,0,1,0,3
Ame_1179,1179,GasA,Ex,Y,SBrkr,0,0,1,1,3
Ame_1180,1180,GasA,Gd,Y,SBrkr,0,0,1,0,3
Ame_1181,1181,GasA,Ex,Y,SBrkr,0,0,2,1,4
Ame_1182,1182,GasA,Ex,Y,SBrkr,1,1,2,0,2
Ame_1183,1183,GasA,Ex,Y,SBrkr,1,0,3,1,4
Ame_1184,1184,GasA,Ex,Y,SBrkr,1,0,1,0,2
Ame_1185,1185,GasA,Gd,Y,SBrkr,1,0,1,1,3
Ame_1186,1186,GasA,Gd,Y,SBrkr,1,0,1,0,4
Ame_1187,1187,GasA,TA,Y,SBrkr,1,0,2,0,3
Ame_1188,1188,GasA,Ex,Y,SBrkr,1,0,2,0,2
Ame_1189,1189,GasA,Ex,Y,SBrkr,0,0,2,1,3
Ame_1190,1190,GasA,Gd,Y,SBrkr,0,0,2,1,3
Ame_1191,1191,GasA,Ex,Y,SBrkr,1,0,1,0,3
Ame_1192,1192,GasA,Ex,Y,SBrkr,0,0,2,1,2
Ame_1193,1193,GasA,Gd,Y,SBrkr,0,0,1,0,3
Ame_1194,1194,GasA,Ex,Y,SBrkr,1,0,2,0,2
Ame_1195,1195,GasA,TA,Y,SBrkr,0,0,1,1,4
Ame_1196,1196,GasA,Ex,Y,SBrkr,0,0,2,1,3
Ame_1197,1197,GasA,Ex,Y,SBrkr,0,0,2,1,4
Ame_1198,1198,GasA,Ex,Y,SBrkr,0,0,1,0,3
Ame_1199,1199,GasA,Ex,Y,SBrkr,0,0,2,0,3
Ame_1200,1200,GasA,Gd,Y,SBrkr,0,0,1,1,3
Ame_1201,1201,GasA,Gd,Y,SBrkr,0,0,1,0,3
Ame_1202,1202,GasA,Ex,Y,SBrkr,0,0,2,1,3
Ame_1203,1203,GasA,Ex,Y,SBrkr,1,0,1,0,3
Ame_1204,1204,GasA,Ex,Y,SBrkr,0,0,2,0,3
Ame_1205,1205,GasA,Ex,Y,SBrkr,1,0,1,1,3
Ame_1206,1206,GasA,Gd,Y,SBrkr,0,0,2,0,3
Ame_1207,1207,GasA,TA,Y,SBrkr,1,0,1,0,2
Ame_1208,1208,GasA,Ex,Y,SBrkr,1,0,2,0,3
Ame_1209,1209,GasA,TA,Y,SBrkr,1,0,1,0,3
Ame_1210,1210,GasA,Ex,Y,SBrkr,1,0,2,0,3
Ame_1211,1211,GasA,Ex,Y,SBrkr,0,0,2,1,3
Ame_1212,1212,GasA,Gd,Y,SBrkr,0,0,2,0,4
Ame_1213,1213,GasA,TA,Y,SBrkr,1,0,1,0,2
Ame_1214,1214,GasA,Ex,Y,SBrkr,1,1,0,0,0
Ame_1215,1215,GasA,TA,Y,SBrkr,1,0,1,0,3
Ame_1216,1216,GasA,TA,Y,SBrkr,0,0,1,0,3
Ame_1217,1217,GasA,TA,Y,SBrkr,0,0,2,0,4
Ame_1218,1218,GasA,Ex,Y,SBrkr,1,0,2,0,3
Ame_1219,1219,GasA,Gd,N,SBrkr,0,0,1,0,2
Ame_1220,1220,GasA,TA,Y,SBrkr,0,0,1,1,3
Ame_1221,1221,GasA,TA,Y,SBrkr,0,0,1,0,2
Ame_1222,1222,GasA,Ex,Y,SBrkr,0,0,1,0,3
Ame_1223,1223,GasA,Ex,Y,SBrkr,0,0,2,0,3
Ame_1224,1224,GasA,TA,N,FuseA,0,0,2,0,4
Ame_1225,1225,GasA,Ex,Y,SBrkr,1,0,2,1,3
Ame_1226,1226,GasA,Ex,Y,SBrkr,0,1,1,0,3
Ame_1227,1227,GasA,Ex,Y,SBrkr,0,0,2,1,4
Ame_1228,1228,GasA,Ex,Y,SBrkr,1,0,1,0,2
Ame_1229,1229,GasA,Ex,Y,SBrkr,1,0,1,1,1
Ame_1230,1230,GasA,Gd,Y,SBrkr,0,0,2,0,4
Ame_1231,1231,GasA,Ex,Y,SBrkr,0,0,2,2,4
Ame_1232,1232,GasA,TA,Y,SBrkr,1,0,1,0,3
Ame_1233,1233,GasA,TA,Y,SBrkr,0,0,2,0,2
Ame_1234,1234,GasA,Fa,Y,SBrkr,1,0,1,0,3
Ame_1235,1235,GasA,TA,N,FuseA,0,0,1,1,4
Ame_1236,1236,GasA,Gd,Y,FuseF,0,0,1,1,4
Ame_1237,1237,GasA,Ex,Y,SBrkr,0,0,2,1,2
Ame_1238,1238,GasA,Ex,Y,SBrkr,0,0,2,1,4
Ame_1239,1239,GasA,Ex,Y,SBrkr,0,0,1,1,3
Ame_1240,1240,GasA,Ex,Y,SBrkr,0,0,2,0,2
Ame_1241,1241,GasA,Ex,Y,SBrkr,1,0,2,1,3
Ame_1242,1242,GasA,Ex,Y,SBrkr,0,0,2,0,3
Ame_1243,1243,GasA,TA,Y,SBrkr,1,0,2,0,3
Ame_1244,1244,GasA,Ex,Y,SBrkr,1,0,2,1,2
Ame_1245,1245,GasA,Fa,Y,SBrkr,0,0,1,0,3
Ame_1246,1246,GasA,Ex,Y,SBrkr,0,0,3,1,3
Ame_1247,1247,GasA,Ex,Y,SBrkr,0,0,2,1,3
Ame_1248,1248,GasA,TA,Y,SBrkr,1,0,1,0,3
Ame_1249,1249,OthW,Fa,N,SBrkr,0,0,1,1,3
Ame_1250,1250,GasA,TA,Y,SBrkr,0,0,1,0,3
Ame_1251,1251,GasA,Ex,Y,SBrkr,1,0,2,1,3
Ame_1252,1252,GasA,Ex,Y,SBrkr,0,0,2,0,2
Ame_1253,1253,GasA,TA,Y,SBrkr,1,0,1,0,3
Ame_1254,1254,GasA,TA,Y,SBrkr,1,0,2,1,3
Ame_1255,1255,GasA,Ex,Y,SBrkr,0,0,2,1,3
Ame_1256,1256,GasA,TA,Y,FuseA,0,0,1,0,3
Ame_1257,1257,GasA,Ex,Y,SBrkr,1,0,2,0,2
Ame_1258,1258,GasA,Ex,Y,SBrkr,0,0,1,0,2
Ame_1259,1259,GasA,Ex,Y,SBrkr,1,0,2,0,2
Ame_1260,1260,GasA,Gd,Y,SBrkr,1,0,1,1,3
Ame_1261,1261,GasA,Ex,Y,SBrkr,0,0,2,1,3
Ame_1262,1262,GasA,Gd,Y,SBrkr,0,0,1,0,2
Ame_1263,1263,GasA,Ex,Y,FuseA,1,0,1,0,5
Ame_1264,1264,GasA,Ex,Y,FuseA,0,0,1,0,3
Ame_1265,1265,GasA,Ex,Y,SBrkr,1,0,2,0,2
Ame_1266,1266,GasA,Ex,Y,SBrkr,1,0,2,1,3
Ame_1267,1267,GasA,TA,N,FuseF,0,0,1,1,4
Ame_1268,1268,GasA,Ex,Y,SBrkr,0,0,2,0,3
Ame_1269,1269,GasA,Ex,Y,SBrkr,0,0,3,1,4
Ame_1270,1270,GasW,TA,Y,FuseA,0,0,1,1,3
Ame_1271,1271,GasA,TA,Y,SBrkr,2,0,0,1,0
Ame_1272,1272,GasA,Gd,Y,SBrkr,0,0,2,0,3
Ame_1273,1273,GasA,TA,Y,SBrkr,1,0,1,0,3
Ame_1274,1274,GasA,Gd,Y,SBrkr,1,0,1,0,2
Ame_1275,1275,GasA,Ex,Y,SBrkr,0,0,2,0,3
Ame_1276,1276,GasA,Gd,Y,FuseA,0,0,2,0,4
Ame_1277,1277,GasA,TA,Y,SBrkr,0,1,1,1,3
Ame_1278,1278,GasA,Fa,Y,SBrkr,1,0,1,1,3
Ame_1279,1279,GasA,Ex,Y,SBrkr,1,0,2,1,3
Ame_1280,1280,GasA,TA,Y,FuseA,0,0,1,0,2
Ame_1281,1281,GasA,Ex,Y,SBrkr,1,0,2,0,3
Ame_1282,1282,GasA,TA,Y,SBrkr,1,0,2,0,2
Ame_1283,1283,GasA,TA,Y,SBrkr,0,0,2,0,3
Ame_1284,1284,GasA,TA,Y,SBrkr,0,0,2,2,4
Ame_1285,1285,GasA,Ex,Y,SBrkr,0,0,2,0,4
Ame_1286,1286,GasA,Ex,Y,FuseF,0,0,1,0,4
Ame_1287,1287,GasA,TA,Y,SBrkr,1,0,1,1,3
Ame_1288,1288,GasA,Fa,Y,SBrkr,0,1,2,0,4
Ame_1289,1289,GasA,Ex,Y,SBrkr,1,0,2,0,2
Ame_1290,1290,GasA,Ex,Y,SBrkr,0,0,2,1,3
Ame_1291,1291,GasA,TA,Y,SBrkr,1,0,1,0,3
Ame_1292,1292,GasA,TA,Y,SBrkr,0,0,2,1,3
Ame_1293,1293,GasA,TA,N,SBrkr,0,0,2,0,4
Ame_1294,1294,GasA,TA,Y,SBrkr,0,0,2,1,4
Ame_1295,1295,GasA,TA,Y,SBrkr,1,0,1,0,2
Ame_1296,1296,GasA,Gd,Y,SBrkr,1,0,1,1,3
Ame_1297,1297,GasA,Gd,Y,SBrkr,1,0,2,0,3
Ame_1298,1298,GasA,Gd,Y,SBrkr,1,0,2,0,2
Ame_1299,1299,GasA,Ex,Y,SBrkr,2,0,2,1,3
Ame_1300,1300,GasA,Ex,Y,SBrkr,1,0,1,1,3
Ame_1301,1301,GasA,Ex,Y,SBrkr,0,0,2,1,3
Ame_1302,1302,GasA,Fa,Y,SBrkr,0,0,1,0,3
Ame_1303,1303,GasA,Ex,Y,SBrkr,1,0,2,1,4
Ame_1304,1304,GasA,Ex,Y,SBrkr,0,0,2,0,3
Ame_1305,1305,GasA,Ex,Y,SBrkr,0,0,2,0,3
Ame_1306,1306,GasA,Ex,Y,SBrkr,1,0,2,0,2
Ame_1307,1307,GasA,Ex,Y,SBrkr,0,0,2,0,2
Ame_1308,1308,GasA,Ex,Y,SBrkr,1,0,1,0,3
Ame_1309,1309,GasA,Ex,Y,SBrkr,1,0,1,0,2
Ame_1310,1310,GasA,Gd,Y,SBrkr,1,0,2,0,3
Ame_1311,1311,GasA,TA,Y,SBrkr,1,0,2,0,3
Ame_1312,1312,GasA,Ex,Y,SBrkr,1,0,2,0,3
Ame_1313,1313,GasA,Ex,Y,SBrkr,0,0,2,1,4
Ame_1314,1314,GasA,Ex,Y,SBrkr,0,0,2,1,4
Ame_1315,1315,GasA,Ex,Y,SBrkr,1,0,1,0,3
Ame_1316,1316,GasA,TA,Y,SBrkr,0,0,2,1,4
Ame_1317,1317,GasA,Ex,Y,SBrkr,1,0,2,0,3
Ame_1318,1318,GasA,Ex,Y,SBrkr,0,0,2,0,2
Ame_1319,1319,GasA,Ex,Y,SBrkr,0,0,2,0,3
Ame_1320,1320,GasA,Ex,Y,SBrkr,0,0,1,0,3
Ame_1321,1321,GasA,Gd,Y,SBrkr,1,0,1,1,3
Ame_1322,1322,Floor,TA,N,SBrkr,0,0,1,0,2
Ame_1323,1323,GasA,Ex,Y,SBrkr,1,0,2,1,3
Ame_1324,1324,GasA,Gd,Y,SBrkr,0,0,1,0,2
Ame_1325,1325,GasA,Ex,Y,SBrkr,0,0,2,0,2
Ame_1326,1326,GasA,Fa,N,SBrkr,0,0,1,0,2
Ame_1327,1327,GasA,Ex,Y,SBrkr,0,0,1,0,3
Ame_1328,1328,GasA,Ex,Y,SBrkr,0,1,1,0,3
Ame_1329,1329,GasW,Ex,Y,SBrkr,0,0,2,0,5
Ame_1330,1330,GasA,Gd,Y,SBrkr,0,0,2,1,3
Ame_1331,1331,GasA,Ex,Y,SBrkr,0,0,2,0,3
Ame_1332,1332,GasA,Gd,Y,SBrkr,0,0,1,0,3
Ame_1333,1333,GasA,Ex,Y,SBrkr,1,0,1,0,2
Ame_1334,1334,GasA,Ex,Y,SBrkr,0,0,1,1,2
Ame_1335,1335,GasA,TA,Y,SBrkr,0,0,1,1,3
Ame_1336,1336,GasA,TA,Y,SBrkr,0,1,2,0,2
Ame_1337,1337,GasA,TA,Y,SBrkr,0,0,2,0,4
Ame_1338,1338,Grav,Fa,N,FuseA,0,0,1,0,2
Ame_1339,1339,GasA,Ex,Y,SBrkr,1,0,2,1,3
Ame_1340,1340,GasA,Ex,Y,SBrkr,0,0,1,0,3
Ame_1341,1341,GasA,TA,Y,SBrkr,0,0,1,0,3
Ame_1342,1342,GasA,Ex,Y,SBrkr,1,0,1,0,3
Ame_1343,1343,GasA,Ex,Y,SBrkr,0,0,2,1,3
Ame_1344,1344,GasA,Gd,Y,SBrkr,0,0,1,1,3
Ame_1345,1345,GasA,Ex,Y,SBrkr,0,0,2,1,3
Ame_1346,1346,GasA,Gd,Y,FuseA,0,0,1,0,2
Ame_1347,1347,GasA,TA,Y,SBrkr,0,0,2,0,3
Ame_1348,1348,GasA,Ex,Y,SBrkr,1,0,2,0,3
Ame_1349,1349,GasA,Ex,Y,SBrkr,1,0,2,0,3
Ame_1350,1350,OthW,Fa,N,SBrkr,0,0,2,0,4
Ame_1351,1351,GasA,TA,Y,SBrkr,1,1,2,2,6
Ame_1352,1352,GasA,Ex,Y,SBrkr,0,0,1,1,4
Ame_1353,1353,GasA,TA,Y,SBrkr,0,0,1,0,2
Ame_1354,1354,GasA,Ex,Y,SBrkr,1,0,2,1,4
Ame_1355,1355,GasA,Ex,Y,SBrkr,1,0,2,1,3
Ame_1356,1356,GasA,Gd,Y,SBrkr,0,0,3,0,4
Ame_1357,1357,GasA,TA,Y,SBrkr,0,0,1,0,3
Ame_1358,1358,GasA,Ex,Y,SBrkr,1,0,1,1,3
Ame_1359,1359,GasA,Ex,Y,SBrkr,0,0,2,1,3
Ame_1360,1360,GasA,Ex,Y,SBrkr,1,0,2,0,3
Ame_1361,1361,GasA,Ex,Y,SBrkr,0,0,3,1,4
Ame_1362,1362,GasA,Ex,Y,SBrkr,1,0,2,0,3
Ame_1363,1363,GasA,Gd,Y,SBrkr,0,0,2,0,4
Ame_1364,1364,GasA,Ex,Y,SBrkr,0,0,2,1,3
Ame_1365,1365,GasA,Ex,Y,SBrkr,0,0,2,1,2
Ame_1366,1366,GasA,Ex,Y,SBrkr,1,0,2,1,3
Ame_1367,1367,GasA,Ex,Y,SBrkr,1,0,2,1,3
Ame_1368,1368,GasA,Ex,Y,SBrkr,0,0,2,0,4
Ame_1369,1369,GasA,Ex,Y,SBrkr,1,0,1,0,1
Ame_1370,1370,GasA,Ex,Y,SBrkr,1,0,2,0,3
Ame_1371,1371,GasA,Ex,Y,SBrkr,0,0,1,0,2
Ame_1372,1372,GasA,Gd,Y,SBrkr,1,0,1,0,3
Ame_1373,1373,GasA,Ex,Y,SBrkr,1,0,2,1,3
Ame_1374,1374,GasA,Ex,Y,SBrkr,1,0,2,1,2
Ame_1375,1375,GasA,Ex,Y,SBrkr,0,0,2,1,3
Ame_1376,1376,GasA,Ex,Y,SBrkr,0,0,2,0,3
Ame_1377,1377,GasA,TA,N,SBrkr,0,0,1,0,2
Ame_1378,1378,GasA,Ex,Y,SBrkr,0,0,2,0,3
Ame_1379,1379,GasA,TA,Y,SBrkr,0,0,1,1,2
Ame_1380,1380,GasA,Gd,Y,,0,0,2,1,3
Ame_1381,1381,GasA,TA,N,FuseF,1,0,1,0,2
Ame_1382,1382,GasA,Ex,Y,SBrkr,0,0,2,1,4
Ame_1383,1383,GasA,Ex,Y,SBrkr,1,0,1,1,4
Ame_1384,1384,GasA,Ex,Y,SBrkr,0,0,2,0,3
Ame_1385,1385,GasA,TA,Y,SBrkr,0,0,1,0,2
Ame_1386,1386,GasA,Gd,Y,SBrkr,1,0,1,0,3
Ame_1387,1387,GasA,TA,Y,SBrkr,1,0,3,1,5
Ame_1388,1388,GasW,TA,N,SBrkr,0,0,2,0,5
Ame_1389,1389,GasA,Ex,Y,SBrkr,1,0,2,0,3
Ame_1390,1390,GasA,Ex,Y,SBrkr,0,1,1,0,3
Ame_1391,1391,GasA,Ex,Y,SBrkr,1,0,2,0,3
Ame_1392,1392,GasA,TA,Y,SBrkr,0,0,2,0,4
Ame_1393,1393,GasA,TA,Y,SBrkr,1,0,1,0,3
Ame_1394,1394,GasA,Ex,N,SBrkr,0,0,2,0,3
Ame_1395,1395,GasA,Ex,Y,SBrkr,1,0,2,0,2
Ame_1396,1396,GasA,Ex,Y,SBrkr,0,0,2,1,4
Ame_1397,1397,GasA,TA,Y,SBrkr,1,0,1,0,3
Ame_1398,1398,GasA,Ex,Y,SBrkr,0,0,1,1,4
Ame_1399,1399,GasA,Gd,Y,FuseA,1,0,1,1,3
Ame_1400,1400,GasA,Ex,Y,SBrkr,0,0,2,1,3
Ame_1401,1401,GasA,TA,Y,SBrkr,0,0,1,0,3
Ame_1402,1402,GasA,Ex,Y,SBrkr,1,0,2,1,3
Ame_1403,1403,GasA,Ex,Y,SBrkr,0,0,2,0,2
Ame_1404,1404,GasA,Ex,Y,SBrkr,1,0,2,0,3
Ame_1405,1405,GasA,TA,Y,SBrkr,0,0,1,0,3
Ame_1406,1406,GasA,Ex,Y,SBrkr,1,1,2,0,2
Ame_1407,1407,GasA,TA,Y,SBrkr,1,0,1,0,2
Ame_1408,1408,GasA,Ex,Y,SBrkr,1,0,1,0,3
Ame_1409,1409,GasA,Gd,Y,SBrkr,0,0,1,0,3
Ame_1410,1410,GasA,Gd,Y,SBrkr,0,0,2,1,3
Ame_1411,1411,GasA,Ex,Y,SBrkr,1,0,2,1,3
Ame_1412,1412,GasA,Ex,Y,SBrkr,0,0,1,1,3
Ame_1413,1413,Wall,Fa,N,FuseF,0,0,2,0,2
Ame_1414,1414,GasA,Ex,Y,SBrkr,1,0,2,0,2
Ame_1415,1415,GasA,Gd,Y,SBrkr,0,0,1,1,4
Ame_1416,1416,GasA,Ex,Y,SBrkr,0,1,2,0,1
Ame_1417,1417,GasA,Gd,Y,SBrkr,0,0,2,0,4
Ame_1418,1418,GasA,Ex,Y,SBrkr,1,0,2,1,3
Ame_1419,1419,GasA,TA,Y,SBrkr,1,0,1,1,3
Ame_1420,1420,GasA,Gd,Y,SBrkr,1,0,2,0,3
Ame_1421,1421,GasA,Gd,Y,SBrkr,0,0,2,1,3
Ame_1422,1422,GasA,TA,Y,SBrkr,0,0,2,0,2
Ame_1423,1423,GasA,Ex,Y,SBrkr,1,0,1,0,1
Ame_1424,1424,GasA,TA,Y,SBrkr,0,0,2,0,4
Ame_1425,1425,GasA,TA,Y,SBrkr,1,0,1,0,2
Ame_1426,1426,GasA,Ex,Y,SBrkr,0,0,1,0,3
Ame_1427,1427,GasA,Ex,Y,SBrkr,1,0,2,1,3
Ame_1428,1428,GasA,TA,Y,FuseA,1,0,1,1,3
Ame_1429,1429,GasA,TA,Y,SBrkr,1,0,1,0,2
Ame_1430,1430,GasA,Ex,Y,SBrkr,0,0,2,0,3
Ame_1431,1431,GasA,Ex,Y,SBrkr,0,0,2,1,4
Ame_1432,1432,GasA,TA,Y,SBrkr,0,0,2,0,2
Ame_1433,1433,GasA,TA,Y,SBrkr,0,0,2,0,4
Ame_1434,1434,GasA,Ex,Y,SBrkr,1,0,2,1,3
Ame_1435,1435,GasA,Fa,Y,SBrkr,1,0,2,0,3
Ame_1436,1436,GasA,TA,Y,SBrkr,1,0,1,1,3
Ame_1437,1437,GasA,TA,Y,SBrkr,0,0,1,0,3
Ame_1438,1438,GasA,Ex,Y,SBrkr,1,0,2,0,2
Ame_1439,1439,GasA,TA,Y,FuseA,1,0,1,0,2
Ame_1440,1440,GasA,TA,Y,SBrkr,0,0,2,1,3
Ame_1441,1441,GasA,Fa,Y,SBrkr,0,0,2,0,3
Ame_1442,1442,GasA,Ex,Y,SBrkr,1,0,1,0,1
Ame_1443,1443,GasA,Ex,Y,SBrkr,1,0,2,1,3
Ame_1444,1444,Grav,Fa,N,FuseF,0,0,1,0,2
Ame_1445,1445,GasA,Ex,Y,SBrkr,0,0,2,0,3
Ame_1446,1446,GasA,Gd,Y,SBrkr,1,0,1,0,3
Ame_1447,1447,GasA,TA,Y,SBrkr,0,0,1,0,3
Ame_1448,1448,GasA,Ex,Y,SBrkr,1,0,2,1,3
Ame_1449,1449,GasA,Gd,N,SBrkr,0,0,1,1,2
Ame_1450,1450,GasA,Ex,Y,SBrkr,1,0,1,0,1
Ame_1451,1451,GasA,TA,Y,SBrkr,0,0,2,2,4
Ame_1452,1452,GasA,Ex,Y,SBrkr,0,0,2,0,3
Ame_1453,1453,GasA,Gd,Y,SBrkr,1,0,1,0,2
Ame_1454,1454,GasA,Ex,Y,SBrkr,0,0,1,0,3
Ame_1455,1455,GasA,Ex,Y,SBrkr,1,0,2,0,2
Ame_1456,1456,GasA,Ex,Y,SBrkr,0,0,2,1,3
Ame_1457,1457,GasA,TA,Y,SBrkr,1,0,2,0,3
Ame_1458,1458,GasA,Ex,Y,SBrkr,0,0,2,0,4
Ame_1459,1459,GasA,Gd,Y,FuseA,1,0,1,0,2
Ame_1460,1460,GasA,Gd,Y,SBrkr,1,0,1,1,3
