Dwelling_id,Id,MSSubClass,MSZoning,LotFrontage,Street,Alley,Utilities,Neighborhood,Condition1,Condition2,BldgType,HouseStyle
Dwel_1,1,60,RL,65,Pave,,AllPub,CollgCr,Norm,Norm,1Fam,2Story
Dwel_2,2,20,RL,80,Pave,,AllPub,Veenker,Feedr,Norm,1Fam,1Story
Dwel_3,3,60,RL,68,Pave,,AllPub,CollgCr,Norm,Norm,1Fam,2Story
Dwel_4,4,70,RL,60,Pave,,AllPub,Crawfor,Norm,Norm,1Fam,2Story
Dwel_5,5,60,RL,84,Pave,,AllPub,NoRidge,Norm,Norm,1Fam,2Story
Dwel_6,6,50,RL,85,Pave,,AllPub,Mitchel,Norm,Norm,1Fam,1.5Fin
Dwel_7,7,20,RL,75,Pave,,AllPub,Somerst,Norm,Norm,1Fam,1Story
Dwel_8,8,60,RL,,Pave,,AllPub,NWAmes,PosN,Norm,1Fam,2Story
Dwel_9,9,50,RM,51,Pave,,AllPub,OldTown,Artery,Norm,1Fam,1.5Fin
Dwel_10,10,190,RL,50,Pave,,AllPub,BrkSide,Artery,Artery,2fmCon,1.5Unf
Dwel_11,11,20,RL,70,Pave,,AllPub,Sawyer,Norm,Norm,1Fam,1Story
Dwel_12,12,60,RL,85,Pave,,AllPub,NridgHt,Norm,Norm,1Fam,2Story
Dwel_13,13,20,RL,,Pave,,AllPub,Sawyer,Norm,Norm,1Fam,1Story
Dwel_14,14,20,RL,91,Pave,,AllPub,CollgCr,Norm,Norm,1Fam,1Story
Dwel_15,15,20,RL,,Pave,,AllPub,NAmes,Norm,Norm,1Fam,1Story
Dwel_16,16,45,RM,51,Pave,,AllPub,BrkSide,Norm,Norm,1Fam,1.5Unf
Dwel_17,17,20,RL,,Pave,,AllPub,NAmes,Norm,Norm,1Fam,1Story
Dwel_18,18,90,RL,72,Pave,,AllPub,Sawyer,Norm,Norm,Duplex,1Story
Dwel_19,19,20,RL,66,Pave,,AllPub,SawyerW,RRAe,Norm,1Fam,1Story
Dwel_20,20,20,RL,70,Pave,,AllPub,NAmes,Norm,Norm,1Fam,1Story
Dwel_21,21,60,RL,101,Pave,,AllPub,NridgHt,Norm,Norm,1Fam,2Story
Dwel_22,22,45,RM,57,Pave,Grvl,AllPub,IDOTRR,Norm,Norm,1Fam,1.5Unf
Dwel_23,23,20,RL,75,Pave,,AllPub,CollgCr,Norm,Norm,1Fam,1Story
Dwel_24,24,120,RM,44,Pave,,AllPub,MeadowV,Norm,Norm,TwnhsE,1Story
Dwel_25,25,20,RL,,Pave,,AllPub,Sawyer,Norm,Norm,1Fam,1Story
Dwel_26,26,20,RL,110,Pave,,AllPub,NridgHt,Norm,Norm,1Fam,1Story
Dwel_27,27,20,RL,60,Pave,,AllPub,NAmes,Norm,Norm,1Fam,1Story
Dwel_28,28,20,RL,98,Pave,,AllPub,NridgHt,Norm,Norm,1Fam,1Story
Dwel_29,29,20,RL,47,Pave,,AllPub,NAmes,Norm,Norm,1Fam,1Story
Dwel_30,30,30,RM,60,Pave,,AllPub,BrkSide,Feedr,RRNn,1Fam,1Story
Dwel_31,31,70,C (all),50,Pave,Pave,AllPub,IDOTRR,Feedr,Norm,1Fam,2Story
Dwel_32,32,20,RL,,Pave,,AllPub,Sawyer,Norm,Norm,1Fam,1Story
Dwel_33,33,20,RL,85,Pave,,AllPub,CollgCr,Norm,Norm,1Fam,1Story
Dwel_34,34,20,RL,70,Pave,,AllPub,NAmes,Norm,Norm,1Fam,1Story
Dwel_35,35,120,RL,60,Pave,,AllPub,NridgHt,Norm,Norm,TwnhsE,1Story
Dwel_36,36,60,RL,108,Pave,,AllPub,NridgHt,Norm,Norm,1Fam,2Story
Dwel_37,37,20,RL,112,Pave,,AllPub,CollgCr,Norm,Norm,1Fam,1Story
Dwel_38,38,20,RL,74,Pave,,AllPub,NAmes,Norm,Norm,1Fam,1Story
Dwel_39,39,20,RL,68,Pave,,AllPub,NAmes,Norm,Norm,1Fam,1Story
Dwel_40,40,90,RL,65,Pave,,AllPub,Edwards,Norm,Norm,Duplex,1Story
Dwel_41,41,20,RL,84,Pave,,AllPub,NAmes,Norm,Norm,1Fam,1Story
Dwel_42,42,20,RL,115,Pave,,AllPub,Timber,Norm,Norm,1Fam,1Story
Dwel_43,43,85,RL,,Pave,,AllPub,SawyerW,Norm,Norm,1Fam,SFoyer
Dwel_44,44,20,RL,,Pave,,AllPub,CollgCr,Norm,Norm,1Fam,1Story
Dwel_45,45,20,RL,70,Pave,,AllPub,NAmes,Norm,Norm,1Fam,1Story
Dwel_46,46,120,RL,61,Pave,,AllPub,NridgHt,Norm,Norm,TwnhsE,1Story
Dwel_47,47,50,RL,48,Pave,,AllPub,Mitchel,Norm,Norm,1Fam,1.5Fin
Dwel_48,48,20,FV,84,Pave,,AllPub,Somerst,Norm,Norm,1Fam,1Story
Dwel_49,49,190,RM,33,Pave,,AllPub,OldTown,Norm,Norm,2fmCon,2Story
Dwel_50,50,20,RL,66,Pave,,AllPub,Sawyer,Norm,Norm,1Fam,1Story
Dwel_51,51,60,RL,,Pave,,AllPub,Gilbert,Norm,Norm,1Fam,2Story
Dwel_52,52,50,RM,52,Pave,,AllPub,BrkSide,Norm,Norm,1Fam,1.5Fin
Dwel_53,53,90,RM,110,Grvl,,AllPub,IDOTRR,RRNn,Norm,Duplex,1Story
Dwel_54,54,20,RL,68,Pave,,AllPub,Veenker,Norm,Norm,1Fam,1Story
Dwel_55,55,80,RL,60,Pave,,AllPub,NAmes,Norm,Norm,1Fam,SLvl
Dwel_56,56,20,RL,100,Pave,,AllPub,NAmes,Norm,Norm,1Fam,1Story
Dwel_57,57,160,FV,24,Pave,Pave,AllPub,Somerst,Norm,Norm,Twnhs,2Story
Dwel_58,58,60,RL,89,Pave,,AllPub,CollgCr,Norm,Norm,1Fam,2Story
Dwel_59,59,60,RL,66,Pave,,AllPub,StoneBr,Norm,Norm,1Fam,2Story
Dwel_60,60,20,RL,60,Pave,,AllPub,CollgCr,Norm,Norm,1Fam,1Story
Dwel_61,61,20,RL,63,Pave,,AllPub,SawyerW,RRAe,Norm,1Fam,1Story
Dwel_62,62,75,RM,60,Pave,,AllPub,IDOTRR,Norm,Norm,1Fam,2.5Unf
Dwel_63,63,120,RL,44,Pave,,AllPub,NridgHt,Norm,Norm,TwnhsE,1Story
Dwel_64,64,70,RM,50,Pave,,AllPub,OldTown,RRAn,Feedr,1Fam,2Story
Dwel_65,65,60,RL,,Pave,,AllPub,CollgCr,Norm,Norm,1Fam,2Story
Dwel_66,66,60,RL,76,Pave,,AllPub,NridgHt,Norm,Norm,1Fam,2Story
Dwel_67,67,20,RL,,Pave,,AllPub,NAmes,PosA,Norm,1Fam,1Story
Dwel_68,68,20,RL,72,Pave,,AllPub,CollgCr,Norm,Norm,1Fam,1Story
Dwel_69,69,30,RM,47,Pave,,AllPub,OldTown,Artery,Norm,1Fam,1Story
Dwel_70,70,50,RL,81,Pave,,AllPub,ClearCr,Norm,Norm,1Fam,1.5Fin
Dwel_71,71,20,RL,95,Pave,,AllPub,NAmes,Norm,Norm,1Fam,1Story
Dwel_72,72,20,RL,69,Pave,,AllPub,Mitchel,Norm,Norm,1Fam,1Story
Dwel_73,73,60,RL,74,Pave,,AllPub,Gilbert,Norm,Norm,1Fam,2Story
Dwel_74,74,20,RL,85,Pave,,AllPub,NAmes,Norm,Norm,1Fam,1Story
Dwel_75,75,50,RM,60,Pave,,AllPub,OldTown,Norm,Norm,1Fam,2Story
Dwel_76,76,180,RM,21,Pave,,AllPub,MeadowV,Norm,Norm,Twnhs,SLvl
Dwel_77,77,20,RL,,Pave,,AllPub,NAmes,Norm,Norm,1Fam,1Story
Dwel_78,78,50,RM,50,Pave,,AllPub,BrkSide,Norm,Norm,1Fam,1.5Fin
Dwel_79,79,90,RL,72,Pave,,AllPub,Sawyer,Norm,Norm,Duplex,1Story
Dwel_80,80,50,RM,60,Pave,Grvl,AllPub,OldTown,Norm,Norm,1Fam,2Story
Dwel_81,81,60,RL,100,Pave,,AllPub,NAmes,Norm,Norm,1Fam,2Story
Dwel_82,82,120,RM,32,Pave,,AllPub,Mitchel,Norm,Norm,TwnhsE,1Story
Dwel_83,83,20,RL,78,Pave,,AllPub,Somerst,Norm,Norm,1Fam,1Story
Dwel_84,84,20,RL,80,Pave,,AllPub,NAmes,Norm,Norm,1Fam,1Story
Dwel_85,85,80,RL,,Pave,,AllPub,Gilbert,Norm,Norm,1Fam,SLvl
Dwel_86,86,60,RL,121,Pave,,AllPub,NoRidge,Norm,Norm,1Fam,2Story
Dwel_87,87,60,RL,122,Pave,,AllPub,Gilbert,Norm,Norm,1Fam,2Story
Dwel_88,88,160,FV,40,Pave,Pave,AllPub,Somerst,Norm,Norm,TwnhsE,2Story
Dwel_89,89,50,C (all),105,Pave,,AllPub,IDOTRR,Feedr,Feedr,1Fam,1.5Fin
Dwel_90,90,20,RL,60,Pave,,AllPub,CollgCr,Norm,Norm,1Fam,1Story
Dwel_91,91,20,RL,60,Pave,,AllPub,NAmes,Norm,Norm,1Fam,1Story
Dwel_92,92,20,RL,85,Pave,,AllPub,NAmes,Norm,Norm,1Fam,1Story
Dwel_93,93,30,RL,80,Pave,Grvl,AllPub,Crawfor,Norm,Norm,1Fam,1Story
Dwel_94,94,190,C (all),60,Pave,,AllPub,OldTown,Norm,Norm,2fmCon,2.5Unf
Dwel_95,95,60,RL,69,Pave,,AllPub,CollgCr,Norm,Norm,1Fam,2Story
Dwel_96,96,60,RL,,Pave,,AllPub,Gilbert,Norm,Norm,1Fam,2Story
Dwel_97,97,20,RL,78,Pave,,AllPub,CollgCr,Norm,Norm,1Fam,1Story
Dwel_98,98,20,RL,73,Pave,,AllPub,Edwards,Norm,Norm,1Fam,1Story
Dwel_99,99,30,RL,85,Pave,,AllPub,Edwards,Norm,Norm,1Fam,1Story
Dwel_100,100,20,RL,77,Pave,,AllPub,NAmes,Norm,Norm,1Fam,1Story
Dwel_101,101,20,RL,,Pave,,AllPub,NWAmes,Norm,Norm,1Fam,1Story
Dwel_102,102,60,RL,77,Pave,,AllPub,SawyerW,Norm,Norm,1Fam,2Story
Dwel_103,103,90,RL,64,Pave,,AllPub,SawyerW,Norm,Norm,Duplex,1Story
Dwel_104,104,20,RL,94,Pave,,AllPub,CollgCr,Norm,Norm,1Fam,1Story
Dwel_105,105,50,RM,,Pave,,AllPub,IDOTRR,Norm,Norm,1Fam,1.5Fin
Dwel_106,106,60,FV,75,Pave,,AllPub,Somerst,Norm,Norm,1Fam,2Story
Dwel_107,107,30,RM,60,Pave,Grvl,AllPub,OldTown,Norm,Norm,1Fam,1Story
Dwel_108,108,20,RM,50,Pave,,AllPub,OldTown,Norm,Norm,1Fam,1Story
Dwel_109,109,50,RM,85,Pave,,AllPub,IDOTRR,Artery,Norm,1Fam,1.5Fin
Dwel_110,110,20,RL,105,Pave,,AllPub,NWAmes,Norm,Norm,1Fam,1Story
Dwel_111,111,50,RL,75,Pave,,AllPub,Edwards,Norm,Norm,1Fam,1.5Fin
Dwel_112,112,80,RL,,Pave,,AllPub,Gilbert,Norm,Norm,1Fam,SLvl
Dwel_113,113,60,RL,77,Pave,,AllPub,CollgCr,Norm,Norm,1Fam,2Story
Dwel_114,114,20,RL,,Pave,,AllPub,Crawfor,Norm,Norm,1Fam,1Story
Dwel_115,115,70,RL,61,Pave,,AllPub,Crawfor,Norm,Norm,1Fam,2Story
Dwel_116,116,160,FV,34,Pave,Pave,AllPub,Somerst,Norm,Norm,TwnhsE,2Story
Dwel_117,117,20,RL,,Pave,,AllPub,Sawyer,Norm,Norm,1Fam,1Story
Dwel_118,118,20,RL,74,Pave,,AllPub,Edwards,Norm,Norm,1Fam,1Story
Dwel_119,119,60,RL,90,Pave,,AllPub,SawyerW,Norm,Norm,1Fam,2Story
Dwel_120,120,60,RL,65,Pave,,AllPub,CollgCr,Norm,Norm,1Fam,2Story
Dwel_121,121,80,RL,,Pave,,AllPub,ClearCr,Norm,Norm,1Fam,SLvl
Dwel_122,122,50,RM,50,Pave,,AllPub,IDOTRR,Norm,Norm,1Fam,1.5Fin
Dwel_123,123,20,RL,75,Pave,,AllPub,NAmes,Norm,Norm,1Fam,1Story
Dwel_124,124,120,RL,55,Pave,,AllPub,SawyerW,Norm,Norm,TwnhsE,1Story
Dwel_125,125,20,RL,48,Pave,,AllPub,NWAmes,Norm,Norm,1Fam,1Story
Dwel_126,126,190,RM,60,Pave,,AllPub,IDOTRR,Norm,Norm,2fmCon,1.5Fin
Dwel_127,127,120,RL,,Pave,,AllPub,NPkVill,Norm,Norm,TwnhsE,1Story
Dwel_128,128,45,RM,55,Pave,,AllPub,OldTown,Feedr,Norm,1Fam,1.5Unf
Dwel_129,129,60,RL,69,Pave,,AllPub,NAmes,PosN,Norm,1Fam,2Story
Dwel_130,130,20,RL,69,Pave,,AllPub,NAmes,Norm,Norm,1Fam,1Story
Dwel_131,131,60,RL,88,Pave,,AllPub,NAmes,Norm,Norm,1Fam,2Story
Dwel_132,132,60,RL,,Pave,,AllPub,Gilbert,Norm,Norm,1Fam,2Story
Dwel_133,133,20,RL,75,Pave,,AllPub,NAmes,Norm,Norm,1Fam,1Story
Dwel_134,134,20,RL,,Pave,,AllPub,Timber,Norm,Norm,1Fam,1Story
Dwel_135,135,20,RL,78,Pave,,AllPub,Sawyer,Norm,Norm,1Fam,1Story
Dwel_136,136,20,RL,80,Pave,,AllPub,NWAmes,Norm,Norm,1Fam,1Story
Dwel_137,137,20,RL,,Pave,,AllPub,NAmes,Norm,Norm,1Fam,1Story
Dwel_138,138,90,RL,82,Pave,,AllPub,Mitchel,Norm,Norm,Duplex,1Story
Dwel_139,139,60,RL,73,Pave,,AllPub,CollgCr,Norm,Norm,1Fam,2Story
Dwel_140,140,60,RL,65,Pave,,AllPub,CollgCr,Norm,Norm,1Fam,2Story
Dwel_141,141,20,RL,70,Pave,,AllPub,NAmes,Norm,Norm,1Fam,1Story
Dwel_142,142,20,RL,78,Pave,,AllPub,CollgCr,Norm,Norm,1Fam,1Story
Dwel_143,143,50,RL,71,Pave,,AllPub,NAmes,Artery,Norm,1Fam,1.5Fin
Dwel_144,144,20,RL,78,Pave,,AllPub,CollgCr,Norm,Norm,1Fam,1Story
Dwel_145,145,90,RM,70,Pave,,AllPub,Sawyer,RRAe,Norm,Duplex,1Story
Dwel_146,146,160,RM,24,Pave,,AllPub,Edwards,Norm,Norm,Twnhs,2Story
Dwel_147,147,30,RM,51,Pave,,AllPub,BrkSide,Norm,Norm,1Fam,1Story
Dwel_148,148,60,RL,,Pave,,AllPub,Gilbert,Norm,Norm,1Fam,2Story
Dwel_149,149,20,RL,63,Pave,,AllPub,SawyerW,Norm,Norm,1Fam,1Story
Dwel_150,150,50,RM,,Pave,,AllPub,BrkSide,Norm,Norm,1Fam,1.5Fin
Dwel_151,151,20,RL,120,Pave,,AllPub,CollgCr,Norm,Norm,1Fam,1Story
Dwel_152,152,20,RL,107,Pave,,AllPub,NridgHt,Norm,Norm,1Fam,1Story
Dwel_153,153,60,RL,,Pave,,AllPub,NWAmes,Norm,Norm,1Fam,2Story
Dwel_154,154,20,RL,,Pave,,AllPub,ClearCr,Norm,Norm,1Fam,1Story
Dwel_155,155,30,RM,84,Pave,,AllPub,OldTown,Norm,Norm,1Fam,1Story
Dwel_156,156,50,RL,60,Pave,,AllPub,Edwards,Artery,Norm,1Fam,1.5Fin
Dwel_157,157,20,RL,60,Pave,,AllPub,NAmes,Norm,Norm,1Fam,1Story
Dwel_158,158,60,RL,92,Pave,,AllPub,Timber,Norm,Norm,1Fam,2Story
Dwel_159,159,60,FV,100,Pave,,AllPub,Somerst,Norm,Norm,1Fam,2Story
Dwel_160,160,60,RL,134,Pave,,AllPub,Gilbert,Norm,Norm,1Fam,2Story
Dwel_161,161,20,RL,,Pave,,AllPub,Veenker,Norm,Norm,1Fam,1Story
Dwel_162,162,60,RL,110,Pave,,AllPub,NridgHt,Norm,Norm,1Fam,2Story
Dwel_163,163,20,RL,95,Pave,,AllPub,NridgHt,Norm,Norm,1Fam,1Story
Dwel_164,164,45,RL,55,Pave,,AllPub,OldTown,Norm,Norm,1Fam,1.5Unf
Dwel_165,165,40,RM,40,Pave,Pave,AllPub,OldTown,Norm,Norm,1Fam,1Story
Dwel_166,166,190,RL,62,Pave,,AllPub,Edwards,Norm,Norm,2fmCon,1.5Fin
Dwel_167,167,20,RL,,Pave,,AllPub,ClearCr,Norm,Norm,1Fam,1Story
Dwel_168,168,60,RL,86,Pave,,AllPub,NridgHt,Norm,Norm,1Fam,2Story
Dwel_169,169,60,RL,62,Pave,,AllPub,Gilbert,Norm,Norm,1Fam,2Story
Dwel_170,170,20,RL,,Pave,,AllPub,Timber,Norm,Norm,1Fam,1Story
Dwel_171,171,50,RM,,Pave,,AllPub,OldTown,Feedr,Norm,1Fam,1.5Fin
Dwel_172,172,20,RL,141,Pave,,AllPub,NAmes,Norm,Norm,1Fam,1Story
Dwel_173,173,160,RL,44,Pave,,AllPub,StoneBr,Norm,Norm,TwnhsE,2Story
Dwel_174,174,20,RL,80,Pave,,AllPub,NAmes,Norm,Norm,1Fam,1Story
Dwel_175,175,20,RL,47,Pave,,AllPub,Timber,Norm,Norm,1Fam,1Story
Dwel_176,176,20,RL,84,Pave,,AllPub,Edwards,Norm,Norm,1Fam,1Story
Dwel_177,177,60,RL,97,Pave,,AllPub,ClearCr,Norm,Norm,1Fam,2Story
Dwel_178,178,50,RL,,Pave,,AllPub,Sawyer,Norm,Norm,1Fam,1.5Fin
Dwel_179,179,20,RL,63,Pave,,AllPub,StoneBr,Norm,Norm,1Fam,1Story
Dwel_180,180,30,RM,60,Pave,,AllPub,OldTown,Norm,Norm,1Fam,1Story
Dwel_181,181,160,FV,,Pave,,AllPub,Somerst,Norm,Norm,Twnhs,2Story
Dwel_182,182,70,RL,54,Pave,,AllPub,Crawfor,Norm,Norm,1Fam,2Story
Dwel_183,183,20,RL,60,Pave,,AllPub,Edwards,Artery,Norm,1Fam,1Story
Dwel_184,184,50,RM,63,Pave,,AllPub,OldTown,Norm,Norm,1Fam,1.5Fin
Dwel_185,185,50,RL,92,Pave,,AllPub,BrkSide,RRAn,Feedr,1Fam,1.5Fin
Dwel_186,186,75,RM,90,Pave,,AllPub,OldTown,Artery,Norm,1Fam,2.5Fin
Dwel_187,187,80,RL,,Pave,,AllPub,Mitchel,Norm,Norm,1Fam,SLvl
Dwel_188,188,50,RL,60,Pave,,AllPub,OldTown,Norm,Norm,1Fam,1.5Fin
Dwel_189,189,90,RL,64,Pave,,AllPub,SawyerW,Feedr,Norm,Duplex,SFoyer
Dwel_190,190,120,RL,41,Pave,,AllPub,StoneBr,Norm,Norm,TwnhsE,1Story
Dwel_191,191,70,RL,70,Pave,,AllPub,Crawfor,Norm,Norm,1Fam,2Story
Dwel_192,192,60,RL,,Pave,,AllPub,NAmes,Norm,Norm,1Fam,2Story
Dwel_193,193,20,RL,68,Pave,,AllPub,CollgCr,Norm,Norm,1Fam,1Story
Dwel_194,194,160,RM,24,Pave,,AllPub,Edwards,Norm,Norm,Twnhs,2Story
Dwel_195,195,20,RL,60,Pave,,AllPub,CollgCr,Norm,Norm,1Fam,1Story
Dwel_196,196,160,RL,24,Pave,,AllPub,NPkVill,Norm,Norm,Twnhs,2Story
Dwel_197,197,20,RL,79,Pave,,AllPub,Somerst,Norm,Norm,1Fam,1Story
Dwel_198,198,75,RL,174,Pave,,AllPub,NAmes,Artery,Norm,1Fam,2Story
Dwel_199,199,75,RM,92,Pave,,AllPub,OldTown,Norm,Norm,1Fam,2.5Fin
Dwel_200,200,20,RL,76,Pave,,AllPub,NridgHt,Norm,Norm,1Fam,1Story
Dwel_201,201,20,RM,80,Pave,,AllPub,Edwards,Norm,Norm,1Fam,1Story
Dwel_202,202,20,RL,75,Pave,,AllPub,Mitchel,Norm,Norm,1Fam,1Story
Dwel_203,203,50,RL,50,Pave,,AllPub,OldTown,Artery,Norm,1Fam,1.5Fin
Dwel_204,204,120,RM,,Pave,,AllPub,CollgCr,Norm,Norm,TwnhsE,1Story
Dwel_205,205,50,RM,50,Pave,Grvl,AllPub,OldTown,Norm,Norm,1Fam,1.5Fin
Dwel_206,206,20,RL,99,Pave,,AllPub,Gilbert,Norm,Norm,1Fam,1Story
Dwel_207,207,20,RL,40,Pave,,AllPub,Sawyer,RRAe,Norm,1Fam,1Story
Dwel_208,208,20,RL,,Pave,,AllPub,NAmes,Norm,Norm,1Fam,1Story
Dwel_209,209,60,RL,,Pave,,AllPub,SawyerW,Norm,Norm,1Fam,2Story
Dwel_210,210,20,RL,75,Pave,,AllPub,NAmes,Norm,Norm,1Fam,1Story
Dwel_211,211,30,RL,67,Pave,,AllPub,Edwards,Norm,Norm,1Fam,1Story
Dwel_212,212,20,RL,83,Pave,,AllPub,Edwards,Norm,Norm,1Fam,1Story
Dwel_213,213,60,FV,72,Pave,,AllPub,Somerst,Norm,Norm,1Fam,2Story
Dwel_214,214,20,RL,43,Pave,,AllPub,CollgCr,Norm,Norm,1Fam,1Story
Dwel_215,215,60,RL,,Pave,,AllPub,CollgCr,Norm,Norm,1Fam,2Story
Dwel_216,216,20,RL,72,Pave,,AllPub,NAmes,Norm,Norm,1Fam,1Story
Dwel_217,217,20,RL,65,Pave,,AllPub,CollgCr,Norm,Norm,1Fam,1Story
Dwel_218,218,70,RM,57,Pave,Grvl,AllPub,OldTown,Norm,Norm,1Fam,2Story
Dwel_219,219,50,RL,,Pave,,AllPub,Crawfor,Norm,Norm,1Fam,1.5Fin
Dwel_220,220,120,RL,43,Pave,,AllPub,Blmngtn,Norm,Norm,TwnhsE,1Story
Dwel_221,221,20,RL,73,Pave,,AllPub,CollgCr,Norm,Norm,1Fam,1Story
Dwel_222,222,60,RL,,Pave,,AllPub,Gilbert,Norm,Norm,1Fam,2Story
Dwel_223,223,60,RL,85,Pave,,AllPub,NWAmes,RRAn,Norm,1Fam,2Story
Dwel_224,224,20,RL,70,Pave,,AllPub,NAmes,Norm,Norm,1Fam,1Story
Dwel_225,225,20,RL,103,Pave,,AllPub,NridgHt,Norm,Norm,1Fam,1Story
Dwel_226,226,160,RM,21,Pave,,AllPub,BrDale,Norm,Norm,Twnhs,2Story
Dwel_227,227,60,RL,82,Pave,,AllPub,NoRidge,Norm,Norm,1Fam,2Story
Dwel_228,228,160,RM,21,Pave,,AllPub,BrDale,Norm,Norm,Twnhs,2Story
Dwel_229,229,20,RL,70,Pave,,AllPub,Sawyer,Feedr,Norm,1Fam,1Story
Dwel_230,230,120,RL,43,Pave,,AllPub,Blmngtn,Norm,Norm,TwnhsE,1Story
Dwel_231,231,20,RL,73,Pave,,AllPub,NAmes,Norm,Norm,1Fam,1Story
Dwel_232,232,60,RL,174,Pave,,AllPub,NoRidge,Norm,Norm,1Fam,2Story
Dwel_233,233,160,RM,21,Pave,,AllPub,BrDale,Norm,Norm,Twnhs,2Story
Dwel_234,234,20,RL,75,Pave,,AllPub,CollgCr,Norm,Norm,1Fam,1Story
Dwel_235,235,60,RL,,Pave,,AllPub,Gilbert,Norm,Norm,1Fam,2Story
Dwel_236,236,160,RM,21,Pave,,AllPub,BrDale,Norm,Norm,TwnhsE,2Story
Dwel_237,237,20,RL,65,Pave,,AllPub,CollgCr,Norm,Norm,1Fam,1Story
Dwel_238,238,60,RL,,Pave,,AllPub,SawyerW,RRNe,Norm,1Fam,2Story
Dwel_239,239,20,RL,93,Pave,,AllPub,NridgHt,Norm,Norm,1Fam,1Story
Dwel_240,240,50,RL,52,Pave,,AllPub,Edwards,Norm,Norm,1Fam,1.5Fin
Dwel_241,241,20,FV,75,Pave,,AllPub,Somerst,Norm,Norm,1Fam,1Story
Dwel_242,242,30,RM,40,Pave,,AllPub,OldTown,Norm,Norm,1Fam,1Story
Dwel_243,243,50,RM,63,Pave,,AllPub,OldTown,Norm,Norm,1Fam,1.5Fin
Dwel_244,244,160,RL,75,Pave,,AllPub,SawyerW,Norm,Norm,TwnhsE,2Story
Dwel_245,245,60,RL,,Pave,,AllPub,SawyerW,Norm,Norm,1Fam,2Story
Dwel_246,246,20,RL,80,Pave,,AllPub,NWAmes,Norm,Norm,1Fam,1Story
Dwel_247,247,190,RM,69,Pave,Grvl,AllPub,OldTown,Norm,Norm,2fmCon,2Story
Dwel_248,248,20,RL,75,Pave,,AllPub,NAmes,Norm,Norm,1Fam,1Story
Dwel_249,249,60,RL,72,Pave,,AllPub,CollgCr,Norm,Norm,1Fam,2Story
Dwel_250,250,50,RL,,Pave,,AllPub,ClearCr,Norm,Norm,1Fam,1.5Fin
Dwel_251,251,30,RL,55,Pave,,AllPub,BrkSide,Norm,Norm,1Fam,1Story
Dwel_252,252,120,RM,44,Pave,,AllPub,Crawfor,Norm,Norm,TwnhsE,1Story
Dwel_253,253,60,RL,65,Pave,,AllPub,SawyerW,Norm,Norm,1Fam,2Story
Dwel_254,254,80,RL,85,Pave,,AllPub,NAmes,Norm,Norm,1Fam,SLvl
Dwel_255,255,20,RL,70,Pave,,AllPub,NAmes,Norm,Norm,1Fam,1Story
Dwel_256,256,60,RL,66,Pave,,AllPub,Gilbert,Norm,Norm,1Fam,2Story
Dwel_257,257,60,FV,64,Pave,,AllPub,Somerst,Norm,Norm,1Fam,2Story
Dwel_258,258,20,RL,68,Pave,,AllPub,CollgCr,Norm,Norm,1Fam,1Story
Dwel_259,259,60,RL,80,Pave,,AllPub,CollgCr,Norm,Norm,1Fam,2Story
Dwel_260,260,20,RM,70,Pave,,AllPub,OldTown,Norm,Norm,1Fam,1Story
Dwel_261,261,80,RL,120,Pave,,AllPub,NAmes,Artery,Norm,1Fam,SLvl
Dwel_262,262,60,RL,69,Pave,,AllPub,CollgCr,Norm,Norm,1Fam,2Story
Dwel_263,263,80,RL,88,Pave,,AllPub,Sawyer,Norm,Norm,1Fam,SLvl
Dwel_264,264,50,RM,50,Pave,,AllPub,OldTown,Norm,Norm,1Fam,1.5Fin
Dwel_265,265,30,RM,30,Pave,Grvl,AllPub,OldTown,Artery,Norm,1Fam,1Story
Dwel_266,266,20,RL,78,Pave,,AllPub,NWAmes,Norm,Norm,1Fam,1Story
Dwel_267,267,60,RL,70,Pave,,AllPub,Gilbert,Norm,Norm,1Fam,2Story
Dwel_268,268,75,RL,60,Pave,,AllPub,SWISU,Norm,Norm,1Fam,2.5Fin
Dwel_269,269,30,RM,71,Pave,,AllPub,IDOTRR,Norm,Norm,1Fam,1Story
Dwel_270,270,20,RL,,Pave,,AllPub,Edwards,Norm,Norm,1Fam,1Story
Dwel_271,271,60,FV,84,Pave,,AllPub,Somerst,Norm,Norm,1Fam,2Story
Dwel_272,272,20,RL,73,Pave,,AllPub,ClearCr,Norm,Norm,1Fam,1Story
Dwel_273,273,60,RL,92,Pave,,AllPub,NoRidge,Norm,Norm,1Fam,2Story
Dwel_274,274,20,RL,80,Pave,,AllPub,NAmes,Feedr,Norm,1Fam,1Story
Dwel_275,275,20,RL,76,Pave,,AllPub,Mitchel,Norm,Norm,1Fam,1Story
Dwel_276,276,50,RL,55,Pave,,AllPub,BrkSide,Norm,Norm,1Fam,1.5Fin
Dwel_277,277,20,RL,129,Pave,,AllPub,Mitchel,Norm,Norm,1Fam,1Story
Dwel_278,278,20,RL,140,Pave,,AllPub,Gilbert,Norm,Norm,1Fam,1Story
Dwel_279,279,20,RL,107,Pave,,AllPub,NridgHt,Norm,Norm,1Fam,1Story
Dwel_280,280,60,RL,83,Pave,,AllPub,ClearCr,Norm,Norm,1Fam,2Story
Dwel_281,281,60,RL,82,Pave,,AllPub,SawyerW,Norm,Norm,1Fam,2Story
Dwel_282,282,20,FV,60,Pave,Pave,AllPub,Somerst,Norm,Norm,1Fam,1Story
Dwel_283,283,120,RL,34,Pave,,AllPub,NridgHt,Norm,Norm,Twnhs,1Story
Dwel_284,284,20,RL,74,Pave,,AllPub,Somerst,Feedr,Norm,1Fam,1Story
Dwel_285,285,120,RL,50,Pave,,AllPub,SawyerW,Norm,Norm,TwnhsE,1Story
Dwel_286,286,160,FV,35,Pave,Pave,AllPub,Somerst,Norm,Norm,TwnhsE,2Story
Dwel_287,287,50,RL,77,Pave,,AllPub,NAmes,Norm,Norm,1Fam,1.5Fin
Dwel_288,288,20,RL,,Pave,,AllPub,NAmes,Norm,Norm,1Fam,1Story
Dwel_289,289,20,RL,,Pave,,AllPub,Sawyer,Norm,Norm,1Fam,1Story
Dwel_290,290,70,RL,60,Pave,,AllPub,BrkSide,RRAn,Norm,1Fam,2Story
Dwel_291,291,60,RL,120,Pave,,AllPub,CollgCr,Norm,Norm,1Fam,2Story
Dwel_292,292,190,RL,55,Pave,Grvl,AllPub,SWISU,Norm,Norm,2fmCon,2Story
Dwel_293,293,50,RL,60,Pave,,AllPub,Edwards,Norm,Norm,1Fam,1.5Fin
Dwel_294,294,60,RL,,Pave,,AllPub,NWAmes,PosA,Norm,1Fam,2Story
Dwel_295,295,20,RL,80,Pave,,AllPub,NAmes,Norm,Norm,1Fam,1Story
Dwel_296,296,80,RL,37,Pave,,AllPub,Mitchel,Norm,Norm,1Fam,SLvl
Dwel_297,297,50,RM,75,Pave,,AllPub,IDOTRR,Norm,Norm,1Fam,1.5Fin
Dwel_298,298,60,FV,66,Pave,Pave,AllPub,Somerst,Norm,Norm,1Fam,2Story
Dwel_299,299,60,RL,90,Pave,,AllPub,NWAmes,Norm,Norm,1Fam,2Story
Dwel_300,300,20,RL,80,Pave,,AllPub,Crawfor,Norm,Norm,1Fam,1Story
Dwel_301,301,190,RL,90,Pave,,AllPub,Crawfor,Norm,Norm,2fmCon,1Story
Dwel_302,302,60,RL,66,Pave,,AllPub,CollgCr,Norm,Norm,1Fam,2Story
Dwel_303,303,20,RL,118,Pave,,AllPub,CollgCr,Norm,Norm,1Fam,1Story
Dwel_304,304,20,RL,70,Pave,,AllPub,CollgCr,Norm,Norm,1Fam,1Story
Dwel_305,305,75,RM,87,Pave,,AllPub,OldTown,Norm,Norm,1Fam,2.5Fin
Dwel_306,306,20,RL,80,Pave,,AllPub,CollgCr,Norm,Norm,1Fam,1Story
Dwel_307,307,60,RL,116,Pave,,AllPub,SawyerW,Feedr,Norm,1Fam,2Story
Dwel_308,308,50,RM,,Pave,Grvl,AllPub,IDOTRR,Artery,Norm,1Fam,1.5Fin
Dwel_309,309,30,RL,,Pave,,AllPub,Edwards,Norm,Norm,1Fam,1Story
Dwel_310,310,20,RL,90,Pave,,AllPub,NridgHt,Norm,Norm,1Fam,1Story
Dwel_311,311,60,RL,,Pave,,AllPub,Gilbert,Norm,Norm,1Fam,2Story
Dwel_312,312,20,RL,50,Pave,,AllPub,NAmes,Norm,Norm,1Fam,1Story
Dwel_313,313,190,RM,65,Pave,,AllPub,OldTown,Artery,Norm,2fmCon,1.5Fin
Dwel_314,314,20,RL,150,Pave,,AllPub,Timber,Norm,Norm,1Fam,1Story
Dwel_315,315,70,RM,60,Pave,Grvl,AllPub,OldTown,Norm,Norm,1Fam,2Story
Dwel_316,316,60,RL,71,Pave,,AllPub,Gilbert,Norm,Norm,1Fam,2Story
Dwel_317,317,60,RL,94,Pave,,AllPub,NWAmes,Norm,Norm,1Fam,2Story
Dwel_318,318,60,FV,75,Pave,,AllPub,Somerst,Norm,Norm,1Fam,2Story
Dwel_319,319,60,RL,90,Pave,,AllPub,NoRidge,Norm,Norm,1Fam,2Story
Dwel_320,320,80,RL,,Pave,,AllPub,NWAmes,Norm,Norm,1Fam,SLvl
Dwel_321,321,60,RL,111,Pave,,AllPub,NridgHt,Norm,Norm,1Fam,2Story
Dwel_322,322,60,RL,99,Pave,,AllPub,NridgHt,Norm,Norm,1Fam,2Story
Dwel_323,323,60,RL,86,Pave,,AllPub,SawyerW,Norm,Norm,1Fam,2Story
Dwel_324,324,20,RM,49,Pave,,AllPub,OldTown,Norm,Norm,1Fam,1Story
Dwel_325,325,80,RL,96,Pave,,AllPub,NAmes,PosN,Norm,1Fam,SLvl
Dwel_326,326,45,RM,50,Pave,,AllPub,IDOTRR,RRAe,Norm,1Fam,1.5Unf
Dwel_327,327,120,RL,32,Pave,,AllPub,Veenker,Norm,Norm,TwnhsE,1Story
Dwel_328,328,20,RL,80,Pave,,AllPub,NAmes,Norm,Norm,1Fam,1Story
Dwel_329,329,75,RL,,Pave,Pave,AllPub,BrkSide,PosN,Norm,1Fam,2.5Unf
Dwel_330,330,70,RM,60,Pave,,AllPub,IDOTRR,Norm,Norm,1Fam,2Story
Dwel_331,331,90,RL,,Pave,,AllPub,NAmes,Norm,Norm,Duplex,1Story
Dwel_332,332,20,RL,70,Pave,,AllPub,NAmes,Norm,Norm,1Fam,1Story
Dwel_333,333,20,RL,85,Pave,,AllPub,NridgHt,Norm,Norm,1Fam,1Story
Dwel_334,334,120,RM,59,Pave,,AllPub,NridgHt,Norm,Norm,TwnhsE,1Story
Dwel_335,335,60,RL,59,Pave,,AllPub,Gilbert,Norm,Norm,1Fam,2Story
Dwel_336,336,190,RL,,Grvl,,AllPub,Timber,Norm,Norm,2fmCon,1.5Fin
Dwel_337,337,20,RL,86,Pave,,AllPub,StoneBr,Norm,Norm,1Fam,1Story
Dwel_338,338,20,RL,70,Pave,,AllPub,CollgCr,Norm,Norm,1Fam,1Story
Dwel_339,339,20,RL,91,Pave,,AllPub,NWAmes,Norm,Norm,1Fam,1Story
Dwel_340,340,20,RL,66,Pave,,AllPub,NAmes,Feedr,Norm,1Fam,1Story
Dwel_341,341,60,RL,85,Pave,,AllPub,Timber,Norm,Norm,1Fam,2Story
Dwel_342,342,20,RH,60,Pave,,AllPub,SawyerW,Feedr,Norm,1Fam,1Story
Dwel_343,343,90,RL,,Pave,,AllPub,NAmes,Norm,Norm,Duplex,1Story
Dwel_344,344,120,RL,63,Pave,,AllPub,NridgHt,Norm,Norm,TwnhsE,1Story
Dwel_345,345,160,RM,36,Pave,,AllPub,MeadowV,Norm,Norm,TwnhsE,2Story
Dwel_346,346,50,RL,65,Pave,,AllPub,BrkSide,RRAn,Norm,1Fam,1.5Fin
Dwel_347,347,20,RL,,Pave,,AllPub,NAmes,Norm,Norm,1Fam,1Story
Dwel_348,348,20,RL,,Pave,,AllPub,NAmes,Norm,Norm,1Fam,1Story
Dwel_349,349,160,RL,36,Pave,,AllPub,NridgHt,Norm,Norm,Twnhs,2Story
Dwel_350,350,60,RL,56,Pave,,AllPub,NridgHt,Norm,Norm,1Fam,2Story
Dwel_351,351,120,RL,68,Pave,,AllPub,NridgHt,Norm,Norm,TwnhsE,1Story
Dwel_352,352,120,RL,,Pave,,AllPub,ClearCr,Norm,Norm,1Fam,1Story
Dwel_353,353,50,RL,60,Pave,,AllPub,Edwards,Artery,Norm,1Fam,1.5Fin
Dwel_354,354,30,RM,60,Pave,,AllPub,OldTown,Norm,Norm,1Fam,1Story
Dwel_355,355,50,RL,60,Pave,,AllPub,SWISU,Norm,Norm,1Fam,1.5Fin
Dwel_356,356,20,RL,105,Pave,,AllPub,CollgCr,Norm,Norm,1Fam,1Story
Dwel_357,357,20,RL,,Pave,,AllPub,Gilbert,Norm,Norm,1Fam,1Story
Dwel_358,358,120,RM,44,Pave,,AllPub,MeadowV,Norm,Norm,TwnhsE,1Story
Dwel_359,359,80,RL,92,Pave,,AllPub,ClearCr,Norm,Norm,1Fam,SLvl
Dwel_360,360,60,RL,78,Pave,,AllPub,NoRidge,Norm,Norm,1Fam,2Story
Dwel_361,361,85,RL,,Pave,,AllPub,Mitchel,Norm,Norm,1Fam,SFoyer
Dwel_362,362,50,RL,,Pave,Pave,AllPub,BrkSide,Norm,Norm,1Fam,1.5Fin
Dwel_363,363,85,RL,64,Pave,,AllPub,Edwards,Norm,Norm,1Fam,SFoyer
Dwel_364,364,160,RM,21,Pave,,AllPub,BrDale,Norm,Norm,Twnhs,2Story
Dwel_365,365,60,RL,,Pave,,AllPub,NWAmes,Norm,Norm,1Fam,2Story
Dwel_366,366,70,RM,59,Pave,,AllPub,IDOTRR,Norm,Norm,1Fam,2Story
Dwel_367,367,20,RL,,Pave,,AllPub,NAmes,Norm,Norm,1Fam,1Story
Dwel_368,368,80,RL,101,Pave,,AllPub,NAmes,Norm,Norm,1Fam,SLvl
Dwel_369,369,20,RL,78,Pave,,AllPub,NAmes,Norm,Norm,1Fam,1Story
Dwel_370,370,20,RL,,Pave,,AllPub,NAmes,Norm,Norm,1Fam,1Story
Dwel_371,371,60,RL,,Pave,,AllPub,Gilbert,Norm,Norm,1Fam,2Story
Dwel_372,372,50,RL,80,Pave,,AllPub,ClearCr,Feedr,Norm,1Fam,1.5Fin
Dwel_373,373,120,RL,50,Pave,,AllPub,SawyerW,Norm,Norm,TwnhsE,1Story
Dwel_374,374,20,RL,79,Pave,,AllPub,NAmes,Norm,Norm,1Fam,1Story
Dwel_375,375,60,RL,65,Pave,,AllPub,CollgCr,Norm,Norm,1Fam,2Story
Dwel_376,376,30,RL,,Pave,,AllPub,Edwards,Norm,Norm,1Fam,1Story
Dwel_377,377,85,RL,57,Pave,,AllPub,CollgCr,Norm,Norm,1Fam,SFoyer
Dwel_378,378,60,FV,102,Pave,,AllPub,Somerst,Norm,Norm,1Fam,2Story
Dwel_379,379,20,RL,88,Pave,,AllPub,StoneBr,Norm,Norm,1Fam,1Story
Dwel_380,380,60,RL,60,Pave,,AllPub,Gilbert,RRAn,Norm,1Fam,2Story
Dwel_381,381,50,RL,50,Pave,Pave,AllPub,SWISU,Norm,Norm,1Fam,1.5Fin
Dwel_382,382,20,FV,60,Pave,Pave,AllPub,Somerst,Norm,Norm,1Fam,1Story
Dwel_383,383,60,RL,79,Pave,,AllPub,CollgCr,Norm,Norm,1Fam,2Story
Dwel_384,384,45,RH,60,Pave,,AllPub,SawyerW,Norm,Norm,1Fam,1.5Unf
Dwel_385,385,60,RL,,Pave,,AllPub,ClearCr,Feedr,Norm,1Fam,2Story
Dwel_386,386,120,RL,43,Pave,,AllPub,Blmngtn,Norm,Norm,TwnhsE,1Story
Dwel_387,387,50,RL,58,Pave,,AllPub,Edwards,Feedr,Norm,1Fam,1.5Fin
Dwel_388,388,80,RL,72,Pave,,AllPub,Edwards,Norm,Norm,1Fam,SLvl
Dwel_389,389,20,RL,93,Pave,,AllPub,CollgCr,Norm,Norm,1Fam,1Story
Dwel_390,390,60,RL,96,Pave,,AllPub,NridgHt,Norm,Norm,1Fam,2Story
Dwel_391,391,50,RL,50,Pave,Grvl,AllPub,Edwards,Norm,Norm,1Fam,1.5Fin
Dwel_392,392,60,RL,71,Pave,,AllPub,Mitchel,Norm,Norm,1Fam,2Story
Dwel_393,393,20,RL,,Pave,,AllPub,NAmes,Norm,Norm,1Fam,1Story
Dwel_394,394,30,RL,,Pave,,AllPub,BrkSide,Feedr,Norm,1Fam,1Story
Dwel_395,395,50,RL,60,Pave,,AllPub,OldTown,Norm,Norm,1Fam,1.5Fin
Dwel_396,396,20,RL,68,Pave,,AllPub,Edwards,Norm,Norm,1Fam,1Story
Dwel_397,397,20,RL,60,Pave,,AllPub,CollgCr,Norm,Norm,1Fam,1Story
Dwel_398,398,60,RL,69,Pave,,AllPub,NAmes,PosN,Norm,1Fam,2Story
Dwel_399,399,30,RM,60,Pave,,AllPub,IDOTRR,Norm,Norm,1Fam,1Story
Dwel_400,400,60,FV,65,Pave,,AllPub,Somerst,Norm,Norm,1Fam,2Story
Dwel_401,401,120,RL,38,Pave,,AllPub,Veenker,Norm,Norm,TwnhsE,1Story
Dwel_402,402,20,RL,65,Pave,,AllPub,CollgCr,Norm,Norm,1Fam,1Story
Dwel_403,403,30,RL,60,Pave,,AllPub,Sawyer,Norm,Norm,1Fam,1Story
Dwel_404,404,60,RL,93,Pave,,AllPub,NoRidge,Norm,Norm,1Fam,2Story
Dwel_405,405,60,RL,,Pave,,AllPub,Gilbert,Norm,Norm,1Fam,2Story
Dwel_406,406,20,RL,,Pave,,AllPub,Sawyer,Feedr,Norm,1Fam,1Story
Dwel_407,407,50,RL,51,Pave,,AllPub,SWISU,Norm,Norm,1Fam,1.5Fin
Dwel_408,408,70,RL,63,Pave,,AllPub,Crawfor,Norm,Norm,1Fam,2Story
Dwel_409,409,60,RL,109,Pave,,AllPub,NridgHt,Norm,Norm,1Fam,2Story
Dwel_410,410,60,FV,85,Pave,,AllPub,Somerst,Norm,Norm,1Fam,2Story
Dwel_411,411,20,RL,68,Pave,,AllPub,Edwards,Norm,Norm,1Fam,1Story
Dwel_412,412,190,RL,100,Pave,,AllPub,Gilbert,Norm,Norm,2fmCon,1Story
Dwel_413,413,20,FV,,Pave,,AllPub,Somerst,Norm,Norm,1Fam,1Story
Dwel_414,414,30,RM,56,Pave,Grvl,AllPub,OldTown,Artery,Norm,1Fam,1Story
Dwel_415,415,60,RL,59,Pave,,AllPub,SawyerW,Norm,Norm,1Fam,2Story
Dwel_416,416,20,RL,73,Pave,,AllPub,Gilbert,Norm,Norm,1Fam,1Story
Dwel_417,417,60,RL,74,Pave,,AllPub,Sawyer,Norm,Norm,1Fam,2Story
Dwel_418,418,70,RL,86,Pave,,AllPub,Crawfor,Feedr,Norm,1Fam,2Story
Dwel_419,419,50,RL,60,Pave,,AllPub,Edwards,Norm,Norm,1Fam,1.5Fin
Dwel_420,420,20,RL,65,Pave,,AllPub,NAmes,Norm,Norm,1Fam,1Story
Dwel_421,421,90,RM,78,Pave,,AllPub,Mitchel,Norm,Norm,Duplex,SFoyer
Dwel_422,422,20,RL,,Pave,,AllPub,NWAmes,Norm,Norm,1Fam,1Story
Dwel_423,423,20,RL,100,Pave,,AllPub,Mitchel,Artery,Norm,1Fam,1Story
Dwel_424,424,60,RL,80,Pave,,AllPub,NoRidge,Norm,Norm,1Fam,2Story
Dwel_425,425,20,RL,72,Pave,,AllPub,NAmes,Norm,Norm,1Fam,1Story
Dwel_426,426,60,RM,60,Pave,Grvl,AllPub,OldTown,Norm,Norm,1Fam,2Story
Dwel_427,427,80,RL,,Pave,,AllPub,SawyerW,Norm,Norm,1Fam,SLvl
Dwel_428,428,20,RL,77,Pave,,AllPub,NAmes,Norm,Norm,1Fam,1Story
Dwel_429,429,20,RL,64,Pave,,AllPub,CollgCr,Norm,Norm,1Fam,1Story
Dwel_430,430,20,RL,130,Pave,,AllPub,Timber,Norm,Norm,1Fam,1Story
Dwel_431,431,160,RM,21,Pave,,AllPub,BrDale,Norm,Norm,Twnhs,2Story
Dwel_432,432,50,RM,60,Pave,,AllPub,OldTown,Feedr,Norm,1Fam,1.5Fin
Dwel_433,433,160,RM,24,Pave,,AllPub,BrDale,Norm,Norm,TwnhsE,2Story
Dwel_434,434,60,RL,100,Pave,,AllPub,Gilbert,Norm,Norm,1Fam,2Story
Dwel_435,435,180,RM,21,Pave,,AllPub,MeadowV,Norm,Norm,Twnhs,SFoyer
Dwel_436,436,60,RL,43,Pave,,AllPub,CollgCr,PosN,Norm,1Fam,2Story
Dwel_437,437,50,RM,40,Pave,,AllPub,OldTown,Norm,Norm,1Fam,1.5Fin
Dwel_438,438,45,RM,50,Pave,,AllPub,BrkSide,Norm,Norm,1Fam,1.5Unf
Dwel_439,439,30,RL,40,Pave,,AllPub,Crawfor,Norm,Norm,1Fam,1Story
Dwel_440,440,50,RL,67,Pave,Grvl,AllPub,Edwards,Norm,Norm,1Fam,1.5Fin
Dwel_441,441,20,RL,105,Pave,,AllPub,NridgHt,Norm,Norm,1Fam,1Story
Dwel_442,442,90,RL,92,Pave,,AllPub,Edwards,Norm,Norm,Duplex,1Story
Dwel_443,443,50,RM,52,Pave,,AllPub,BrkSide,Norm,Norm,1Fam,1.5Fin
Dwel_444,444,120,RL,53,Pave,,AllPub,Blmngtn,Norm,Norm,TwnhsE,1Story
Dwel_445,445,60,RL,70,Pave,,AllPub,CollgCr,Norm,Norm,1Fam,2Story
Dwel_446,446,20,RL,73,Pave,,AllPub,Edwards,Norm,Norm,1Fam,1Story
Dwel_447,447,20,RL,137,Pave,,AllPub,NAmes,PosA,Norm,1Fam,1Story
Dwel_448,448,60,RL,,Pave,,AllPub,Gilbert,Norm,Norm,1Fam,2Story
Dwel_449,449,50,RM,50,Pave,,AllPub,IDOTRR,Norm,Norm,1Fam,1.5Fin
Dwel_450,450,50,RM,50,Pave,,AllPub,OldTown,Norm,Norm,1Fam,1.5Fin
Dwel_451,451,30,RM,70,Pave,,AllPub,OldTown,Norm,Norm,1Fam,1Story
Dwel_452,452,20,RL,62,Pave,,AllPub,ClearCr,Norm,Norm,1Fam,1Story
Dwel_453,453,60,RL,,Pave,,AllPub,Timber,Norm,Norm,1Fam,2Story
Dwel_454,454,60,FV,75,Pave,,AllPub,Somerst,Norm,Norm,1Fam,2Story
Dwel_455,455,90,RL,63,Pave,,AllPub,Mitchel,Norm,Norm,Duplex,1Story
Dwel_456,456,20,RL,80,Pave,,AllPub,NWAmes,Norm,Norm,1Fam,1Story
Dwel_457,457,70,RM,34,Pave,Grvl,AllPub,OldTown,Norm,Norm,1Fam,2Story
Dwel_458,458,20,RL,,Pave,,AllPub,ClearCr,Norm,Norm,1Fam,1Story
Dwel_459,459,70,RM,,Pave,Grvl,AllPub,OldTown,Norm,Norm,1Fam,2Story
Dwel_460,460,50,RL,,Pave,,AllPub,BrkSide,Norm,Norm,1Fam,1.5Fin
Dwel_461,461,60,FV,75,Pave,,AllPub,Somerst,RRAn,Norm,1Fam,2Story
Dwel_462,462,70,RL,60,Pave,,AllPub,SWISU,Feedr,Norm,1Fam,2Story
Dwel_463,463,20,RL,60,Pave,,AllPub,Sawyer,Norm,Norm,1Fam,1Story
Dwel_464,464,70,RL,74,Pave,,AllPub,Crawfor,Norm,Norm,1Fam,2Story
Dwel_465,465,20,RL,60,Pave,,AllPub,CollgCr,Norm,Norm,1Fam,1Story
Dwel_466,466,120,RM,,Pave,,AllPub,Blmngtn,Norm,Norm,TwnhsE,1Story
Dwel_467,467,20,RL,85,Pave,,AllPub,NAmes,Norm,Norm,1Fam,1Story
Dwel_468,468,70,RL,79,Pave,,AllPub,NAmes,Artery,Norm,1Fam,2Story
Dwel_469,469,20,RL,98,Pave,,AllPub,NridgHt,Norm,Norm,1Fam,1Story
Dwel_470,470,60,RL,76,Pave,,AllPub,SawyerW,RRNe,Norm,1Fam,2Story
Dwel_471,471,120,RL,,Pave,,AllPub,StoneBr,Norm,Norm,TwnhsE,1Story
Dwel_472,472,60,RL,92,Pave,,AllPub,NWAmes,PosA,Norm,1Fam,2Story
Dwel_473,473,180,RM,35,Pave,,AllPub,Edwards,Norm,Norm,TwnhsE,SLvl
Dwel_474,474,20,RL,110,Pave,,AllPub,NridgHt,Norm,Norm,1Fam,1Story
Dwel_475,475,120,RL,41,Pave,,AllPub,StoneBr,Norm,Norm,TwnhsE,1Story
Dwel_476,476,20,RL,80,Pave,,AllPub,Sawyer,Norm,Norm,1Fam,1Story
Dwel_477,477,20,RL,75,Pave,,AllPub,CollgCr,Norm,Norm,1Fam,1Story
Dwel_478,478,60,RL,105,Pave,,AllPub,NridgHt,Norm,Norm,1Fam,2Story
Dwel_479,479,20,RL,79,Pave,,AllPub,CollgCr,Norm,Norm,1Fam,1Story
Dwel_480,480,30,RM,50,Pave,,AllPub,OldTown,Norm,Norm,1Fam,1Story
Dwel_481,481,20,RL,98,Pave,,AllPub,NridgHt,Norm,Norm,1Fam,1Story
Dwel_482,482,20,RL,72,Pave,,AllPub,NridgHt,Norm,Norm,1Fam,1Story
Dwel_483,483,70,RM,50,Pave,Pave,AllPub,OldTown,Norm,Norm,1Fam,2Story
Dwel_484,484,120,RM,32,Pave,,AllPub,Mitchel,Norm,Norm,Twnhs,1Story
Dwel_485,485,20,RL,,Pave,,AllPub,Sawyer,Norm,Norm,1Fam,1Story
Dwel_486,486,20,RL,80,Pave,,AllPub,NAmes,Norm,Norm,1Fam,1Story
Dwel_487,487,20,RL,79,Pave,,AllPub,NAmes,Norm,Norm,1Fam,1Story
Dwel_488,488,20,RL,70,Pave,,AllPub,NWAmes,Norm,Norm,1Fam,1Story
Dwel_489,489,190,RL,60,Pave,,AllPub,OldTown,Norm,Norm,2fmCon,1.5Fin
Dwel_490,490,180,RM,21,Pave,,AllPub,MeadowV,Norm,Norm,Twnhs,SFoyer
Dwel_491,491,160,RM,,Pave,,AllPub,MeadowV,Norm,Norm,TwnhsE,2Story
Dwel_492,492,50,RL,79,Pave,,AllPub,NAmes,Artery,Norm,1Fam,1.5Fin
Dwel_493,493,60,RL,105,Pave,,AllPub,Gilbert,Norm,Norm,1Fam,2Story
Dwel_494,494,20,RL,70,Pave,,AllPub,NAmes,Norm,Norm,1Fam,1Story
Dwel_495,495,30,RM,50,Pave,,AllPub,OldTown,Artery,Norm,1Fam,1Story
Dwel_496,496,30,C (all),60,Pave,,AllPub,IDOTRR,Norm,Norm,1Fam,1Story
Dwel_497,497,20,RL,,Pave,,AllPub,NoRidge,Norm,Norm,1Fam,1Story
Dwel_498,498,50,RL,60,Pave,Pave,AllPub,BrkSide,Norm,Norm,1Fam,1.5Fin
Dwel_499,499,20,RL,65,Pave,,AllPub,Sawyer,Norm,Norm,1Fam,1Story
Dwel_500,500,20,RL,70,Pave,,AllPub,NAmes,Norm,Norm,1Fam,1Story
Dwel_501,501,160,RM,21,Pave,,AllPub,BrDale,Norm,Norm,Twnhs,2Story
Dwel_502,502,60,FV,75,Pave,,AllPub,Somerst,Norm,Norm,1Fam,2Story
Dwel_503,503,20,RL,70,Pave,,AllPub,Edwards,Feedr,Norm,1Fam,1Story
Dwel_504,504,20,RL,100,Pave,,AllPub,Crawfor,Norm,Norm,1Fam,1Story
Dwel_505,505,160,RL,24,Pave,,AllPub,NPkVill,Norm,Norm,TwnhsE,2Story
Dwel_506,506,90,RM,60,Pave,Grvl,AllPub,OldTown,Artery,Norm,Duplex,2Story
Dwel_507,507,60,RL,80,Pave,,AllPub,SawyerW,Norm,Norm,1Fam,2Story
Dwel_508,508,20,FV,75,Pave,,AllPub,Somerst,Norm,Norm,1Fam,1Story
Dwel_509,509,70,RM,60,Pave,,AllPub,OldTown,Norm,Norm,1Fam,2Story
Dwel_510,510,20,RL,80,Pave,,AllPub,NAmes,Norm,Norm,1Fam,1Story
Dwel_511,511,20,RL,75,Pave,,AllPub,NAmes,Norm,Norm,1Fam,1Story
Dwel_512,512,120,RL,40,Pave,,AllPub,NridgHt,Norm,Norm,TwnhsE,1Story
Dwel_513,513,20,RL,70,Pave,,AllPub,NAmes,Feedr,Norm,1Fam,1Story
Dwel_514,514,20,RL,71,Pave,,AllPub,Mitchel,Norm,Norm,1Fam,1Story
Dwel_515,515,45,RL,55,Pave,,AllPub,Crawfor,Norm,Norm,1Fam,1.5Unf
Dwel_516,516,20,RL,94,Pave,,AllPub,NridgHt,Norm,Norm,1Fam,1Story
Dwel_517,517,80,RL,,Pave,,AllPub,NWAmes,Norm,Norm,1Fam,SLvl
Dwel_518,518,60,RL,79,Pave,,AllPub,NoRidge,Norm,Norm,1Fam,2Story
Dwel_519,519,60,RL,,Pave,,AllPub,CollgCr,Norm,Norm,1Fam,2Story
Dwel_520,520,70,RL,53,Pave,,AllPub,Crawfor,Norm,Norm,1Fam,2Story
Dwel_521,521,190,RL,60,Pave,Grvl,AllPub,OldTown,Norm,Norm,2fmCon,2Story
Dwel_522,522,20,RL,90,Pave,,AllPub,NAmes,Feedr,Norm,1Fam,1Story
Dwel_523,523,50,RM,50,Pave,,AllPub,BrkSide,Feedr,Norm,1Fam,1.5Fin
Dwel_524,524,60,RL,130,Pave,,AllPub,Edwards,PosN,PosN,1Fam,2Story
Dwel_525,525,60,RL,95,Pave,,AllPub,NoRidge,Norm,Norm,1Fam,2Story
Dwel_526,526,20,FV,62,Pave,Pave,AllPub,Somerst,Norm,Norm,1Fam,1Story
Dwel_527,527,20,RL,70,Pave,,AllPub,NAmes,Norm,Norm,1Fam,1Story
Dwel_528,528,60,RL,67,Pave,,AllPub,NridgHt,Norm,Norm,1Fam,2Story
Dwel_529,529,30,RL,58,Pave,,AllPub,Edwards,Norm,Norm,1Fam,1Story
Dwel_530,530,20,RL,,Pave,,AllPub,Crawfor,Norm,Norm,1Fam,1Story
Dwel_531,531,80,RL,85,Pave,,AllPub,Timber,Norm,Norm,1Fam,SLvl
Dwel_532,532,70,RM,60,Pave,,AllPub,BrkSide,RRNn,Feedr,1Fam,2Story
Dwel_533,533,20,RL,60,Pave,,AllPub,NAmes,Norm,Norm,1Fam,1Story
Dwel_534,534,20,RL,50,Pave,,AllPub,BrkSide,Norm,Norm,1Fam,1Story
Dwel_535,535,60,RL,74,Pave,,AllPub,Gilbert,Norm,Norm,1Fam,2Story
Dwel_536,536,190,RL,70,Pave,,AllPub,Edwards,Norm,Norm,2fmCon,2Story
Dwel_537,537,60,RL,57,Pave,,AllPub,CollgCr,Norm,Norm,1Fam,2Story
Dwel_538,538,20,RL,,Pave,,AllPub,NAmes,Norm,Norm,1Fam,1Story
Dwel_539,539,20,RL,,Pave,,AllPub,Sawyer,Norm,Norm,1Fam,1Story
Dwel_540,540,20,RL,,Pave,,AllPub,CollgCr,Norm,Norm,1Fam,1Story
Dwel_541,541,20,RL,85,Pave,,AllPub,Timber,Norm,Norm,1Fam,1Story
Dwel_542,542,60,RL,,Pave,,AllPub,NoRidge,Norm,Norm,1Fam,2Story
Dwel_543,543,20,RL,78,Pave,,AllPub,NWAmes,RRAn,Norm,1Fam,1Story
Dwel_544,544,120,RH,34,Pave,,AllPub,NAmes,Norm,Norm,TwnhsE,SFoyer
Dwel_545,545,60,RL,58,Pave,,AllPub,Gilbert,Norm,Norm,1Fam,2Story
Dwel_546,546,50,RL,,Pave,,AllPub,NWAmes,Norm,Norm,1Fam,1.5Fin
Dwel_547,547,50,RL,70,Pave,,AllPub,BrkSide,Norm,Norm,1Fam,1.5Fin
Dwel_548,548,85,RL,54,Pave,,AllPub,Mitchel,Norm,Norm,1Fam,SFoyer
Dwel_549,549,20,RM,49,Pave,,AllPub,OldTown,Feedr,RRNn,1Fam,1Story
Dwel_550,550,60,FV,75,Pave,,AllPub,Somerst,Norm,Norm,1Fam,2Story
Dwel_551,551,120,RL,53,Pave,,AllPub,NPkVill,Norm,Norm,TwnhsE,1Story
Dwel_552,552,20,RM,50,Pave,,AllPub,OldTown,Norm,Norm,1Fam,1Story
Dwel_553,553,20,RL,87,Pave,,AllPub,NridgHt,Norm,Norm,1Fam,1Story
Dwel_554,554,20,RL,67,Pave,,AllPub,Edwards,Feedr,Norm,1Fam,1Story
Dwel_555,555,60,RL,85,Pave,,AllPub,NridgHt,Norm,Norm,1Fam,2Story
Dwel_556,556,45,RM,58,Pave,,AllPub,BrkSide,Norm,Norm,1Fam,1.5Unf
Dwel_557,557,20,RL,69,Pave,,AllPub,NAmes,Norm,Norm,1Fam,1Story
Dwel_558,558,50,C (all),60,Pave,,AllPub,IDOTRR,Norm,Norm,1Fam,1.5Fin
Dwel_559,559,60,RL,57,Pave,,AllPub,Gilbert,Norm,Norm,1Fam,2Story
Dwel_560,560,120,RL,,Pave,,AllPub,Blmngtn,Norm,Norm,TwnhsE,1Story
Dwel_561,561,20,RL,,Pave,,AllPub,Sawyer,Norm,Norm,1Fam,1Story
Dwel_562,562,20,RL,77,Pave,,AllPub,Mitchel,Norm,Norm,1Fam,1Story
Dwel_563,563,30,RL,63,Pave,,AllPub,Edwards,Norm,Norm,1Fam,1Story
Dwel_564,564,50,RL,66,Pave,,AllPub,Edwards,Norm,Norm,1Fam,1.5Fin
Dwel_565,565,60,RL,,Pave,,AllPub,NoRidge,Norm,Norm,1Fam,2Story
Dwel_566,566,70,RL,66,Pave,,AllPub,SWISU,Norm,Norm,1Fam,2Story
Dwel_567,567,60,RL,77,Pave,,AllPub,StoneBr,Norm,Norm,1Fam,2Story
Dwel_568,568,20,RL,70,Pave,,AllPub,NridgHt,Norm,Norm,1Fam,1Story
Dwel_569,569,50,RL,79,Pave,,AllPub,SawyerW,Norm,Norm,1Fam,1.5Fin
Dwel_570,570,90,RL,,Pave,,AllPub,NAmes,Norm,Norm,Duplex,SFoyer
Dwel_571,571,90,RL,74,Pave,,AllPub,NAmes,Norm,Norm,Duplex,1Story
Dwel_572,572,20,RL,60,Pave,,AllPub,NAmes,Norm,Norm,1Fam,1Story
Dwel_573,573,60,RL,83,Pave,,AllPub,Timber,Norm,Norm,1Fam,2Story
Dwel_574,574,80,RL,76,Pave,,AllPub,Gilbert,Norm,Norm,1Fam,SLvl
Dwel_575,575,80,RL,70,Pave,,AllPub,NAmes,Norm,Norm,1Fam,SLvl
Dwel_576,576,50,RL,80,Pave,,AllPub,NAmes,Norm,Norm,1Fam,1.5Fin
Dwel_577,577,50,RL,52,Pave,,AllPub,SWISU,Norm,Norm,1Fam,1.5Fin
Dwel_578,578,80,RL,96,Pave,,AllPub,Sawyer,Norm,Norm,1Fam,SLvl
Dwel_579,579,160,FV,34,Pave,Pave,AllPub,Somerst,Norm,Norm,TwnhsE,2Story
Dwel_580,580,50,RM,81,Pave,Grvl,AllPub,OldTown,Norm,Norm,1Fam,1.5Fin
Dwel_581,581,20,RL,,Pave,,AllPub,NAmes,Norm,Norm,1Fam,1Story
Dwel_582,582,20,RL,98,Pave,,AllPub,NridgHt,Norm,Norm,1Fam,1Story
Dwel_583,583,90,RL,81,Grvl,,AllPub,Edwards,Norm,Norm,Duplex,SFoyer
Dwel_584,584,75,RM,75,Pave,,AllPub,OldTown,Artery,PosA,1Fam,2.5Unf
Dwel_585,585,50,RM,51,Pave,,AllPub,BrkSide,Norm,Norm,1Fam,1.5Fin
Dwel_586,586,20,RL,88,Pave,,AllPub,Timber,Norm,Norm,1Fam,1Story
Dwel_587,587,30,RL,55,Pave,,AllPub,BrkSide,RRAn,Norm,1Fam,1Story
Dwel_588,588,85,RL,74,Pave,,AllPub,Sawyer,Norm,Norm,1Fam,SFoyer
Dwel_589,589,20,RL,65,Pave,,AllPub,ClearCr,Norm,Norm,1Fam,1Story
Dwel_590,590,40,RM,50,Pave,,AllPub,BrkSide,RRAn,Feedr,1Fam,1Story
Dwel_591,591,60,RL,64,Pave,,AllPub,CollgCr,Norm,Norm,1Fam,2Story
Dwel_592,592,60,RL,97,Pave,,AllPub,NridgHt,Norm,Norm,1Fam,2Story
Dwel_593,593,20,RL,60,Pave,,AllPub,Mitchel,Norm,Norm,1Fam,1Story
Dwel_594,594,120,RM,,Pave,,AllPub,CollgCr,Norm,Norm,TwnhsE,1Story
Dwel_595,595,20,RL,88,Pave,,AllPub,CollgCr,Norm,Norm,1Fam,1Story
Dwel_596,596,20,RL,69,Pave,,AllPub,StoneBr,Norm,Norm,1Fam,1Story
Dwel_597,597,70,RM,60,Pave,Grvl,AllPub,OldTown,Norm,Norm,1Fam,2Story
Dwel_598,598,120,RL,53,Pave,,AllPub,Blmngtn,Norm,Norm,TwnhsE,1Story
Dwel_599,599,20,RL,80,Pave,,AllPub,Crawfor,Norm,Norm,1Fam,1Story
Dwel_600,600,160,RM,24,Pave,,AllPub,Blueste,Norm,Norm,Twnhs,2Story
Dwel_601,601,60,RL,74,Pave,,AllPub,NridgHt,Norm,Norm,1Fam,2Story
Dwel_602,602,50,RM,50,Pave,,AllPub,IDOTRR,Norm,Norm,1Fam,1.5Fin
Dwel_603,603,60,RL,80,Pave,,AllPub,SawyerW,Norm,Norm,1Fam,2Story
Dwel_604,604,160,FV,30,Pave,Pave,AllPub,Somerst,Norm,Norm,TwnhsE,2Story
Dwel_605,605,20,RL,88,Pave,,AllPub,CollgCr,Norm,Norm,1Fam,1Story
Dwel_606,606,60,RL,85,Pave,,AllPub,NAmes,Norm,Norm,1Fam,2Story
Dwel_607,607,20,RL,82,Pave,,AllPub,CollgCr,Norm,Norm,1Fam,1Story
Dwel_608,608,20,RL,78,Pave,,AllPub,Edwards,Norm,Norm,1Fam,2Story
Dwel_609,609,70,RL,78,Pave,,AllPub,Crawfor,Norm,Norm,1Fam,2Story
Dwel_610,610,20,RL,61,Pave,,AllPub,Sawyer,Feedr,Norm,1Fam,1Story
Dwel_611,611,60,RL,,Pave,,AllPub,CollgCr,PosN,Norm,1Fam,2Story
Dwel_612,612,80,RL,,Pave,,AllPub,NWAmes,Norm,Norm,1Fam,SLvl
Dwel_613,613,60,RL,,Pave,,AllPub,CollgCr,Norm,Norm,1Fam,2Story
Dwel_614,614,20,RL,70,Pave,,AllPub,Mitchel,Feedr,Norm,1Fam,1Story
Dwel_615,615,180,RM,21,Pave,,AllPub,MeadowV,Norm,Norm,TwnhsE,SFoyer
Dwel_616,616,85,RL,80,Pave,,AllPub,NAmes,Feedr,Norm,1Fam,SFoyer
Dwel_617,617,60,RL,,Pave,,AllPub,Gilbert,Norm,Norm,1Fam,2Story
Dwel_618,618,45,RL,59,Pave,,AllPub,NAmes,Artery,Norm,1Fam,1.5Unf
Dwel_619,619,20,RL,90,Pave,,AllPub,NridgHt,Norm,Norm,1Fam,1Story
Dwel_620,620,60,RL,85,Pave,,AllPub,Timber,Norm,Norm,1Fam,2Story
Dwel_621,621,30,RL,45,Pave,Grvl,AllPub,Edwards,Norm,Norm,1Fam,1Story
Dwel_622,622,60,RL,90,Pave,,AllPub,NWAmes,Norm,Norm,1Fam,2Story
Dwel_623,623,20,RL,71,Pave,,AllPub,Sawyer,Norm,Norm,1Fam,1Story
Dwel_624,624,160,FV,,Pave,,AllPub,Somerst,Norm,Norm,TwnhsE,2Story
Dwel_625,625,60,RL,80,Pave,,AllPub,NWAmes,Norm,Norm,1Fam,2Story
Dwel_626,626,20,RL,87,Pave,,AllPub,NAmes,Norm,Norm,1Fam,1Story
Dwel_627,627,20,RL,,Pave,,AllPub,NAmes,Norm,Norm,1Fam,1Story
Dwel_628,628,80,RL,80,Pave,,AllPub,NAmes,Norm,Norm,1Fam,SLvl
Dwel_629,629,60,RL,70,Pave,,AllPub,NAmes,Norm,Norm,1Fam,2Story
Dwel_630,630,80,RL,82,Pave,,AllPub,NAmes,Feedr,Norm,1Fam,SLvl
Dwel_631,631,70,RM,50,Pave,Grvl,AllPub,OldTown,Artery,Norm,1Fam,2Story
Dwel_632,632,120,RL,34,Pave,,AllPub,NridgHt,Norm,Norm,Twnhs,1Story
Dwel_633,633,20,RL,85,Pave,,AllPub,NWAmes,Norm,Norm,1Fam,1Story
Dwel_634,634,20,RL,80,Pave,,AllPub,NAmes,Norm,Norm,1Fam,1Story
Dwel_635,635,90,RL,64,Pave,,AllPub,OldTown,Norm,Norm,Duplex,SFoyer
Dwel_636,636,190,RH,60,Pave,Pave,AllPub,SWISU,Feedr,Norm,2fmCon,2.5Fin
Dwel_637,637,30,RM,51,Pave,,AllPub,BrkSide,Norm,Norm,1Fam,1Story
Dwel_638,638,190,RM,50,Pave,,AllPub,OldTown,Norm,Norm,2fmCon,1.5Fin
Dwel_639,639,30,RL,67,Pave,,AllPub,Edwards,Feedr,Norm,1Fam,1Story
Dwel_640,640,120,RL,53,Pave,,AllPub,Blmngtn,Norm,Norm,TwnhsE,1Story
Dwel_641,641,120,RL,62,Pave,,AllPub,NridgHt,Norm,Norm,TwnhsE,1Story
Dwel_642,642,60,FV,,Pave,,AllPub,Somerst,Norm,Norm,1Fam,2Story
Dwel_643,643,80,RL,75,Pave,,AllPub,NAmes,Norm,Norm,1Fam,SLvl
Dwel_644,644,60,RL,80,Pave,,AllPub,NWAmes,RRAn,Norm,1Fam,2Story
Dwel_645,645,20,FV,85,Pave,,AllPub,Somerst,Norm,Norm,1Fam,1Story
Dwel_646,646,20,RL,,Pave,,AllPub,NAmes,Norm,Norm,1Fam,1Story
Dwel_647,647,20,RL,60,Pave,,AllPub,NAmes,Norm,Norm,1Fam,1Story
Dwel_648,648,20,RL,85,Pave,,AllPub,Edwards,Norm,Norm,1Fam,1Story
Dwel_649,649,60,RL,70,Pave,,AllPub,NAmes,PosN,Norm,1Fam,2Story
Dwel_650,650,180,RM,21,Pave,,AllPub,MeadowV,Norm,Norm,Twnhs,SFoyer
Dwel_651,651,60,FV,65,Pave,,AllPub,Somerst,Norm,Norm,1Fam,2Story
Dwel_652,652,70,RL,60,Pave,,AllPub,Edwards,Artery,Norm,1Fam,2Story
Dwel_653,653,60,RL,70,Pave,,AllPub,CollgCr,Norm,Norm,1Fam,2Story
Dwel_654,654,50,RM,60,Pave,Grvl,AllPub,IDOTRR,Norm,Norm,1Fam,1.5Fin
Dwel_655,655,20,RL,91,Pave,,AllPub,NoRidge,Norm,Norm,1Fam,1Story
Dwel_656,656,160,RM,21,Pave,,AllPub,BrDale,Norm,Norm,Twnhs,2Story
Dwel_657,657,20,RL,72,Pave,,AllPub,NAmes,Norm,Norm,1Fam,1Story
Dwel_658,658,70,RL,60,Pave,,AllPub,Crawfor,Norm,Norm,1Fam,2Story
Dwel_659,659,50,RL,78,Pave,,AllPub,NAmes,Artery,Norm,1Fam,1.5Fin
Dwel_660,660,20,RL,75,Pave,,AllPub,Edwards,Norm,Norm,1Fam,1Story
Dwel_661,661,60,RL,,Pave,,AllPub,NWAmes,Norm,Norm,1Fam,2Story
Dwel_662,662,60,RL,52,Pave,,AllPub,NoRidge,Norm,Norm,1Fam,2Story
Dwel_663,663,20,RL,120,Pave,,AllPub,NAmes,Norm,Norm,1Fam,1Story
Dwel_664,664,85,RL,90,Pave,,AllPub,Edwards,Norm,Norm,1Fam,SFoyer
Dwel_665,665,20,RL,49,Pave,,AllPub,Somerst,RRAn,Norm,1Fam,1Story
Dwel_666,666,60,RL,106,Pave,,AllPub,Gilbert,Norm,Norm,1Fam,2Story
Dwel_667,667,60,RL,,Pave,,AllPub,NAmes,Norm,Norm,1Fam,2Story
Dwel_668,668,20,RL,65,Pave,,AllPub,SawyerW,Norm,Norm,1Fam,1Story
Dwel_669,669,20,RL,,Pave,,AllPub,Sawyer,Norm,Norm,1Fam,1Story
Dwel_670,670,30,RL,80,Pave,,AllPub,Crawfor,Norm,Norm,1Fam,1Story
Dwel_671,671,60,RL,64,Pave,,AllPub,CollgCr,Norm,Norm,1Fam,2Story
Dwel_672,672,70,RH,54,Pave,,AllPub,Edwards,Artery,Norm,1Fam,2Story
Dwel_673,673,20,RL,,Pave,,AllPub,Veenker,Norm,Norm,1Fam,1Story
Dwel_674,674,20,RL,110,Pave,,AllPub,Crawfor,Norm,Norm,1Fam,1Story
Dwel_675,675,20,RL,80,Pave,,AllPub,NAmes,Norm,Norm,1Fam,1Story
Dwel_676,676,160,RL,24,Pave,,AllPub,NPkVill,Norm,Norm,Twnhs,2Story
Dwel_677,677,70,RM,60,Pave,Grvl,AllPub,OldTown,Norm,Norm,1Fam,2Story
Dwel_678,678,30,RL,52,Pave,,AllPub,OldTown,Norm,Norm,1Fam,1Story
Dwel_679,679,20,RL,80,Pave,,AllPub,StoneBr,Norm,Norm,1Fam,1Story
Dwel_680,680,20,RL,,Pave,,AllPub,Sawyer,Norm,Norm,1Fam,1Story
Dwel_681,681,120,RL,50,Pave,,AllPub,SawyerW,Norm,Norm,TwnhsE,1Story
Dwel_682,682,50,RH,55,Pave,Pave,AllPub,SWISU,Norm,Norm,1Fam,1.5Fin
Dwel_683,683,120,RL,,Pave,,AllPub,ClearCr,Norm,Norm,1Fam,1Story
Dwel_684,684,20,RL,90,Pave,,AllPub,CollgCr,Norm,Norm,1Fam,1Story
Dwel_685,685,60,RL,58,Pave,,AllPub,NoRidge,Norm,Norm,1Fam,2Story
Dwel_686,686,160,RL,,Pave,,AllPub,StoneBr,Norm,Norm,TwnhsE,2Story
Dwel_687,687,60,FV,84,Pave,,AllPub,Somerst,Norm,Norm,1Fam,2Story
Dwel_688,688,160,FV,,Pave,,AllPub,Somerst,Norm,Norm,TwnhsE,2Story
Dwel_689,689,20,RL,60,Pave,,AllPub,StoneBr,Norm,Norm,1Fam,1Story
Dwel_690,690,120,RL,61,Pave,,AllPub,NridgHt,Norm,Norm,TwnhsE,1Story
Dwel_691,691,120,RM,,Pave,,AllPub,CollgCr,Norm,Norm,TwnhsE,1Story
Dwel_692,692,60,RL,104,Pave,,AllPub,NoRidge,Norm,Norm,1Fam,2Story
Dwel_693,693,60,RL,42,Pave,,AllPub,Timber,Norm,Norm,1Fam,2Story
Dwel_694,694,30,RL,60,Pave,,AllPub,OldTown,Norm,Norm,1Fam,1Story
Dwel_695,695,50,RM,51,Pave,,AllPub,BrkSide,Norm,Norm,1Fam,1.5Fin
Dwel_696,696,20,RL,54,Pave,,AllPub,Timber,Norm,Norm,1Fam,1Story
Dwel_697,697,30,RM,50,Pave,,AllPub,BrkSide,Norm,Norm,1Fam,1Story
Dwel_698,698,20,RL,57,Pave,,AllPub,Edwards,Norm,Norm,1Fam,1Story
Dwel_699,699,20,RL,65,Pave,,AllPub,Sawyer,RRAe,Norm,1Fam,1Story
Dwel_700,700,120,FV,59,Pave,Pave,AllPub,Somerst,Norm,Norm,TwnhsE,1Story
Dwel_701,701,20,RL,85,Pave,,AllPub,Timber,Norm,Norm,1Fam,1Story
Dwel_702,702,20,RL,80,Pave,,AllPub,NWAmes,Norm,Norm,1Fam,1Story
Dwel_703,703,60,RL,82,Pave,,AllPub,StoneBr,Norm,Norm,1Fam,2Story
Dwel_704,704,190,RM,76,Pave,,AllPub,OldTown,Feedr,Norm,2fmCon,2Story
Dwel_705,705,20,RL,70,Pave,,AllPub,CollgCr,Norm,Norm,1Fam,1Story
Dwel_706,706,190,RM,70,Pave,,AllPub,IDOTRR,Norm,Norm,2fmCon,2Story
Dwel_707,707,20,RL,,Pave,,AllPub,ClearCr,Norm,Norm,1Fam,1Story
Dwel_708,708,120,RL,48,Pave,,AllPub,NridgHt,Norm,Norm,TwnhsE,1Story
Dwel_709,709,60,RL,65,Pave,,AllPub,Gilbert,Norm,Norm,1Fam,2Story
Dwel_710,710,20,RL,,Pave,,AllPub,Sawyer,Norm,Norm,1Fam,1Story
Dwel_711,711,30,RL,56,Pave,,AllPub,BrkSide,Norm,Norm,1Fam,1Story
Dwel_712,712,50,C (all),66,Pave,Pave,AllPub,IDOTRR,Norm,Norm,1Fam,1.5Fin
Dwel_713,713,120,RL,40,Pave,,AllPub,StoneBr,Norm,Norm,TwnhsE,1Story
Dwel_714,714,190,RL,60,Pave,,AllPub,BrkSide,RRAn,Norm,2fmCon,1Story
Dwel_715,715,60,RL,,Pave,,AllPub,Sawyer,RRAe,Norm,1Fam,2Story
Dwel_716,716,20,RL,78,Pave,,AllPub,NWAmes,Norm,Norm,1Fam,1Story
Dwel_717,717,70,RM,60,Pave,Grvl,AllPub,OldTown,Norm,Norm,1Fam,2Story
Dwel_718,718,20,RL,80,Pave,,AllPub,NWAmes,Norm,Norm,1Fam,1Story
Dwel_719,719,60,RL,96,Pave,,AllPub,NoRidge,Norm,Norm,1Fam,2Story
Dwel_720,720,20,RL,69,Pave,,AllPub,CollgCr,Norm,Norm,1Fam,1Story
Dwel_721,721,120,RL,,Pave,,AllPub,StoneBr,Norm,Norm,1Fam,1Story
Dwel_722,722,120,RM,,Pave,,AllPub,CollgCr,Norm,Norm,TwnhsE,1Story
Dwel_723,723,20,RL,70,Pave,,AllPub,NAmes,Norm,Norm,1Fam,1Story
Dwel_724,724,50,RL,60,Pave,,AllPub,Edwards,Norm,Norm,1Fam,1.5Fin
Dwel_725,725,20,RL,86,Pave,,AllPub,Edwards,Norm,Norm,1Fam,1Story
Dwel_726,726,20,RL,60,Pave,,AllPub,NAmes,Norm,Norm,1Fam,1Story
Dwel_727,727,20,RL,,Pave,,AllPub,Crawfor,Norm,Norm,1Fam,1Story
Dwel_728,728,20,RL,64,Pave,,AllPub,CollgCr,Norm,Norm,1Fam,1Story
Dwel_729,729,90,RL,85,Pave,,AllPub,NAmes,Norm,Norm,Duplex,1Story
Dwel_730,730,30,RM,52,Pave,Grvl,AllPub,IDOTRR,Norm,Norm,1Fam,1.5Fin
Dwel_731,731,120,RL,39,Pave,,AllPub,StoneBr,Norm,Norm,TwnhsE,1Story
Dwel_732,732,80,RL,73,Pave,,AllPub,Timber,Norm,Norm,1Fam,SLvl
Dwel_733,733,60,RL,75,Pave,,AllPub,CollgCr,Norm,Norm,1Fam,2Story
Dwel_734,734,20,RL,80,Pave,,AllPub,Sawyer,Feedr,Norm,1Fam,1Story
Dwel_735,735,20,RL,,Pave,,AllPub,Sawyer,Norm,Norm,1Fam,1Story
Dwel_736,736,75,RM,60,Pave,,AllPub,OldTown,Norm,Norm,1Fam,2.5Unf
Dwel_737,737,90,RL,60,Pave,,AllPub,NAmes,Norm,Norm,Duplex,1Story
Dwel_738,738,60,RL,72,Pave,,AllPub,Gilbert,Norm,Norm,1Fam,2Story
Dwel_739,739,90,RL,60,Pave,,AllPub,Edwards,Norm,Norm,Duplex,1Story
Dwel_740,740,60,RL,65,Pave,,AllPub,CollgCr,Norm,Norm,1Fam,2Story
Dwel_741,741,70,RM,60,Pave,Grvl,AllPub,OldTown,Norm,Norm,1Fam,2Story
Dwel_742,742,20,RL,65,Pave,,AllPub,Sawyer,Feedr,Norm,1Fam,1Story
Dwel_743,743,20,RL,65,Pave,,AllPub,SawyerW,Norm,Norm,1Fam,1Story
Dwel_744,744,80,RL,70,Pave,,AllPub,Sawyer,Norm,Norm,1Fam,SLvl
Dwel_745,745,120,RL,41,Pave,,AllPub,StoneBr,Norm,Norm,TwnhsE,1Story
Dwel_746,746,60,RL,,Pave,,AllPub,NWAmes,Norm,Norm,1Fam,2Story
Dwel_747,747,60,RL,,Pave,,AllPub,Gilbert,Norm,Norm,1Fam,2Story
Dwel_748,748,70,RM,65,Pave,Pave,AllPub,OldTown,Norm,Norm,1Fam,2Story
Dwel_749,749,20,RL,59,Pave,,AllPub,NoRidge,Norm,Norm,1Fam,1Story
Dwel_750,750,50,RL,50,Pave,,AllPub,Edwards,Norm,Norm,1Fam,1.5Fin
Dwel_751,751,50,RM,55,Pave,Grvl,AllPub,OldTown,Norm,Norm,1Fam,1.5Fin
Dwel_752,752,60,RL,,Pave,,AllPub,Gilbert,RRAn,Norm,1Fam,2Story
Dwel_753,753,20,RL,79,Pave,,AllPub,CollgCr,Norm,Norm,1Fam,1Story
Dwel_754,754,60,RL,80,Pave,,AllPub,NridgHt,Norm,Norm,1Fam,2Story
Dwel_755,755,20,RL,61,Pave,,AllPub,NAmes,Norm,Norm,1Fam,1Story
Dwel_756,756,160,FV,34,Pave,Pave,AllPub,Somerst,Norm,Norm,TwnhsE,2Story
Dwel_757,757,60,RL,68,Pave,,AllPub,CollgCr,Norm,Norm,1Fam,2Story
Dwel_758,758,60,RL,,Pave,,AllPub,Sawyer,Norm,Norm,1Fam,2Story
Dwel_759,759,160,FV,24,Pave,Pave,AllPub,Somerst,Norm,Norm,Twnhs,2Story
Dwel_760,760,60,RL,65,Pave,,AllPub,NoRidge,Norm,Norm,1Fam,2Story
Dwel_761,761,20,RL,70,Pave,,AllPub,NAmes,Norm,Norm,1Fam,1Story
Dwel_762,762,30,RM,60,Pave,,AllPub,BrkSide,Feedr,Norm,1Fam,1Story
Dwel_763,763,60,FV,72,Pave,,AllPub,Somerst,Norm,Norm,1Fam,2Story
Dwel_764,764,60,RL,82,Pave,,AllPub,NoRidge,Norm,Norm,1Fam,2Story
Dwel_765,765,120,RL,30,Pave,,AllPub,Veenker,Norm,Norm,TwnhsE,1Story
Dwel_766,766,20,RL,75,Pave,,AllPub,Somerst,Norm,Norm,1Fam,1Story
Dwel_767,767,60,RL,80,Pave,,AllPub,NWAmes,Norm,Norm,1Fam,2Story
Dwel_768,768,50,RL,75,Pave,,AllPub,Mitchel,Norm,Norm,1Fam,1.5Fin
Dwel_769,769,20,RL,70,Pave,,AllPub,CollgCr,Norm,Norm,1Fam,1Story
Dwel_770,770,60,RL,47,Pave,,AllPub,StoneBr,Norm,Norm,1Fam,2Story
Dwel_771,771,85,RL,,Pave,,AllPub,Sawyer,Norm,Norm,1Fam,SFoyer
Dwel_772,772,20,RL,67,Pave,,AllPub,Edwards,Norm,Norm,1Fam,1Story
Dwel_773,773,80,RL,94,Pave,,AllPub,Edwards,Norm,Norm,1Fam,SLvl
Dwel_774,774,20,RL,70,Pave,,AllPub,NAmes,Feedr,Norm,1Fam,1Story
Dwel_775,775,20,RL,110,Pave,,AllPub,NridgHt,Norm,Norm,1Fam,1Story
Dwel_776,776,120,RM,32,Pave,,AllPub,Mitchel,Norm,Norm,TwnhsE,1Story
Dwel_777,777,20,RL,86,Pave,,AllPub,CollgCr,Norm,Norm,1Fam,1Story
Dwel_778,778,20,RL,100,Pave,,AllPub,Sawyer,Norm,Norm,1Fam,1Story
Dwel_779,779,90,RH,60,Pave,,AllPub,SawyerW,Feedr,Norm,Duplex,1Story
Dwel_780,780,90,RL,78,Pave,,AllPub,Mitchel,Norm,Norm,Duplex,SFoyer
Dwel_781,781,20,RL,63,Pave,,AllPub,Gilbert,Norm,Norm,1Fam,1Story
Dwel_782,782,60,RL,65,Pave,,AllPub,SawyerW,Norm,Norm,1Fam,2Story
Dwel_783,783,20,RL,67,Pave,,AllPub,CollgCr,Norm,Norm,1Fam,1Story
Dwel_784,784,85,RL,,Pave,,AllPub,Mitchel,Norm,Norm,1Fam,SFoyer
Dwel_785,785,75,RM,35,Pave,Grvl,AllPub,OldTown,Norm,Norm,1Fam,2.5Unf
Dwel_786,786,20,RL,,Pave,,AllPub,NWAmes,Feedr,Norm,1Fam,1Story
Dwel_787,787,50,RM,60,Pave,,AllPub,OldTown,Artery,Norm,1Fam,1.5Fin
Dwel_788,788,60,RL,76,Pave,,AllPub,SawyerW,Norm,Norm,1Fam,2Story
Dwel_789,789,20,RM,50,Pave,,AllPub,OldTown,Norm,Norm,1Fam,1Story
Dwel_790,790,60,RL,,Pave,,AllPub,ClearCr,Norm,Norm,1Fam,2Story
Dwel_791,791,120,RL,43,Pave,,AllPub,Blmngtn,Norm,Norm,TwnhsE,1Story
Dwel_792,792,80,RL,,Pave,,AllPub,Mitchel,Norm,Norm,1Fam,SLvl
Dwel_793,793,60,RL,92,Pave,,AllPub,NoRidge,Norm,Norm,1Fam,2Story
Dwel_794,794,20,RL,76,Pave,,AllPub,Somerst,Norm,Norm,1Fam,1Story
Dwel_795,795,60,RL,,Pave,,AllPub,Gilbert,Norm,Norm,1Fam,2Story
Dwel_796,796,60,RL,70,Pave,,AllPub,SawyerW,Norm,Norm,1Fam,2Story
Dwel_797,797,20,RL,71,Pave,,AllPub,Sawyer,Norm,Norm,1Fam,1Story
Dwel_798,798,20,RL,57,Pave,,AllPub,NAmes,Norm,Norm,1Fam,1Story
Dwel_799,799,60,RL,104,Pave,,AllPub,NridgHt,Norm,Norm,1Fam,2Story
Dwel_800,800,50,RL,60,Pave,,AllPub,SWISU,Feedr,Norm,1Fam,1.5Fin
Dwel_801,801,60,RL,79,Pave,,AllPub,ClearCr,Feedr,Norm,1Fam,2Story
Dwel_802,802,30,RM,40,Pave,,AllPub,IDOTRR,Norm,Norm,1Fam,1Story
Dwel_803,803,60,RL,63,Pave,,AllPub,CollgCr,Norm,Norm,1Fam,2Story
Dwel_804,804,60,RL,107,Pave,,AllPub,NridgHt,Norm,Norm,1Fam,2Story
Dwel_805,805,20,RL,75,Pave,,AllPub,NAmes,Norm,Norm,1Fam,1Story
Dwel_806,806,20,RL,91,Pave,,AllPub,Somerst,Norm,Norm,1Fam,1Story
Dwel_807,807,80,RL,75,Pave,,AllPub,NAmes,Norm,Norm,1Fam,SLvl
Dwel_808,808,70,RL,144,Pave,,AllPub,BrkSide,Norm,Norm,1Fam,2Story
Dwel_809,809,80,RL,85,Pave,,AllPub,NAmes,Norm,Norm,1Fam,SLvl
Dwel_810,810,75,RM,90,Pave,,AllPub,OldTown,Norm,Norm,1Fam,2.5Unf
Dwel_811,811,20,RL,78,Pave,,AllPub,NWAmes,Norm,Norm,1Fam,1Story
Dwel_812,812,120,RM,,Pave,,AllPub,CollgCr,Norm,Norm,TwnhsE,1Story
Dwel_813,813,20,C (all),66,Grvl,,AllPub,IDOTRR,Norm,Norm,1Fam,1Story
Dwel_814,814,20,RL,75,Pave,,AllPub,NAmes,Norm,Norm,1Fam,1Story
Dwel_815,815,50,RL,45,Pave,Grvl,AllPub,Edwards,Norm,Norm,1Fam,1.5Fin
Dwel_816,816,20,RL,48,Pave,,AllPub,CollgCr,Norm,Norm,1Fam,1Story
Dwel_817,817,20,RL,,Pave,,AllPub,NAmes,Norm,Norm,1Fam,1Story
Dwel_818,818,20,RL,,Pave,,AllPub,Mitchel,Norm,Norm,1Fam,1Story
Dwel_819,819,80,RL,80,Pave,,AllPub,ClearCr,Norm,Norm,1Fam,SLvl
Dwel_820,820,120,RL,44,Pave,,AllPub,NridgHt,Norm,Norm,TwnhsE,1Story
Dwel_821,821,60,RL,72,Pave,,AllPub,CollgCr,Norm,Norm,1Fam,2Story
Dwel_822,822,20,RM,60,Pave,Pave,AllPub,OldTown,Norm,Norm,2fmCon,1Story
Dwel_823,823,60,RL,,Pave,,AllPub,Gilbert,Norm,Norm,1Fam,2Story
Dwel_824,824,50,RL,60,Pave,,AllPub,SWISU,Norm,Norm,1Fam,1.5Fin
Dwel_825,825,20,FV,81,Pave,,AllPub,Somerst,Norm,Norm,1Fam,1Story
Dwel_826,826,20,RL,114,Pave,,AllPub,NridgHt,PosN,PosN,1Fam,1Story
Dwel_827,827,45,RM,50,Pave,,AllPub,BrkSide,Norm,Norm,1Fam,1.5Unf
Dwel_828,828,20,RL,65,Pave,,AllPub,SawyerW,Norm,Norm,1Fam,1Story
Dwel_829,829,60,RL,,Pave,,AllPub,ClearCr,Norm,Norm,1Fam,2Story
Dwel_830,830,160,FV,24,Pave,Pave,AllPub,Somerst,Norm,Norm,Twnhs,2Story
Dwel_831,831,20,RL,80,Pave,,AllPub,NAmes,Norm,Norm,1Fam,1Story
Dwel_832,832,160,FV,30,Pave,Pave,AllPub,Somerst,Norm,Norm,TwnhsE,2Story
Dwel_833,833,60,RL,44,Pave,,AllPub,CollgCr,Norm,Norm,1Fam,2Story
Dwel_834,834,20,RL,100,Pave,,AllPub,NAmes,Norm,Norm,1Fam,1Story
Dwel_835,835,20,RL,75,Pave,,AllPub,NAmes,Norm,Norm,1Fam,1Story
Dwel_836,836,20,RL,60,Pave,,AllPub,Sawyer,Norm,Norm,1Fam,1Story
Dwel_837,837,30,RM,90,Pave,Pave,AllPub,OldTown,Norm,Norm,1Fam,1Story
Dwel_838,838,160,RM,21,Pave,,AllPub,BrDale,Norm,Norm,Twnhs,2Story
Dwel_839,839,20,RL,75,Pave,,AllPub,CollgCr,Norm,Norm,1Fam,1Story
Dwel_840,840,50,RL,70,Pave,,AllPub,Edwards,Norm,Norm,1Fam,1.5Fin
Dwel_841,841,70,RH,,Pave,,AllPub,SWISU,Norm,Norm,1Fam,2Story
Dwel_842,842,70,RM,60,Pave,Grvl,AllPub,OldTown,Norm,Norm,1Fam,2Story
Dwel_843,843,80,RL,82,Pave,,AllPub,NAmes,Norm,Norm,1Fam,SLvl
Dwel_844,844,90,RL,80,Pave,,AllPub,NAmes,Artery,Norm,Duplex,1Story
Dwel_845,845,50,RM,100,Pave,Grvl,AllPub,OldTown,Artery,Norm,1Fam,1.5Fin
Dwel_846,846,85,RL,,Pave,,AllPub,Sawyer,RRAe,Norm,1Fam,SFoyer
Dwel_847,847,60,RL,75,Pave,,AllPub,SawyerW,Norm,Norm,1Fam,2Story
Dwel_848,848,20,RL,36,Pave,,AllPub,CollgCr,Norm,Norm,1Fam,1Story
Dwel_849,849,50,RL,75,Pave,,AllPub,ClearCr,Norm,Norm,1Fam,1.5Fin
Dwel_850,850,80,RL,80,Pave,,AllPub,Veenker,Feedr,Norm,1Fam,SLvl
Dwel_851,851,120,RM,36,Pave,,AllPub,CollgCr,Norm,Norm,TwnhsE,1Story
Dwel_852,852,120,RL,,Pave,,AllPub,Blmngtn,Norm,Norm,TwnhsE,1Story
Dwel_853,853,75,RL,53,Pave,,AllPub,Crawfor,Norm,Norm,1Fam,2.5Unf
Dwel_854,854,80,RL,,Pave,,AllPub,NAmes,Norm,Norm,1Fam,SLvl
Dwel_855,855,20,RL,102,Pave,,AllPub,Sawyer,Norm,Norm,1Fam,1Story
Dwel_856,856,20,RL,,Pave,,AllPub,Sawyer,Norm,Norm,1Fam,1Story
Dwel_857,857,80,RL,,Pave,,AllPub,CollgCr,Norm,Norm,1Fam,SLvl
Dwel_858,858,60,RL,65,Pave,,AllPub,Gilbert,Norm,Norm,1Fam,2Story
Dwel_859,859,20,RL,80,Pave,,AllPub,NWAmes,Norm,Norm,1Fam,1Story
Dwel_860,860,60,RL,,Pave,,AllPub,NWAmes,PosA,Norm,1Fam,2Story
Dwel_861,861,50,RL,55,Pave,,AllPub,Crawfor,Norm,Norm,1Fam,1.5Fin
Dwel_862,862,190,RL,75,Pave,,AllPub,Sawyer,Norm,Norm,2fmCon,1Story
Dwel_863,863,20,RL,81,Pave,,AllPub,SawyerW,Norm,Norm,1Fam,1Story
Dwel_864,864,20,RL,70,Pave,,AllPub,NAmes,Norm,Norm,1Fam,1Story
Dwel_865,865,20,FV,72,Pave,,AllPub,Somerst,Norm,Norm,1Fam,1Story
Dwel_866,866,20,RL,,Pave,,AllPub,NAmes,Norm,Norm,1Fam,1Story
Dwel_867,867,20,RL,67,Pave,,AllPub,Timber,Norm,Norm,1Fam,1Story
Dwel_868,868,20,RL,85,Pave,,AllPub,Sawyer,Feedr,Norm,1Fam,1Story
Dwel_869,869,60,RL,,Pave,,AllPub,Gilbert,Feedr,Norm,1Fam,2Story
Dwel_870,870,60,RL,80,Pave,,AllPub,SawyerW,Norm,Norm,1Fam,2Story
Dwel_871,871,20,RL,60,Pave,,AllPub,NAmes,PosN,Norm,1Fam,1Story
Dwel_872,872,60,RL,70,Pave,,AllPub,CollgCr,Norm,Norm,1Fam,2Story
Dwel_873,873,20,RL,74,Pave,,AllPub,NAmes,Norm,Norm,1Fam,1Story
Dwel_874,874,40,RL,60,Pave,,AllPub,NAmes,Norm,Norm,1Fam,1Story
Dwel_875,875,50,RM,52,Pave,,AllPub,OldTown,Artery,Norm,1Fam,1.5Fin
Dwel_876,876,60,FV,75,Pave,,AllPub,Somerst,Norm,Norm,1Fam,2Story
Dwel_877,877,20,RL,94,Pave,,AllPub,Mitchel,Norm,Norm,1Fam,1Story
Dwel_878,878,60,RL,74,Pave,,AllPub,NridgHt,Norm,Norm,1Fam,2Story
Dwel_879,879,85,RL,88,Pave,,AllPub,Sawyer,Norm,Norm,1Fam,SFoyer
Dwel_880,880,20,RL,,Pave,,AllPub,CollgCr,Norm,Norm,1Fam,1Story
Dwel_881,881,20,RL,60,Pave,,AllPub,Edwards,Norm,Norm,1Fam,1Story
Dwel_882,882,50,RL,44,Pave,,AllPub,Timber,Norm,Norm,1Fam,1.5Fin
Dwel_883,883,60,RL,,Pave,,AllPub,Gilbert,Norm,Norm,1Fam,2Story
Dwel_884,884,75,RL,60,Pave,,AllPub,SWISU,Norm,Norm,1Fam,2.5Fin
Dwel_885,885,20,RL,65,Pave,,AllPub,NAmes,Norm,Norm,1Fam,1Story
Dwel_886,886,120,FV,50,Pave,,AllPub,Somerst,Norm,Norm,TwnhsE,1Story
Dwel_887,887,90,RL,70,Pave,,AllPub,NAmes,Norm,Norm,Duplex,1Story
Dwel_888,888,50,RL,59,Pave,,AllPub,Edwards,Norm,Norm,1Fam,1.5Fin
Dwel_889,889,20,RL,95,Pave,,AllPub,NAmes,Norm,Norm,1Fam,1Story
Dwel_890,890,20,RL,128,Pave,,AllPub,NAmes,Feedr,Norm,1Fam,1Story
Dwel_891,891,50,RL,60,Pave,,AllPub,NAmes,Artery,Norm,1Fam,1.5Fin
Dwel_892,892,60,RL,70,Pave,,AllPub,Sawyer,Norm,Norm,1Fam,2Story
Dwel_893,893,20,RL,70,Pave,,AllPub,Sawyer,Norm,Norm,1Fam,1Story
Dwel_894,894,20,RL,,Pave,,AllPub,Sawyer,PosN,Norm,1Fam,1Story
Dwel_895,895,90,RL,64,Pave,,AllPub,SawyerW,Norm,Norm,Duplex,1Story
Dwel_896,896,60,RL,71,Pave,,AllPub,NAmes,Norm,Norm,1Fam,2Story
Dwel_897,897,30,RM,50,Pave,Grvl,AllPub,IDOTRR,Norm,Norm,1Fam,1Story
Dwel_898,898,90,RL,64,Pave,,AllPub,SawyerW,Feedr,Norm,Duplex,2Story
Dwel_899,899,20,RL,100,Pave,,AllPub,NridgHt,Norm,Norm,1Fam,1Story
Dwel_900,900,20,RL,65,Pave,,AllPub,Sawyer,Feedr,Norm,1Fam,1Story
Dwel_901,901,20,RL,,Pave,,AllPub,NAmes,Norm,Norm,1Fam,1Story
Dwel_902,902,20,RL,64,Pave,,AllPub,NAmes,Norm,Norm,1Fam,1Story
Dwel_903,903,60,RL,63,Pave,,AllPub,Gilbert,Norm,Norm,1Fam,2Story
Dwel_904,904,20,RL,50,Pave,,AllPub,Gilbert,Norm,Norm,1Fam,1Story
Dwel_905,905,20,RL,,Pave,,AllPub,Sawyer,Norm,Norm,1Fam,1Story
Dwel_906,906,20,RL,80,Pave,,AllPub,NAmes,Norm,Norm,1Fam,1Story
Dwel_907,907,20,RL,116,Pave,,AllPub,Somerst,Norm,Norm,1Fam,1Story
Dwel_908,908,50,RL,86,Pave,,AllPub,Crawfor,Norm,Norm,1Fam,1.5Fin
Dwel_909,909,20,RL,,Pave,,AllPub,Mitchel,Norm,Norm,1Fam,1Story
Dwel_910,910,60,RL,149,Pave,,AllPub,Gilbert,Norm,Norm,1Fam,2Story
Dwel_911,911,90,RL,80,Pave,,AllPub,NAmes,Feedr,Norm,Duplex,2Story
Dwel_912,912,20,RL,,Pave,,AllPub,CollgCr,Norm,Norm,1Fam,1Story
Dwel_913,913,30,RM,51,Pave,,AllPub,BrkSide,Norm,Norm,1Fam,1Story
Dwel_914,914,90,RH,82,Pave,,AllPub,Crawfor,Norm,Norm,Duplex,2Story
Dwel_915,915,160,FV,30,Pave,Pave,AllPub,Somerst,Norm,Norm,TwnhsE,2Story
Dwel_916,916,160,RM,21,Pave,,AllPub,MeadowV,Norm,Norm,Twnhs,2Story
Dwel_917,917,20,C (all),50,Pave,,AllPub,IDOTRR,Norm,Norm,1Fam,1Story
Dwel_918,918,20,RL,,Pave,,AllPub,Edwards,Norm,Norm,1Fam,1Story
Dwel_919,919,60,RL,103,Pave,,AllPub,SawyerW,Norm,Norm,1Fam,2Story
Dwel_920,920,20,RL,87,Pave,,AllPub,NAmes,Norm,Norm,1Fam,1Story
Dwel_921,921,60,RL,70,Pave,,AllPub,SawyerW,Norm,Norm,1Fam,2Story
Dwel_922,922,90,RL,67,Pave,,AllPub,Edwards,Feedr,Norm,Duplex,1.5Fin
Dwel_923,923,20,RL,65,Pave,,AllPub,Gilbert,RRAn,Norm,1Fam,1Story
Dwel_924,924,120,RL,50,Pave,,AllPub,SawyerW,Norm,Norm,TwnhsE,1Story
Dwel_925,925,20,RL,79,Pave,,AllPub,NWAmes,Norm,Norm,1Fam,1Story
Dwel_926,926,20,RL,,Pave,,AllPub,NWAmes,Norm,Norm,1Fam,1Story
Dwel_927,927,60,RL,93,Pave,,AllPub,NridgHt,Norm,Norm,1Fam,2Story
Dwel_928,928,60,RL,,Pave,,AllPub,NWAmes,Feedr,Norm,1Fam,2Story
Dwel_929,929,20,RL,,Pave,,AllPub,CollgCr,Norm,Norm,1Fam,1Story
Dwel_930,930,60,RL,,Pave,,AllPub,Gilbert,Norm,Norm,1Fam,2Story
Dwel_931,931,20,RL,73,Pave,,AllPub,Timber,Norm,Norm,1Fam,1Story
Dwel_932,932,20,RL,70,Pave,,AllPub,NAmes,Norm,Norm,1Fam,1Story
Dwel_933,933,20,RL,84,Pave,,AllPub,Somerst,RRNn,Norm,1Fam,1Story
Dwel_934,934,20,RL,63,Pave,,AllPub,CollgCr,Norm,Norm,1Fam,1Story
Dwel_935,935,20,RL,313,Pave,,AllPub,NAmes,PosA,Norm,1Fam,1Story
Dwel_936,936,30,RL,52,Pave,,AllPub,BrkSide,Norm,Norm,1Fam,1Story
Dwel_937,937,20,RL,67,Pave,,AllPub,SawyerW,Norm,Norm,1Fam,1Story
Dwel_938,938,60,RL,75,Pave,,AllPub,Somerst,Norm,Norm,1Fam,2Story
Dwel_939,939,60,RL,73,Pave,,AllPub,CollgCr,Norm,Norm,1Fam,2Story
Dwel_940,940,70,RL,,Pave,,AllPub,ClearCr,Norm,Norm,1Fam,2Story
Dwel_941,941,90,RL,55,Pave,,AllPub,Mitchel,Norm,Norm,Duplex,1Story
Dwel_942,942,60,RL,,Pave,,AllPub,Gilbert,RRNn,Norm,1Fam,2Story
Dwel_943,943,90,RL,42,Pave,,AllPub,Edwards,Norm,Norm,Duplex,1Story
Dwel_944,944,90,RL,100,Pave,,AllPub,Mitchel,Norm,Norm,Duplex,1Story
Dwel_945,945,20,RL,,Pave,,NoSeWa,Timber,Norm,Norm,1Fam,SLvl
Dwel_946,946,50,RM,98,Pave,,AllPub,OldTown,Norm,Norm,1Fam,1.5Fin
Dwel_947,947,80,RL,70,Pave,,AllPub,NAmes,Norm,Norm,1Fam,SLvl
Dwel_948,948,20,RL,85,Pave,,AllPub,Timber,Norm,Norm,1Fam,1Story
Dwel_949,949,60,RL,65,Pave,,AllPub,CollgCr,Norm,Norm,1Fam,2Story
Dwel_950,950,20,RL,78,Pave,,AllPub,NWAmes,Norm,Norm,1Fam,1Story
Dwel_951,951,20,RL,60,Pave,,AllPub,NAmes,Norm,Norm,1Fam,1Story
Dwel_952,952,20,RH,60,Pave,,AllPub,SawyerW,Norm,Norm,1Fam,1Story
Dwel_953,953,85,RL,60,Pave,,AllPub,CollgCr,Norm,Norm,1Fam,SFoyer
Dwel_954,954,60,RL,,Pave,,AllPub,Mitchel,Norm,Norm,1Fam,2Story
Dwel_955,955,90,RL,35,Pave,,AllPub,Edwards,Norm,Norm,Duplex,SFoyer
Dwel_956,956,90,RH,82,Pave,,AllPub,Crawfor,Norm,Norm,Duplex,2Story
Dwel_957,957,160,RM,24,Pave,,AllPub,Blueste,Norm,Norm,TwnhsE,2Story
Dwel_958,958,20,RL,70,Pave,,AllPub,Sawyer,Norm,Norm,1Fam,1Story
Dwel_959,959,20,RL,65,Pave,,AllPub,CollgCr,Norm,Norm,1Fam,1Story
Dwel_960,960,160,FV,24,Pave,,AllPub,Somerst,Norm,Norm,Twnhs,2Story
Dwel_961,961,20,RL,50,Pave,,AllPub,BrkSide,Norm,Norm,1Fam,1Story
Dwel_962,962,60,RL,,Pave,,AllPub,NWAmes,PosN,Norm,1Fam,2Story
Dwel_963,963,160,RL,24,Pave,,AllPub,NPkVill,Norm,Norm,TwnhsE,2Story
Dwel_964,964,20,RL,122,Pave,,AllPub,CollgCr,Norm,Norm,1Fam,1Story
Dwel_965,965,60,RL,80,Pave,,AllPub,Timber,Norm,Norm,1Fam,2Story
Dwel_966,966,60,RL,65,Pave,,AllPub,Gilbert,RRAn,Norm,1Fam,2Story
Dwel_967,967,50,RL,130,Pave,,AllPub,Crawfor,Norm,Norm,1Fam,1.5Fin
Dwel_968,968,20,RL,,Pave,,AllPub,NAmes,Norm,Norm,1Fam,1Story
Dwel_969,969,50,RM,50,Pave,,AllPub,OldTown,Norm,Norm,1Fam,1.5Fin
Dwel_970,970,190,RL,75,Pave,,AllPub,NAmes,Norm,Norm,2fmCon,SLvl
Dwel_971,971,50,RL,60,Pave,,AllPub,NAmes,Norm,Norm,1Fam,1.5Fin
Dwel_972,972,160,RL,36,Pave,,AllPub,NridgHt,Norm,Norm,Twnhs,2Story
Dwel_973,973,120,RL,55,Pave,,AllPub,SawyerW,Norm,Norm,TwnhsE,1Story
Dwel_974,974,20,FV,95,Pave,,AllPub,Somerst,Norm,Norm,1Fam,1Story
Dwel_975,975,70,RL,60,Pave,,AllPub,BrkSide,RRAn,Feedr,1Fam,2Story
Dwel_976,976,160,FV,,Pave,,AllPub,Somerst,Norm,Norm,Twnhs,2Story
Dwel_977,977,30,RL,51,Pave,,AllPub,BrkSide,Norm,Norm,1Fam,1Story
Dwel_978,978,120,FV,35,Pave,Pave,AllPub,Somerst,Norm,Norm,TwnhsE,1Story
Dwel_979,979,20,RL,68,Pave,,AllPub,Edwards,Norm,Norm,1Fam,1Story
Dwel_980,980,20,RL,80,Pave,,AllPub,Sawyer,Feedr,Norm,1Fam,1Story
Dwel_981,981,85,RL,,Pave,,AllPub,NAmes,Norm,Norm,1Fam,SFoyer
Dwel_982,982,60,RL,98,Pave,,AllPub,NoRidge,Norm,Norm,1Fam,2Story
Dwel_983,983,20,RL,43,Pave,,AllPub,Blmngtn,Norm,Norm,1Fam,1Story
Dwel_984,984,60,RL,,Pave,,AllPub,CollgCr,Norm,Norm,1Fam,2Story
Dwel_985,985,90,RL,75,Pave,,AllPub,Mitchel,Norm,Norm,Duplex,1.5Fin
Dwel_986,986,190,RL,68,Pave,,AllPub,Edwards,Norm,Norm,2fmCon,1Story
Dwel_987,987,50,RM,59,Pave,,AllPub,OldTown,Feedr,Norm,1Fam,1.5Fin
Dwel_988,988,20,RL,83,Pave,,AllPub,NridgHt,Norm,Norm,1Fam,1Story
Dwel_989,989,60,RL,,Pave,,AllPub,NWAmes,Norm,Norm,1Fam,2Story
Dwel_990,990,60,FV,65,Pave,,AllPub,Somerst,Norm,Norm,1Fam,2Story
Dwel_991,991,60,RL,82,Pave,,AllPub,NoRidge,Norm,Norm,1Fam,2Story
Dwel_992,992,70,RM,121,Pave,Grvl,AllPub,OldTown,Artery,Norm,1Fam,2Story
Dwel_993,993,60,RL,80,Pave,,AllPub,NAmes,Norm,Norm,1Fam,2Story
Dwel_994,994,60,RL,68,Pave,,AllPub,CollgCr,Norm,Norm,1Fam,2Story
Dwel_995,995,20,RL,96,Pave,,AllPub,NridgHt,Norm,Norm,1Fam,1Story
Dwel_996,996,50,RL,51,Pave,,AllPub,BrkSide,Feedr,Norm,1Fam,1.5Fin
Dwel_997,997,20,RL,,Pave,,AllPub,NAmes,Norm,Norm,1Fam,1Story
Dwel_998,998,20,RL,,Pave,,AllPub,NWAmes,PosA,Norm,1Fam,1Story
Dwel_999,999,30,RM,60,Pave,,AllPub,IDOTRR,Norm,Norm,1Fam,1Story
Dwel_1000,1000,20,RL,64,Pave,,AllPub,CollgCr,Norm,Norm,1Fam,1Story
Dwel_1001,1001,20,RL,74,Pave,,AllPub,Edwards,Norm,Norm,1Fam,1Story
Dwel_1002,1002,30,RL,60,Pave,,AllPub,OldTown,Norm,Norm,1Fam,1Story
Dwel_1003,1003,20,RL,75,Pave,,AllPub,Somerst,RRAn,Norm,1Fam,1Story
Dwel_1004,1004,90,RL,,Pave,,AllPub,NWAmes,Feedr,RRAn,Duplex,1Story
Dwel_1005,1005,120,RL,43,Pave,,AllPub,Blmngtn,Norm,Norm,TwnhsE,1Story
Dwel_1006,1006,80,RL,65,Pave,,AllPub,CollgCr,Norm,Norm,1Fam,SLvl
Dwel_1007,1007,20,RL,,Pave,,AllPub,NAmes,PosN,Norm,1Fam,1Story
Dwel_1008,1008,160,RM,21,Pave,,AllPub,MeadowV,Norm,Norm,TwnhsE,2Story
Dwel_1009,1009,20,RL,43,Pave,,AllPub,Mitchel,Norm,Norm,1Fam,1Story
Dwel_1010,1010,50,RL,60,Pave,,AllPub,SWISU,Norm,Norm,1Fam,1.5Fin
Dwel_1011,1011,50,RL,115,Pave,,AllPub,Sawyer,Norm,Norm,1Fam,1.5Fin
Dwel_1012,1012,90,RL,75,Pave,,AllPub,Edwards,Norm,Norm,Duplex,1Story
Dwel_1013,1013,70,RL,55,Pave,,AllPub,Crawfor,Norm,Norm,1Fam,2Story
Dwel_1014,1014,30,RM,60,Pave,,AllPub,OldTown,Norm,Norm,1Fam,1Story
Dwel_1015,1015,20,RL,60,Pave,,AllPub,NAmes,Artery,Norm,1Fam,1Story
Dwel_1016,1016,60,RL,70,Pave,,AllPub,NWAmes,Norm,Norm,1Fam,2Story
Dwel_1017,1017,20,RL,73,Pave,,AllPub,CollgCr,Norm,Norm,1Fam,1Story
Dwel_1018,1018,120,RL,,Pave,,AllPub,StoneBr,Norm,Norm,TwnhsE,1Story
Dwel_1019,1019,80,RL,,Pave,,AllPub,Gilbert,Norm,Norm,1Fam,SLvl
Dwel_1020,1020,120,RL,43,Pave,,AllPub,Blmngtn,Norm,Norm,TwnhsE,1Story
Dwel_1021,1021,20,RL,60,Pave,,AllPub,Edwards,Norm,Norm,1Fam,1Story
Dwel_1022,1022,20,RL,64,Pave,,AllPub,CollgCr,Norm,Norm,1Fam,1Story
Dwel_1023,1023,50,RM,52,Pave,,AllPub,OldTown,Norm,Norm,1Fam,1.5Fin
Dwel_1024,1024,120,RL,43,Pave,,AllPub,Blmngtn,Norm,Norm,TwnhsE,1Story
Dwel_1025,1025,20,RL,,Pave,,AllPub,Timber,Norm,Norm,1Fam,1Story
Dwel_1026,1026,20,RL,70,Pave,,AllPub,CollgCr,Norm,Norm,1Fam,1Story
Dwel_1027,1027,20,RL,73,Pave,,AllPub,NAmes,Feedr,Norm,1Fam,1Story
Dwel_1028,1028,20,RL,71,Pave,,AllPub,Timber,Norm,Norm,1Fam,1Story
Dwel_1029,1029,50,RL,79,Pave,,AllPub,NAmes,Artery,Norm,1Fam,1.5Fin
Dwel_1030,1030,160,RM,21,Pave,,AllPub,BrDale,Norm,Norm,Twnhs,2Story
Dwel_1031,1031,190,RH,,Pave,,AllPub,SWISU,Norm,Norm,2fmCon,2Story
Dwel_1032,1032,75,RL,102,Pave,,AllPub,SWISU,Norm,Norm,1Fam,2.5Fin
Dwel_1033,1033,60,RL,,Pave,,AllPub,NoRidge,Norm,Norm,1Fam,2Story
Dwel_1034,1034,20,RL,,Pave,,AllPub,CollgCr,Norm,Norm,1Fam,1Story
Dwel_1035,1035,30,RL,50,Pave,,AllPub,Crawfor,Norm,Norm,1Fam,1Story
Dwel_1036,1036,20,RL,,Pave,,AllPub,Edwards,Norm,Norm,1Fam,1Story
Dwel_1037,1037,20,RL,89,Pave,,AllPub,Timber,Norm,Norm,1Fam,1Story
Dwel_1038,1038,60,RL,,Pave,,AllPub,CollgCr,Norm,Norm,1Fam,2Story
Dwel_1039,1039,160,RM,21,Pave,,AllPub,MeadowV,Norm,Norm,Twnhs,2Story
Dwel_1040,1040,180,RM,21,Pave,,AllPub,MeadowV,Norm,Norm,TwnhsE,SFoyer
Dwel_1041,1041,20,RL,88,Pave,,AllPub,Sawyer,Norm,Norm,1Fam,1Story
Dwel_1042,1042,60,RL,,Pave,,AllPub,NWAmes,Feedr,Norm,1Fam,2Story
Dwel_1043,1043,120,RL,34,Pave,,AllPub,NridgHt,Norm,Norm,Twnhs,1Story
Dwel_1044,1044,60,RL,86,Pave,,AllPub,SawyerW,Norm,Norm,1Fam,2Story
Dwel_1045,1045,20,RL,80,Pave,,AllPub,NWAmes,PosN,Norm,1Fam,1Story
Dwel_1046,1046,20,RL,,Pave,,AllPub,Edwards,Norm,Norm,1Fam,1Story
Dwel_1047,1047,60,RL,85,Pave,,AllPub,StoneBr,Norm,Norm,1Fam,2Story
Dwel_1048,1048,20,RL,57,Pave,,AllPub,CollgCr,Norm,Norm,1Fam,1Story
Dwel_1049,1049,20,RL,100,Pave,,AllPub,Mitchel,Norm,Norm,1Fam,1Story
Dwel_1050,1050,20,RL,60,Pave,,AllPub,Edwards,Norm,Norm,1Fam,1Story
Dwel_1051,1051,20,RL,73,Pave,,AllPub,Gilbert,Norm,Norm,1Fam,1Story
Dwel_1052,1052,20,RL,103,Pave,,AllPub,CollgCr,Norm,Norm,1Fam,1Story
Dwel_1053,1053,60,RL,100,Pave,,AllPub,NAmes,Artery,Norm,1Fam,2Story
Dwel_1054,1054,20,RL,68,Pave,,AllPub,Edwards,Norm,Norm,1Fam,1Story
Dwel_1055,1055,60,RL,90,Pave,,AllPub,CollgCr,Norm,Norm,1Fam,2Story
Dwel_1056,1056,20,RL,104,Pave,,AllPub,NWAmes,Norm,Norm,1Fam,1Story
Dwel_1057,1057,120,RL,43,Pave,,AllPub,NridgHt,Norm,Norm,TwnhsE,1Story
Dwel_1058,1058,60,RL,,Pave,,AllPub,NoRidge,Norm,Norm,1Fam,2Story
Dwel_1059,1059,60,RL,96,Pave,,AllPub,NridgHt,Norm,Norm,1Fam,2Story
Dwel_1060,1060,50,RL,,Pave,,AllPub,Crawfor,Norm,Norm,1Fam,1.5Fin
Dwel_1061,1061,120,RL,41,Pave,,AllPub,StoneBr,Norm,Norm,TwnhsE,1Story
Dwel_1062,1062,30,C (all),120,Grvl,,AllPub,IDOTRR,Norm,Norm,1Fam,1Story
Dwel_1063,1063,190,RM,85,Pave,Grvl,AllPub,OldTown,Norm,Norm,2fmCon,2Story
Dwel_1064,1064,30,RM,50,Pave,,AllPub,OldTown,Artery,Norm,1Fam,1Story
Dwel_1065,1065,20,RL,,Pave,,AllPub,NAmes,Norm,Norm,1Fam,1Story
Dwel_1066,1066,60,RL,80,Pave,,AllPub,ClearCr,Norm,Norm,1Fam,2Story
Dwel_1067,1067,60,RL,59,Pave,,AllPub,Gilbert,Norm,Norm,1Fam,2Story
Dwel_1068,1068,60,RL,80,Pave,,AllPub,NAmes,Norm,Norm,1Fam,2Story
Dwel_1069,1069,160,RM,42,Pave,,AllPub,MeadowV,Norm,Norm,TwnhsE,2Story
Dwel_1070,1070,45,RL,60,Pave,,AllPub,NAmes,Norm,Norm,1Fam,1.5Unf
Dwel_1071,1071,20,RL,72,Pave,,AllPub,NAmes,Norm,Norm,1Fam,1Story
Dwel_1072,1072,60,RL,78,Pave,,AllPub,NWAmes,RRAn,Norm,1Fam,2Story
Dwel_1073,1073,50,RL,50,Pave,,AllPub,Edwards,Artery,Norm,1Fam,1.5Fin
Dwel_1074,1074,60,RL,75,Pave,,AllPub,Edwards,Norm,Norm,1Fam,2Story
Dwel_1075,1075,20,RL,74,Pave,,AllPub,CollgCr,Norm,Norm,1Fam,1Story
Dwel_1076,1076,70,RL,75,Pave,,AllPub,Crawfor,Norm,Norm,1Fam,2Story
Dwel_1077,1077,50,RL,60,Pave,Grvl,AllPub,OldTown,Norm,Norm,1Fam,1.5Fin
Dwel_1078,1078,20,RL,,Pave,,AllPub,NAmes,Norm,Norm,1Fam,1Story
Dwel_1079,1079,120,RM,37,Pave,,AllPub,CollgCr,Norm,Norm,TwnhsE,1Story
Dwel_1080,1080,20,RL,65,Pave,,AllPub,CollgCr,Norm,Norm,1Fam,1Story
Dwel_1081,1081,20,RL,80,Pave,,AllPub,NWAmes,Norm,Norm,1Fam,1Story
Dwel_1082,1082,20,RL,75,Pave,,AllPub,Sawyer,Feedr,Norm,1Fam,1Story
Dwel_1083,1083,20,RL,70,Pave,,AllPub,CollgCr,Norm,Norm,1Fam,1Story
Dwel_1084,1084,20,RL,80,Pave,,AllPub,NAmes,Norm,Norm,1Fam,1Story
Dwel_1085,1085,60,RL,,Pave,,AllPub,Gilbert,Norm,Norm,1Fam,2Story
Dwel_1086,1086,85,RL,73,Pave,,AllPub,SawyerW,Norm,Norm,1Fam,SFoyer
Dwel_1087,1087,160,RM,,Pave,,AllPub,MeadowV,Norm,Norm,TwnhsE,2Story
Dwel_1088,1088,60,FV,85,Pave,,AllPub,Somerst,Norm,Norm,1Fam,2Story
Dwel_1089,1089,160,RM,24,Pave,,AllPub,Edwards,Norm,Norm,Twnhs,2Story
Dwel_1090,1090,120,FV,37,Pave,Pave,AllPub,Somerst,Norm,Norm,TwnhsE,1Story
Dwel_1091,1091,90,RL,60,Pave,,AllPub,NAmes,Norm,Norm,Duplex,1Story
Dwel_1092,1092,160,FV,24,Pave,Pave,AllPub,Somerst,Norm,Norm,Twnhs,2Story
Dwel_1093,1093,50,RL,60,Pave,,AllPub,SWISU,Norm,Norm,1Fam,1.5Fin
Dwel_1094,1094,20,RL,71,Pave,,AllPub,NAmes,Feedr,Norm,1Fam,1Story
Dwel_1095,1095,20,RL,74,Pave,,AllPub,NAmes,Norm,Norm,1Fam,1Story
Dwel_1096,1096,20,RL,78,Pave,,AllPub,CollgCr,Norm,Norm,1Fam,1Story
Dwel_1097,1097,70,RM,60,Pave,,AllPub,IDOTRR,Norm,Norm,1Fam,2Story
Dwel_1098,1098,120,RL,,Pave,,AllPub,StoneBr,Norm,Norm,TwnhsE,1Story
Dwel_1099,1099,50,RM,50,Pave,,AllPub,BrkSide,Norm,Norm,1Fam,1.5Fin
Dwel_1100,1100,20,RL,82,Pave,,AllPub,NWAmes,RRAn,Norm,1Fam,1Story
Dwel_1101,1101,30,RL,60,Pave,,AllPub,SWISU,Norm,Norm,1Fam,1Story
Dwel_1102,1102,20,RL,61,Pave,,AllPub,NAmes,Norm,Norm,1Fam,1Story
Dwel_1103,1103,20,RL,70,Pave,,AllPub,NAmes,Norm,Norm,1Fam,1Story
Dwel_1104,1104,20,RL,79,Pave,,AllPub,NAmes,Norm,Norm,1Fam,1Story
Dwel_1105,1105,160,RM,24,Pave,,AllPub,BrDale,Norm,Norm,TwnhsE,2Story
Dwel_1106,1106,60,RL,98,Pave,,AllPub,NoRidge,Norm,Norm,1Fam,2Story
Dwel_1107,1107,20,RL,114,Pave,,AllPub,SawyerW,Feedr,Norm,1Fam,1Story
Dwel_1108,1108,60,RL,168,Pave,,AllPub,Gilbert,Norm,Norm,1Fam,2Story
Dwel_1109,1109,60,RL,,Pave,,AllPub,Gilbert,Norm,Norm,1Fam,2Story
Dwel_1110,1110,20,RL,107,Pave,,AllPub,NridgHt,Norm,Norm,1Fam,1Story
Dwel_1111,1111,60,RL,,Pave,,AllPub,Gilbert,Norm,Norm,1Fam,2Story
Dwel_1112,1112,60,RL,80,Pave,,AllPub,NWAmes,Norm,Norm,1Fam,2Story
Dwel_1113,1113,20,RL,73,Pave,,AllPub,NAmes,Norm,Norm,1Fam,1Story
Dwel_1114,1114,20,RL,66,Pave,,AllPub,NAmes,Norm,Norm,1Fam,1Story
Dwel_1115,1115,20,RL,90,Pave,,AllPub,OldTown,Norm,Norm,1Fam,1Story
Dwel_1116,1116,20,RL,93,Pave,,AllPub,NridgHt,Norm,Norm,1Fam,1Story
Dwel_1117,1117,80,RL,,Pave,,AllPub,Gilbert,Norm,Norm,1Fam,SLvl
Dwel_1118,1118,20,RL,57,Pave,,AllPub,Sawyer,Feedr,Norm,1Fam,1Story
Dwel_1119,1119,80,RL,85,Pave,,AllPub,Sawyer,Norm,Norm,1Fam,SLvl
Dwel_1120,1120,20,RL,70,Pave,,AllPub,NAmes,Norm,Norm,1Fam,1Story
Dwel_1121,1121,30,RM,59,Pave,,AllPub,IDOTRR,Norm,Norm,1Fam,1Story
Dwel_1122,1122,20,RL,84,Pave,,AllPub,CollgCr,Norm,Norm,1Fam,1Story
Dwel_1123,1123,20,RL,,Pave,,AllPub,Edwards,Norm,Norm,1Fam,1Story
Dwel_1124,1124,20,RL,50,Pave,,AllPub,Edwards,Norm,Norm,1Fam,1Story
Dwel_1125,1125,80,RL,,Pave,,AllPub,Gilbert,Norm,Norm,1Fam,SLvl
Dwel_1126,1126,20,RL,60,Pave,,AllPub,NAmes,Norm,Norm,1Fam,1Story
Dwel_1127,1127,120,RL,53,Pave,,AllPub,Blmngtn,Norm,Norm,TwnhsE,1Story
Dwel_1128,1128,20,RL,182,Pave,,AllPub,Gilbert,Norm,Norm,1Fam,1Story
Dwel_1129,1129,60,RL,59,Pave,,AllPub,Gilbert,Norm,Norm,1Fam,2Story
Dwel_1130,1130,90,RM,60,Pave,Grvl,AllPub,OldTown,Norm,Norm,Duplex,SFoyer
Dwel_1131,1131,50,RL,65,Pave,,AllPub,SWISU,Norm,Norm,1Fam,1.5Fin
Dwel_1132,1132,20,RL,63,Pave,,AllPub,Mitchel,Norm,Norm,1Fam,1Story
Dwel_1133,1133,70,RM,90,Pave,,AllPub,OldTown,Norm,Norm,1Fam,2Story
Dwel_1134,1134,60,RL,80,Pave,,AllPub,SawyerW,Norm,Norm,1Fam,2Story
Dwel_1135,1135,60,RL,57,Pave,,AllPub,Gilbert,Norm,Norm,1Fam,2Story
Dwel_1136,1136,30,RM,60,Pave,,AllPub,BrkSide,Norm,Norm,1Fam,1Story
Dwel_1137,1137,50,RL,80,Pave,,AllPub,NAmes,Norm,Norm,1Fam,1.5Fin
Dwel_1138,1138,50,RL,54,Pave,,AllPub,Sawyer,Feedr,Norm,1Fam,1.5Fin
Dwel_1139,1139,20,RL,,Pave,,AllPub,Mitchel,Norm,Norm,1Fam,1Story
Dwel_1140,1140,30,RL,98,Pave,,AllPub,BrkSide,Norm,Norm,1Fam,1Story
Dwel_1141,1141,20,RL,60,Pave,,AllPub,NAmes,Norm,Norm,1Fam,1Story
Dwel_1142,1142,60,RL,,Pave,,AllPub,NWAmes,PosN,Norm,1Fam,2Story
Dwel_1143,1143,60,RL,77,Pave,,AllPub,CollgCr,Norm,Norm,1Fam,2Story
Dwel_1144,1144,20,RL,,Pave,,AllPub,Sawyer,Norm,Norm,1Fam,1Story
Dwel_1145,1145,190,RL,60,Pave,,AllPub,Edwards,Norm,Norm,2fmCon,1.5Fin
Dwel_1146,1146,50,RM,52,Pave,,AllPub,BrkSide,Norm,Norm,1Fam,1.5Fin
Dwel_1147,1147,20,RL,,Pave,,AllPub,SawyerW,Norm,Norm,1Fam,1Story
Dwel_1148,1148,70,RL,75,Pave,,AllPub,Crawfor,Norm,Norm,1Fam,2Story
Dwel_1149,1149,50,RM,,Pave,,AllPub,OldTown,Norm,Norm,1Fam,1.5Fin
Dwel_1150,1150,70,RM,50,Pave,,AllPub,OldTown,Artery,Norm,1Fam,2Story
Dwel_1151,1151,20,RL,57,Pave,,AllPub,NAmes,Norm,Norm,1Fam,1Story
Dwel_1152,1152,20,RL,134,Pave,,AllPub,Edwards,Norm,Norm,1Fam,1Story
Dwel_1153,1153,20,RL,90,Pave,,AllPub,Crawfor,Norm,Norm,1Fam,1Story
Dwel_1154,1154,30,RM,,Pave,,AllPub,IDOTRR,Norm,Norm,1Fam,1Story
Dwel_1155,1155,60,RL,,Pave,,AllPub,NAmes,Norm,Norm,1Fam,2Story
Dwel_1156,1156,20,RL,90,Pave,,AllPub,Veenker,Norm,Norm,1Fam,1Story
Dwel_1157,1157,80,RL,85,Pave,,AllPub,NAmes,Norm,Norm,1Fam,SLvl
Dwel_1158,1158,120,RL,34,Pave,,AllPub,NridgHt,Norm,Norm,Twnhs,1Story
Dwel_1159,1159,20,RL,92,Pave,,AllPub,Somerst,Feedr,Norm,1Fam,1Story
Dwel_1160,1160,60,RL,76,Pave,,AllPub,NWAmes,Norm,Norm,1Fam,2Story
Dwel_1161,1161,160,RL,24,Pave,,AllPub,NPkVill,Norm,Norm,Twnhs,2Story
Dwel_1162,1162,20,RL,,Pave,,AllPub,Crawfor,PosN,Norm,1Fam,1Story
Dwel_1163,1163,20,RL,109,Pave,,AllPub,Sawyer,Norm,Norm,1Fam,1Story
Dwel_1164,1164,90,RL,60,Pave,,AllPub,Sawyer,Feedr,Norm,Duplex,SFoyer
Dwel_1165,1165,80,RL,,Pave,,AllPub,Veenker,Feedr,Norm,1Fam,SLvl
Dwel_1166,1166,20,RL,79,Pave,,AllPub,NridgHt,Norm,Norm,1Fam,1Story
Dwel_1167,1167,20,RL,64,Pave,,AllPub,CollgCr,Norm,Norm,1Fam,1Story
Dwel_1168,1168,60,RL,58,Pave,,AllPub,Gilbert,RRAn,Norm,1Fam,2Story
Dwel_1169,1169,70,RL,120,Pave,,AllPub,Edwards,Norm,Norm,1Fam,2Story
Dwel_1170,1170,60,RL,118,Pave,,AllPub,NoRidge,Norm,Norm,1Fam,2Story
Dwel_1171,1171,80,RL,76,Pave,,AllPub,Mitchel,Norm,Norm,1Fam,SLvl
Dwel_1172,1172,20,RL,76,Pave,,AllPub,NAmes,Norm,Norm,1Fam,1Story
Dwel_1173,1173,160,FV,35,Pave,Pave,AllPub,Somerst,Norm,Norm,TwnhsE,2Story
Dwel_1174,1174,50,RL,138,Pave,,AllPub,ClearCr,Norm,Norm,1Fam,1.5Fin
Dwel_1175,1175,70,RL,80,Pave,,AllPub,Crawfor,Norm,Norm,1Fam,2Story
Dwel_1176,1176,50,RL,85,Pave,,AllPub,NoRidge,Norm,Norm,1Fam,1.5Fin
Dwel_1177,1177,20,RL,37,Pave,,AllPub,Mitchel,Norm,Norm,1Fam,1Story
Dwel_1178,1178,50,RM,,Pave,Grvl,AllPub,OldTown,Artery,Norm,1Fam,1.5Fin
Dwel_1179,1179,50,RL,54,Pave,,AllPub,Crawfor,Norm,Norm,1Fam,1.5Fin
Dwel_1180,1180,20,RL,77,Pave,,AllPub,Edwards,Norm,Norm,1Fam,1Story
Dwel_1181,1181,60,RL,,Pave,,AllPub,Timber,Norm,Norm,1Fam,2Story
Dwel_1182,1182,120,RM,64,Pave,,AllPub,Crawfor,Norm,Norm,TwnhsE,1Story
Dwel_1183,1183,60,RL,160,Pave,,AllPub,NoRidge,Norm,Norm,1Fam,2Story
Dwel_1184,1184,30,RL,60,Pave,Grvl,AllPub,OldTown,Norm,Norm,1Fam,1Story
Dwel_1185,1185,20,RL,50,Grvl,,AllPub,Timber,Norm,Norm,1Fam,1Story
Dwel_1186,1186,50,RL,60,Pave,,AllPub,Edwards,Norm,Norm,1Fam,1.5Fin
Dwel_1187,1187,190,RL,107,Pave,,AllPub,OldTown,Artery,Artery,2fmCon,2Story
Dwel_1188,1188,20,RL,89,Pave,,AllPub,NoRidge,Norm,Norm,1Fam,1Story
Dwel_1189,1189,60,RL,68,Pave,,AllPub,CollgCr,Norm,Norm,1Fam,2Story
Dwel_1190,1190,60,RL,60,Pave,,AllPub,Gilbert,Norm,Norm,1Fam,2Story
Dwel_1191,1191,190,RL,,Pave,,AllPub,Mitchel,Norm,Norm,2fmCon,1Story
Dwel_1192,1192,160,FV,24,Pave,Pave,AllPub,Somerst,Norm,Norm,Twnhs,2Story
Dwel_1193,1193,50,RM,60,Pave,Grvl,AllPub,OldTown,Norm,Norm,1Fam,1.5Fin
Dwel_1194,1194,120,RM,,Pave,,AllPub,Mitchel,Norm,Norm,TwnhsE,1Story
Dwel_1195,1195,60,RL,80,Pave,,AllPub,Sawyer,Norm,Norm,1Fam,2Story
Dwel_1196,1196,60,RL,51,Pave,,AllPub,Gilbert,Norm,Norm,1Fam,2Story
Dwel_1197,1197,60,RL,58,Pave,,AllPub,Gilbert,Norm,Norm,1Fam,2Story
Dwel_1198,1198,75,RM,65,Pave,,AllPub,OldTown,Norm,Norm,1Fam,2.5Unf
Dwel_1199,1199,20,RL,70,Pave,,AllPub,CollgCr,Norm,Norm,1Fam,1Story
Dwel_1200,1200,20,RL,75,Pave,,AllPub,Sawyer,Norm,Norm,1Fam,1Story
Dwel_1201,1201,20,RL,71,Pave,,AllPub,NAmes,Norm,Norm,1Fam,1Story
Dwel_1202,1202,60,RL,80,Pave,,AllPub,CollgCr,Norm,Norm,1Fam,2Story
Dwel_1203,1203,50,RM,50,Pave,,AllPub,BrkSide,Norm,Norm,1Fam,1.5Fin
Dwel_1204,1204,20,RL,75,Pave,,AllPub,CollgCr,Norm,Norm,1Fam,1Story
Dwel_1205,1205,20,RL,78,Pave,,AllPub,NWAmes,Norm,Norm,1Fam,1Story
Dwel_1206,1206,20,RL,90,Pave,,AllPub,SawyerW,Norm,Norm,1Fam,1Story
Dwel_1207,1207,20,RH,,Pave,,AllPub,SawyerW,Norm,Norm,1Fam,1Story
Dwel_1208,1208,20,RL,70,Pave,,AllPub,CollgCr,Norm,Norm,1Fam,1Story
Dwel_1209,1209,20,RL,70,Pave,,AllPub,NAmes,Norm,Norm,1Fam,1Story
Dwel_1210,1210,20,RL,85,Pave,,AllPub,Somerst,RRNn,Norm,1Fam,1Story
Dwel_1211,1211,60,RL,70,Pave,,AllPub,SawyerW,Norm,Norm,1Fam,2Story
Dwel_1212,1212,50,RL,152,Pave,,AllPub,Gilbert,Norm,Norm,1Fam,1.5Fin
Dwel_1213,1213,30,RL,50,Pave,,AllPub,Edwards,Norm,Norm,1Fam,1Story
Dwel_1214,1214,80,RL,,Pave,,AllPub,Sawyer,Norm,Norm,1Fam,SLvl
Dwel_1215,1215,85,RL,69,Pave,,AllPub,NAmes,Norm,Norm,1Fam,SFoyer
Dwel_1216,1216,20,RL,99,Pave,,AllPub,Sawyer,Norm,Norm,1Fam,1Story
Dwel_1217,1217,90,RM,68,Pave,,AllPub,Sawyer,RRAe,Norm,Duplex,1.5Fin
Dwel_1218,1218,20,FV,72,Pave,,AllPub,Somerst,Norm,Norm,1Fam,1Story
Dwel_1219,1219,50,RM,52,Pave,,AllPub,BrkSide,Norm,Norm,1Fam,1.5Fin
Dwel_1220,1220,160,RM,21,Pave,,AllPub,BrDale,Norm,Norm,Twnhs,2Story
Dwel_1221,1221,20,RL,66,Pave,,AllPub,NAmes,Norm,Norm,1Fam,1Story
Dwel_1222,1222,20,RL,55,Pave,,AllPub,Sawyer,Feedr,Norm,1Fam,1Story
Dwel_1223,1223,50,RL,78,Pave,,AllPub,NAmes,Artery,Norm,1Fam,1.5Fin
Dwel_1224,1224,20,RL,89,Pave,,AllPub,NAmes,Norm,Norm,1Fam,1Story
Dwel_1225,1225,60,RL,60,Pave,,AllPub,Gilbert,RRAn,Norm,1Fam,2Story
Dwel_1226,1226,80,RL,65,Pave,,AllPub,NAmes,Norm,Norm,1Fam,SLvl
Dwel_1227,1227,60,RL,86,Pave,,AllPub,Somerst,Feedr,Norm,1Fam,2Story
Dwel_1228,1228,20,RL,72,Pave,,AllPub,NAmes,Norm,Norm,1Fam,1Story
Dwel_1229,1229,120,RL,65,Pave,,AllPub,NridgHt,Norm,Norm,TwnhsE,1Story
Dwel_1230,1230,80,RL,70,Pave,,AllPub,NAmes,Norm,Norm,1Fam,SLvl
Dwel_1231,1231,90,RL,,Pave,,AllPub,Sawyer,Feedr,RRAe,Duplex,1.5Fin
Dwel_1232,1232,90,RL,70,Pave,,AllPub,NAmes,Norm,Norm,Duplex,SLvl
Dwel_1233,1233,90,RL,70,Pave,,AllPub,NAmes,Norm,Norm,Duplex,1Story
Dwel_1234,1234,20,RL,,Pave,,AllPub,NAmes,Norm,Norm,1Fam,1Story
Dwel_1235,1235,70,RH,55,Pave,,AllPub,SWISU,Norm,Norm,1Fam,2Story
Dwel_1236,1236,70,RL,96,Pave,,AllPub,Crawfor,Norm,Norm,1Fam,2Story
Dwel_1237,1237,160,RL,36,Pave,,AllPub,NridgHt,Norm,Norm,Twnhs,2Story
Dwel_1238,1238,60,RL,41,Pave,,AllPub,CollgCr,Norm,Norm,1Fam,2Story
Dwel_1239,1239,20,RL,63,Pave,,AllPub,SawyerW,RRAe,Norm,1Fam,1Story
Dwel_1240,1240,20,RL,64,Pave,,AllPub,Timber,Norm,Norm,1Fam,1Story
Dwel_1241,1241,60,RL,65,Pave,,AllPub,CollgCr,Norm,Norm,1Fam,2Story
Dwel_1242,1242,20,RL,83,Pave,,AllPub,Somerst,Norm,Norm,1Fam,1Story
Dwel_1243,1243,85,RL,85,Pave,,AllPub,NWAmes,Norm,Norm,1Fam,SFoyer
Dwel_1244,1244,20,RL,107,Pave,,AllPub,NridgHt,Norm,Norm,1Fam,1Story
Dwel_1245,1245,70,RL,,Pave,,AllPub,Crawfor,Norm,Norm,1Fam,2Story
Dwel_1246,1246,80,RL,78,Pave,,AllPub,NWAmes,Norm,Norm,1Fam,SLvl
Dwel_1247,1247,60,FV,65,Pave,,AllPub,Somerst,Norm,Norm,1Fam,2Story
Dwel_1248,1248,80,RL,,Pave,,AllPub,Mitchel,Norm,Norm,1Fam,SLvl
Dwel_1249,1249,75,RM,60,Pave,Grvl,AllPub,OldTown,Norm,Norm,1Fam,2.5Unf
Dwel_1250,1250,20,RL,60,Pave,,AllPub,NAmes,Norm,Norm,1Fam,1Story
Dwel_1251,1251,20,RL,93,Pave,,AllPub,NAmes,Norm,Norm,1Fam,1Story
Dwel_1252,1252,120,RL,,Pave,,AllPub,NridgHt,Norm,Norm,TwnhsE,1Story
Dwel_1253,1253,20,RL,62,Pave,,AllPub,Mitchel,Norm,Norm,1Fam,1Story
Dwel_1254,1254,60,RL,,Pave,,AllPub,Veenker,Norm,Norm,1Fam,2Story
Dwel_1255,1255,60,RL,60,Pave,,AllPub,Edwards,Norm,Norm,1Fam,2Story
Dwel_1256,1256,50,RM,52,Pave,,AllPub,BrkSide,Norm,Norm,1Fam,1.5Fin
Dwel_1257,1257,20,RL,91,Pave,,AllPub,NoRidge,Norm,Norm,1Fam,1Story
Dwel_1258,1258,30,RL,56,Pave,,AllPub,Edwards,Feedr,Norm,1Fam,1Story
Dwel_1259,1259,80,RL,59,Pave,,AllPub,Gilbert,Norm,Norm,1Fam,SLvl
Dwel_1260,1260,20,RL,65,Pave,,AllPub,NAmes,Norm,Norm,1Fam,1Story
Dwel_1261,1261,60,RL,,Pave,,AllPub,Gilbert,RRAn,Norm,1Fam,2Story
Dwel_1262,1262,20,RL,80,Pave,,AllPub,NAmes,Norm,Norm,1Fam,1Story
Dwel_1263,1263,50,RL,,Pave,,AllPub,ClearCr,Norm,Norm,1Fam,1.5Fin
Dwel_1264,1264,70,RL,60,Pave,Pave,AllPub,BrkSide,Norm,Norm,1Fam,2Story
Dwel_1265,1265,120,RH,34,Pave,,AllPub,NAmes,Norm,Norm,TwnhsE,1Story
Dwel_1266,1266,160,FV,35,Pave,,AllPub,Somerst,Norm,Norm,TwnhsE,2Story
Dwel_1267,1267,190,RM,60,Pave,,AllPub,OldTown,Feedr,Norm,2fmCon,2.5Unf
Dwel_1268,1268,20,RL,89,Pave,,AllPub,Timber,Norm,Norm,1Fam,1Story
Dwel_1269,1269,50,RL,,Pave,,AllPub,Crawfor,Norm,Norm,1Fam,1.5Fin
Dwel_1270,1270,50,RL,78,Pave,,AllPub,NAmes,Feedr,Norm,1Fam,1.5Fin
Dwel_1271,1271,40,RL,,Pave,,AllPub,ClearCr,Norm,Norm,1Fam,1Story
Dwel_1272,1272,20,RL,,Pave,,AllPub,NWAmes,PosN,Norm,1Fam,1Story
Dwel_1273,1273,20,RL,,Pave,,AllPub,Sawyer,Norm,Norm,1Fam,1Story
Dwel_1274,1274,80,RL,124,Pave,,AllPub,Edwards,Norm,Norm,1Fam,SLvl
Dwel_1275,1275,50,RL,53,Pave,,AllPub,Crawfor,Norm,Norm,1Fam,1.5Fin
Dwel_1276,1276,90,RL,95,Pave,,AllPub,NAmes,Feedr,Norm,Duplex,2Story
Dwel_1277,1277,60,RL,,Pave,,AllPub,NWAmes,Norm,Norm,1Fam,2Story
Dwel_1278,1278,80,RL,,Pave,,AllPub,NWAmes,Norm,Norm,1Fam,SLvl
Dwel_1279,1279,60,RL,75,Pave,,AllPub,CollgCr,Norm,Norm,1Fam,2Story
Dwel_1280,1280,50,C (all),60,Pave,,AllPub,IDOTRR,Norm,Norm,1Fam,1.5Fin
Dwel_1281,1281,20,RL,67,Pave,,AllPub,CollgCr,Norm,Norm,1Fam,1Story
Dwel_1282,1282,20,RL,50,Pave,,AllPub,Timber,Norm,Norm,1Fam,1Story
Dwel_1283,1283,20,RL,61,Pave,,AllPub,CollgCr,Norm,Norm,1Fam,1Story
Dwel_1284,1284,90,RL,94,Pave,,AllPub,Mitchel,Norm,Norm,Duplex,2Story
Dwel_1285,1285,50,RL,50,Pave,,AllPub,SWISU,Feedr,Norm,1Fam,1.5Fin
Dwel_1286,1286,50,RM,50,Pave,,AllPub,BrkSide,Norm,Norm,1Fam,1.5Fin
Dwel_1287,1287,20,RL,,Pave,,AllPub,NWAmes,Feedr,Norm,1Fam,1Story
Dwel_1288,1288,20,RL,,Pave,,AllPub,ClearCr,Norm,Norm,1Fam,1Story
Dwel_1289,1289,120,RL,40,Pave,,AllPub,StoneBr,Norm,Norm,TwnhsE,1Story
Dwel_1290,1290,60,RL,86,Pave,,AllPub,NridgHt,Norm,Norm,1Fam,2Story
Dwel_1291,1291,80,RL,,Pave,,AllPub,NAmes,Norm,Norm,1Fam,SLvl
Dwel_1292,1292,160,RM,21,Pave,,AllPub,BrDale,Norm,Norm,Twnhs,2Story
Dwel_1293,1293,70,RM,60,Pave,,AllPub,OldTown,Norm,Norm,1Fam,2Story
Dwel_1294,1294,60,RL,78,Pave,,AllPub,NWAmes,Norm,Norm,1Fam,2Story
Dwel_1295,1295,20,RL,60,Pave,,AllPub,Edwards,Norm,Norm,1Fam,1Story
Dwel_1296,1296,20,RL,70,Pave,,AllPub,NAmes,Feedr,Norm,1Fam,1Story
Dwel_1297,1297,20,RL,80,Pave,,AllPub,NAmes,Norm,Norm,1Fam,1Story
Dwel_1298,1298,180,RM,35,Pave,,AllPub,Edwards,Norm,Norm,TwnhsE,SFoyer
Dwel_1299,1299,60,RL,313,Pave,,AllPub,Edwards,Feedr,Norm,1Fam,2Story
Dwel_1300,1300,20,RL,75,Pave,,AllPub,NAmes,Norm,Norm,1Fam,1Story
Dwel_1301,1301,60,RL,,Pave,,AllPub,Gilbert,Norm,Norm,1Fam,2Story
Dwel_1302,1302,70,RL,,Pave,,AllPub,Crawfor,Norm,Norm,1Fam,2Story
Dwel_1303,1303,60,RL,92,Pave,,AllPub,NoRidge,Norm,Norm,1Fam,2Story
Dwel_1304,1304,20,RL,73,Pave,,AllPub,Somerst,Norm,Norm,1Fam,1Story
Dwel_1305,1305,160,RM,32,Pave,,AllPub,Edwards,Norm,Norm,TwnhsE,2Story
Dwel_1306,1306,20,RL,108,Pave,,AllPub,NridgHt,Norm,Norm,1Fam,1Story
Dwel_1307,1307,120,RL,48,Pave,,AllPub,NridgHt,Norm,Norm,TwnhsE,1Story
Dwel_1308,1308,20,RL,60,Pave,,AllPub,CollgCr,Norm,Norm,1Fam,1Story
Dwel_1309,1309,20,RM,100,Pave,,AllPub,OldTown,Norm,Norm,1Fam,1Story
Dwel_1310,1310,20,RL,,Pave,,AllPub,SawyerW,Norm,Norm,1Fam,1Story
Dwel_1311,1311,20,RL,100,Pave,,AllPub,Crawfor,PosA,Norm,1Fam,1Story
Dwel_1312,1312,20,RL,68,Pave,,AllPub,CollgCr,Norm,Norm,1Fam,1Story
Dwel_1313,1313,60,RL,,Pave,,AllPub,NoRidge,Norm,Norm,1Fam,2Story
Dwel_1314,1314,60,RL,108,Pave,,AllPub,NoRidge,Norm,Norm,1Fam,2Story
Dwel_1315,1315,20,RL,60,Pave,,AllPub,Edwards,Norm,Norm,1Fam,1Story
Dwel_1316,1316,60,RL,85,Pave,,AllPub,NAmes,Norm,Norm,1Fam,2Story
Dwel_1317,1317,20,RL,61,Pave,,AllPub,CollgCr,Norm,Norm,1Fam,1Story
Dwel_1318,1318,120,FV,47,Pave,Pave,AllPub,Somerst,Norm,Norm,TwnhsE,1Story
Dwel_1319,1319,20,RL,,Pave,,AllPub,CollgCr,Norm,Norm,1Fam,1Story
Dwel_1320,1320,20,RL,75,Pave,,AllPub,Edwards,Norm,Norm,1Fam,1Story
Dwel_1321,1321,20,RL,70,Pave,,AllPub,NAmes,Norm,Norm,1Fam,1Story
Dwel_1322,1322,20,RL,,Pave,,AllPub,BrkSide,Feedr,Norm,1Fam,1Story
Dwel_1323,1323,60,RL,107,Pave,,AllPub,NoRidge,Norm,Norm,1Fam,2Story
Dwel_1324,1324,30,RL,50,Pave,,AllPub,BrkSide,Norm,Norm,1Fam,1Story
Dwel_1325,1325,20,RL,75,Pave,,AllPub,Somerst,Norm,Norm,1Fam,1Story
Dwel_1326,1326,30,RM,40,Pave,,AllPub,IDOTRR,Norm,Norm,1Fam,1Story
Dwel_1327,1327,30,RH,70,Pave,,AllPub,Edwards,Norm,Norm,1Fam,1Story
Dwel_1328,1328,20,RL,60,Pave,,AllPub,Mitchel,Norm,Norm,1Fam,1Story
Dwel_1329,1329,50,RM,60,Pave,Grvl,AllPub,OldTown,Norm,Norm,1Fam,1.5Fin
Dwel_1330,1330,60,RL,63,Pave,,AllPub,Gilbert,Norm,Norm,1Fam,2Story
Dwel_1331,1331,20,RL,85,Pave,,AllPub,Somerst,Norm,Norm,1Fam,1Story
Dwel_1332,1332,80,RL,55,Pave,,AllPub,CollgCr,Norm,Norm,1Fam,SLvl
Dwel_1333,1333,20,RL,67,Pave,,AllPub,Edwards,Norm,Norm,1Fam,1Story
Dwel_1334,1334,50,RM,60,Pave,,AllPub,IDOTRR,Norm,Norm,1Fam,1.5Fin
Dwel_1335,1335,160,RM,24,Pave,,AllPub,BrDale,Norm,Norm,TwnhsE,2Story
Dwel_1336,1336,20,RL,80,Pave,,AllPub,NWAmes,Norm,Norm,1Fam,1Story
Dwel_1337,1337,90,RL,87,Pave,,AllPub,NWAmes,Feedr,Norm,Duplex,1Story
Dwel_1338,1338,30,RM,153,Pave,Grvl,AllPub,OldTown,Feedr,Norm,1Fam,1Story
Dwel_1339,1339,60,RL,95,Pave,,AllPub,CollgCr,Norm,Norm,1Fam,2Story
Dwel_1340,1340,20,RL,120,Pave,,AllPub,CollgCr,Norm,Norm,1Fam,1Story
Dwel_1341,1341,20,RL,70,Pave,,AllPub,NAmes,Norm,Norm,1Fam,1Story
Dwel_1342,1342,20,RL,66,Pave,,AllPub,SawyerW,RRAe,Norm,1Fam,1Story
Dwel_1343,1343,60,RL,,Pave,,AllPub,CollgCr,Norm,Norm,1Fam,2Story
Dwel_1344,1344,50,RL,57,Pave,,AllPub,Crawfor,Norm,Norm,1Fam,1.5Fin
Dwel_1345,1345,60,RL,85,Pave,,AllPub,CollgCr,Norm,Norm,1Fam,2Story
Dwel_1346,1346,30,RM,50,Pave,,AllPub,OldTown,Norm,Norm,1Fam,1Story
Dwel_1347,1347,20,RL,,Pave,,AllPub,NWAmes,PosN,Norm,1Fam,1Story
Dwel_1348,1348,20,RL,93,Pave,,AllPub,Timber,Norm,Norm,1Fam,1Story
Dwel_1349,1349,20,RL,,Pave,,AllPub,SawyerW,Norm,Norm,1Fam,1Story
Dwel_1350,1350,70,RM,50,Pave,Pave,AllPub,OldTown,Norm,Norm,1Fam,2Story
Dwel_1351,1351,90,RL,91,Pave,,AllPub,NAmes,Artery,Norm,Duplex,2Story
Dwel_1352,1352,60,RL,70,Pave,,AllPub,NAmes,Norm,Norm,1Fam,2Story
Dwel_1353,1353,50,RM,50,Pave,,AllPub,BrkSide,Norm,Norm,1Fam,1.5Fin
Dwel_1354,1354,50,RL,56,Pave,,AllPub,NoRidge,Norm,Norm,1Fam,1.5Fin
Dwel_1355,1355,60,RL,,Pave,,AllPub,CollgCr,Norm,Norm,1Fam,2Story
Dwel_1356,1356,80,RL,102,Pave,,AllPub,NWAmes,Norm,Norm,1Fam,SLvl
Dwel_1357,1357,20,RL,,Pave,,AllPub,NAmes,Norm,Norm,1Fam,1Story
Dwel_1358,1358,20,RL,,Pave,,AllPub,NAmes,Norm,Norm,1Fam,1Story
Dwel_1359,1359,160,FV,,Pave,,AllPub,Somerst,Norm,Norm,Twnhs,2Story
Dwel_1360,1360,20,RL,129,Pave,,AllPub,NridgHt,Norm,Norm,1Fam,1Story
Dwel_1361,1361,70,RL,51,Pave,,AllPub,SWISU,Feedr,Norm,1Fam,2Story
Dwel_1362,1362,20,RL,124,Pave,,AllPub,StoneBr,Norm,Norm,1Fam,1Story
Dwel_1363,1363,50,RL,,Pave,,AllPub,NAmes,Feedr,Norm,1Fam,1.5Fin
Dwel_1364,1364,60,RL,73,Pave,,AllPub,Gilbert,Norm,Norm,1Fam,2Story
Dwel_1365,1365,160,FV,30,Pave,Pave,AllPub,Somerst,Norm,Norm,TwnhsE,2Story
Dwel_1366,1366,60,FV,,Pave,,AllPub,Somerst,Norm,Norm,1Fam,2Story
Dwel_1367,1367,60,RL,68,Pave,,AllPub,CollgCr,Norm,Norm,1Fam,2Story
Dwel_1368,1368,160,RM,41,Pave,,AllPub,MeadowV,Norm,Norm,TwnhsE,2Story
Dwel_1369,1369,120,RM,,Pave,,AllPub,CollgCr,Norm,Norm,TwnhsE,1Story
Dwel_1370,1370,20,RL,48,Pave,,AllPub,CollgCr,Norm,Norm,1Fam,1Story
Dwel_1371,1371,50,RL,90,Pave,,AllPub,OldTown,Artery,Norm,1Fam,1.5Fin
Dwel_1372,1372,80,RL,80,Pave,,AllPub,NAmes,Norm,Norm,1Fam,SLvl
Dwel_1373,1373,60,RL,75,Pave,,AllPub,CollgCr,Norm,Norm,1Fam,2Story
Dwel_1374,1374,20,RL,,Pave,,AllPub,NoRidge,Norm,Norm,1Fam,1Story
Dwel_1375,1375,60,FV,85,Pave,,AllPub,Somerst,Norm,Norm,1Fam,2Story
Dwel_1376,1376,20,RL,89,Pave,,AllPub,Timber,Norm,Norm,1Fam,1Story
Dwel_1377,1377,30,RL,52,Pave,,AllPub,SWISU,Norm,Norm,1Fam,1Story
Dwel_1378,1378,50,RL,60,Pave,Grvl,AllPub,Edwards,Norm,Norm,1Fam,1.5Fin
Dwel_1379,1379,160,RM,21,Pave,,AllPub,BrDale,Norm,Norm,Twnhs,2Story
Dwel_1380,1380,80,RL,73,Pave,,AllPub,Timber,Norm,Norm,1Fam,SLvl
Dwel_1381,1381,30,RL,45,Pave,Grvl,AllPub,Edwards,Norm,Norm,1Fam,1Story
Dwel_1382,1382,20,RL,,Pave,,AllPub,NAmes,Norm,Norm,1Fam,1Story
Dwel_1383,1383,70,RM,60,Pave,,AllPub,OldTown,Norm,Norm,1Fam,2Story
Dwel_1384,1384,30,RL,,Pave,,AllPub,Sawyer,Norm,Norm,1Fam,1Story
Dwel_1385,1385,50,RL,60,Pave,,AllPub,Edwards,Norm,Norm,1Fam,1.5Fin
Dwel_1386,1386,50,RM,40,Pave,,AllPub,IDOTRR,Norm,Norm,1Fam,1.5Fin
Dwel_1387,1387,60,RL,80,Pave,,AllPub,NWAmes,RRAn,Norm,1Fam,2Story
Dwel_1388,1388,50,RM,60,Pave,Grvl,AllPub,OldTown,Artery,Norm,1Fam,1.5Fin
Dwel_1389,1389,20,RL,42,Pave,,AllPub,Gilbert,Norm,Norm,1Fam,1Story
Dwel_1390,1390,50,RM,60,Pave,,AllPub,BrkSide,Norm,Norm,1Fam,1.5Fin
Dwel_1391,1391,20,RL,70,Pave,,AllPub,CollgCr,Norm,Norm,1Fam,1Story
Dwel_1392,1392,90,RL,65,Pave,,AllPub,NAmes,Norm,Norm,Duplex,1Story
Dwel_1393,1393,85,RL,68,Pave,,AllPub,NAmes,Norm,Norm,1Fam,SFoyer
Dwel_1394,1394,190,RM,60,Pave,Pave,AllPub,OldTown,Norm,Norm,2fmCon,1.5Fin
Dwel_1395,1395,120,RL,53,Pave,,AllPub,Blmngtn,Norm,Norm,TwnhsE,1Story
Dwel_1396,1396,60,RL,88,Pave,,AllPub,Timber,Norm,Norm,1Fam,2Story
Dwel_1397,1397,20,RL,,Pave,,AllPub,Timber,Norm,Norm,1Fam,1Story
Dwel_1398,1398,70,RM,51,Pave,,AllPub,BrkSide,Norm,Norm,1Fam,2Story
Dwel_1399,1399,50,RL,60,Pave,,AllPub,NAmes,Norm,Norm,1Fam,1.5Fin
Dwel_1400,1400,50,RL,51,Pave,,AllPub,SWISU,Norm,Norm,1Fam,1.5Fin
Dwel_1401,1401,50,RM,50,Pave,,AllPub,BrkSide,Norm,Norm,1Fam,1.5Fin
Dwel_1402,1402,60,RL,62,Pave,,AllPub,Gilbert,Norm,Norm,1Fam,2Story
Dwel_1403,1403,20,RL,64,Pave,,AllPub,CollgCr,Norm,Norm,1Fam,1Story
Dwel_1404,1404,20,RL,49,Pave,,AllPub,Somerst,RRAn,Norm,1Fam,1Story
Dwel_1405,1405,50,RL,60,Pave,Grvl,AllPub,OldTown,Artery,Norm,1Fam,1.5Fin
Dwel_1406,1406,120,RM,44,Pave,,AllPub,Crawfor,Norm,Norm,TwnhsE,1Story
Dwel_1407,1407,85,RL,70,Pave,,AllPub,CollgCr,Norm,Norm,1Fam,SFoyer
Dwel_1408,1408,20,RL,,Pave,,AllPub,Mitchel,Norm,Norm,1Fam,1Story
Dwel_1409,1409,70,RM,60,Pave,,AllPub,OldTown,Norm,Norm,1Fam,2Story
Dwel_1410,1410,60,RL,46,Pave,,AllPub,NWAmes,Norm,Norm,1Fam,2Story
Dwel_1411,1411,60,RL,79,Pave,,AllPub,CollgCr,Norm,Norm,1Fam,2Story
Dwel_1412,1412,50,RL,80,Pave,,AllPub,NAmes,Norm,Norm,1Fam,1.5Fin
Dwel_1413,1413,90,RL,60,Pave,,AllPub,NAmes,Norm,Norm,Duplex,1Story
Dwel_1414,1414,20,RL,88,Pave,,AllPub,SawyerW,Norm,Norm,1Fam,1Story
Dwel_1415,1415,50,RL,64,Pave,Pave,AllPub,BrkSide,Norm,Norm,1Fam,1.5Fin
Dwel_1416,1416,120,RL,51,Pave,,AllPub,Blmngtn,Norm,Norm,TwnhsE,1Story
Dwel_1417,1417,190,RM,60,Pave,,AllPub,OldTown,Norm,Norm,2fmCon,2Story
Dwel_1418,1418,60,RL,,Pave,,AllPub,NoRidge,Norm,Norm,1Fam,2Story
Dwel_1419,1419,20,RL,71,Pave,,AllPub,NAmes,Norm,Norm,1Fam,1Story
Dwel_1420,1420,20,RL,,Pave,,AllPub,Crawfor,Norm,Norm,1Fam,1Story
Dwel_1421,1421,60,RL,90,Pave,,AllPub,NWAmes,Norm,Norm,1Fam,2Story
Dwel_1422,1422,120,RL,53,Pave,,AllPub,NPkVill,Norm,Norm,TwnhsE,1Story
Dwel_1423,1423,120,RM,37,Pave,,AllPub,CollgCr,Norm,Norm,TwnhsE,1Story
Dwel_1424,1424,80,RL,,Pave,,AllPub,Edwards,Norm,Norm,1Fam,SLvl
Dwel_1425,1425,20,RL,,Pave,,AllPub,NAmes,Norm,Norm,1Fam,1Story
Dwel_1426,1426,20,RL,80,Pave,,AllPub,NAmes,Norm,Norm,1Fam,1Story
Dwel_1427,1427,60,RL,81,Pave,,AllPub,NoRidge,Norm,Norm,1Fam,2Story
Dwel_1428,1428,50,RL,60,Pave,Grvl,AllPub,NAmes,Artery,Norm,1Fam,1.5Fin
Dwel_1429,1429,30,RM,60,Pave,,AllPub,OldTown,Norm,Norm,1Fam,1Story
Dwel_1430,1430,20,RL,,Pave,,AllPub,NWAmes,Norm,Norm,1Fam,1Story
Dwel_1431,1431,60,RL,60,Pave,,AllPub,Gilbert,RRAn,Norm,1Fam,2Story
Dwel_1432,1432,120,RL,,Pave,,AllPub,NPkVill,Norm,Norm,TwnhsE,1Story
Dwel_1433,1433,30,RL,60,Pave,Grvl,AllPub,OldTown,Norm,Norm,1Fam,1Story
Dwel_1434,1434,60,RL,93,Pave,,AllPub,Gilbert,Norm,Norm,1Fam,2Story
Dwel_1435,1435,20,RL,80,Pave,,AllPub,Mitchel,Norm,Norm,1Fam,1Story
Dwel_1436,1436,20,RL,80,Pave,,AllPub,NAmes,Norm,Norm,1Fam,1Story
Dwel_1437,1437,20,RL,60,Pave,,AllPub,NAmes,Norm,Norm,1Fam,1Story
Dwel_1438,1438,20,RL,96,Pave,,AllPub,NridgHt,Norm,Norm,1Fam,1Story
Dwel_1439,1439,20,RM,90,Pave,,AllPub,OldTown,Artery,Norm,1Fam,1Story
Dwel_1440,1440,60,RL,80,Pave,,AllPub,NWAmes,Norm,Norm,1Fam,SLvl
Dwel_1441,1441,70,RL,79,Pave,,AllPub,Crawfor,Norm,Norm,1Fam,2.5Fin
Dwel_1442,1442,120,RM,,Pave,,AllPub,CollgCr,Norm,Norm,TwnhsE,1Story
Dwel_1443,1443,60,FV,85,Pave,,AllPub,Somerst,Norm,Norm,1Fam,2Story
Dwel_1444,1444,30,RL,,Pave,,AllPub,BrkSide,Norm,Norm,1Fam,1.5Unf
Dwel_1445,1445,20,RL,63,Pave,,AllPub,CollgCr,Norm,Norm,1Fam,1Story
Dwel_1446,1446,85,RL,70,Pave,,AllPub,Sawyer,Norm,Norm,1Fam,SFoyer
Dwel_1447,1447,20,RL,,Pave,,AllPub,Mitchel,Norm,Norm,1Fam,1Story
Dwel_1448,1448,60,RL,80,Pave,,AllPub,CollgCr,Norm,Norm,1Fam,2Story
Dwel_1449,1449,50,RL,70,Pave,,AllPub,Edwards,Norm,Norm,1Fam,2Story
Dwel_1450,1450,180,RM,21,Pave,,AllPub,MeadowV,Norm,Norm,Twnhs,SFoyer
Dwel_1451,1451,90,RL,60,Pave,,AllPub,NAmes,Norm,Norm,Duplex,2Story
Dwel_1452,1452,20,RL,78,Pave,,AllPub,Somerst,Norm,Norm,1Fam,1Story
Dwel_1453,1453,180,RM,35,Pave,,AllPub,Edwards,Norm,Norm,TwnhsE,SLvl
Dwel_1454,1454,20,RL,90,Pave,,AllPub,Mitchel,Norm,Norm,1Fam,1Story
Dwel_1455,1455,20,FV,62,Pave,Pave,AllPub,Somerst,Norm,Norm,1Fam,1Story
Dwel_1456,1456,60,RL,62,Pave,,AllPub,Gilbert,Norm,Norm,1Fam,2Story
Dwel_1457,1457,20,RL,85,Pave,,AllPub,NWAmes,Norm,Norm,1Fam,1Story
Dwel_1458,1458,70,RL,66,Pave,,AllPub,Crawfor,Norm,Norm,1Fam,2Story
Dwel_1459,1459,20,RL,68,Pave,,AllPub,NAmes,Norm,Norm,1Fam,1Story
Dwel_1460,1460,20,RL,75,Pave,,AllPub,Edwards,Norm,Norm,1Fam,1Story
