Utility_id,Id,KitchenAbvGr,KitchenQual,TotRmsAbvGrd,Functional,Fireplaces,FireplaceQu,GarageType,GarageYrBlt,GarageFinish,GarageCars,GarageArea,GarageQual,GarageCond,PoolQC,Fence,MiscFeature,MiscVal
util_1,1,1,Gd,8,Typ,0,,Attchd,2003,RFn,2,548,TA,TA,,,,0
util_2,2,1,TA,6,Typ,1,TA,Attchd,1976,RFn,2,460,TA,TA,,,,0
util_3,3,1,Gd,6,Typ,1,TA,Attchd,2001,RFn,2,608,TA,TA,,,,0
util_4,4,1,Gd,7,Typ,1,Gd,Detchd,1998,Unf,3,642,TA,TA,,,,0
util_5,5,1,Gd,9,Typ,1,TA,Attchd,2000,RFn,3,836,TA,TA,,,,0
util_6,6,1,TA,5,Typ,0,,Attchd,1993,Unf,2,480,TA,TA,,MnPrv,Shed,700
util_7,7,1,Gd,7,Typ,1,Gd,Attchd,2004,RFn,2,636,TA,TA,,,,0
util_8,8,1,TA,7,Typ,2,TA,Attchd,1973,RFn,2,484,TA,TA,,,Shed,350
util_9,9,2,TA,8,Min1,2,TA,Detchd,1931,Unf,2,468,Fa,TA,,,,0
util_10,10,2,TA,5,Typ,2,TA,Attchd,1939,RFn,1,205,Gd,TA,,,,0
util_11,11,1,TA,5,Typ,0,,Detchd,1965,Unf,1,384,TA,TA,,,,0
util_12,12,1,Ex,11,Typ,2,Gd,BuiltIn,2005,Fin,3,736,TA,TA,,,,0
util_13,13,1,TA,4,Typ,0,,Detchd,1962,Unf,1,352,TA,TA,,,,0
util_14,14,1,Gd,7,Typ,1,Gd,Attchd,2006,RFn,3,840,TA,TA,,,,0
util_15,15,1,TA,5,Typ,1,Fa,Attchd,1960,RFn,1,352,TA,TA,,GdWo,,0
util_16,16,1,TA,5,Typ,0,,Detchd,1991,Unf,2,576,TA,TA,,GdPrv,,0
util_17,17,1,TA,5,Typ,1,TA,Attchd,1970,Fin,2,480,TA,TA,,,Shed,700
util_18,18,2,TA,6,Typ,0,,CarPort,1967,Unf,2,516,TA,TA,,,Shed,500
util_19,19,1,Gd,6,Typ,0,,Detchd,2004,Unf,2,576,TA,TA,,,,0
util_20,20,1,TA,6,Min1,0,,Attchd,1958,Unf,1,294,TA,TA,,MnPrv,,0
util_21,21,1,Gd,9,Typ,1,Gd,BuiltIn,2005,RFn,3,853,TA,TA,,,,0
util_22,22,1,Gd,6,Typ,1,Gd,Attchd,1930,Unf,1,280,TA,TA,,GdPrv,,0
util_23,23,1,Gd,7,Typ,1,Gd,Attchd,2002,RFn,2,534,TA,TA,,,,0
util_24,24,1,TA,6,Typ,1,TA,Attchd,1976,Unf,2,572,TA,TA,,,,0
util_25,25,1,Gd,6,Typ,1,TA,Attchd,1968,Unf,1,270,TA,TA,,MnPrv,,0
util_26,26,1,Gd,7,Typ,1,Gd,Attchd,2007,RFn,3,890,TA,TA,,,,0
util_27,27,1,Gd,5,Typ,0,,Detchd,2005,Unf,2,576,TA,TA,,,,0
util_28,28,1,Gd,7,Typ,1,Gd,Attchd,2008,RFn,3,772,TA,TA,,,,0
util_29,29,1,TA,6,Typ,2,Gd,Attchd,1957,RFn,1,319,TA,TA,,,,0
util_30,30,1,Fa,4,Typ,0,,Detchd,1920,Unf,1,240,Fa,TA,,,,0
util_31,31,1,TA,6,Typ,0,,Detchd,1920,Unf,1,250,TA,Fa,,MnPrv,,0
util_32,32,1,Gd,6,Typ,0,,Attchd,1966,Unf,1,271,TA,TA,,MnPrv,,0
util_33,33,1,Gd,7,Typ,0,,Attchd,2007,RFn,2,484,TA,TA,,,,0
util_34,34,1,Gd,6,Typ,1,Gd,Attchd,1959,RFn,2,447,TA,TA,,,,0
util_35,35,1,Ex,6,Typ,1,Gd,Attchd,2005,Fin,2,556,TA,TA,,,,0
util_36,36,1,Gd,9,Typ,1,Gd,BuiltIn,2004,Fin,3,691,TA,TA,,,,0
util_37,37,1,TA,6,Typ,0,,Attchd,1995,Unf,2,672,TA,TA,,,,0
util_38,38,1,TA,5,Typ,1,TA,Attchd,1954,Fin,2,498,TA,TA,,,,0
util_39,39,1,Gd,5,Typ,0,,Detchd,1953,Unf,1,246,TA,TA,,,,0
util_40,40,2,Fa,6,Typ,0,,,,,0,0,,,,,,0
util_41,41,1,TA,6,Typ,1,TA,Attchd,1965,RFn,2,440,TA,TA,,GdWo,,0
util_42,42,1,TA,5,Typ,2,Gd,Attchd,1959,RFn,1,308,TA,TA,,,,0
util_43,43,1,Gd,5,Typ,0,,Attchd,1983,RFn,2,504,TA,Gd,,MnPrv,,0
util_44,44,1,TA,5,Typ,0,,Detchd,1977,Unf,1,308,TA,TA,,MnPrv,,0
util_45,45,1,TA,6,Typ,0,,Attchd,1959,RFn,1,300,TA,TA,,,,0
util_46,46,1,Ex,6,Typ,1,Gd,Attchd,2005,RFn,2,576,TA,TA,,,,0
util_47,47,1,Gd,6,Typ,1,Ex,Attchd,2003,RFn,2,670,TA,TA,,,,0
util_48,48,1,Gd,7,Typ,0,,Attchd,2006,RFn,3,826,TA,TA,,,,0
util_49,49,3,TA,8,Typ,0,,,,,0,0,,,,,,0
util_50,50,1,TA,6,Typ,0,,Attchd,1966,Unf,1,386,TA,TA,,MnPrv,,0
util_51,51,1,TA,6,Typ,0,,Attchd,1997,Fin,2,388,TA,TA,,,,0
util_52,52,1,TA,6,Typ,1,Gd,Detchd,1985,Unf,2,528,TA,TA,,MnPrv,Shed,400
util_53,53,1,TA,5,Typ,0,,CarPort,1963,Unf,2,516,TA,TA,,,,0
util_54,54,1,Gd,5,Typ,1,Gd,Attchd,1981,Fin,3,894,TA,TA,,,,0
util_55,55,1,TA,6,Min1,1,TA,Detchd,1962,Unf,2,572,TA,TA,,MnPrv,,0
util_56,56,1,TA,7,Typ,1,Gd,Attchd,1964,RFn,2,576,TA,TA,,,,0
util_57,57,1,Gd,7,Typ,0,,Attchd,1999,Fin,2,480,TA,TA,,,,0
util_58,58,1,Gd,7,Typ,0,,Attchd,2004,RFn,2,565,TA,TA,,,,0
util_59,59,1,Gd,10,Typ,1,Gd,BuiltIn,2006,Fin,3,641,TA,TA,,,,0
util_60,60,1,TA,4,Typ,0,,Detchd,1973,Unf,1,352,TA,TA,,MnPrv,,0
util_61,61,1,Gd,5,Typ,0,,Detchd,2006,Unf,2,576,TA,TA,,,,0
util_62,62,1,Fa,6,Typ,0,,Detchd,1935,Unf,1,288,TA,TA,,,,0
util_63,63,1,Gd,6,Typ,1,Gd,Attchd,2006,RFn,2,484,TA,TA,,,,0
util_64,64,1,TA,9,Typ,0,,Detchd,1990,Unf,2,480,TA,TA,,GdPrv,,0
util_65,65,1,Gd,8,Typ,0,,Attchd,1998,RFn,2,645,TA,TA,,GdPrv,,0
util_66,66,1,Gd,9,Typ,1,Gd,BuiltIn,2004,RFn,3,852,TA,TA,,,,0
util_67,67,1,TA,7,Min1,1,Gd,Attchd,1970,RFn,2,576,TA,TA,,,,0
util_68,68,1,Gd,7,Typ,0,,Attchd,2003,RFn,2,558,TA,TA,,,,0
util_69,69,1,TA,4,Typ,0,,Attchd,1945,Unf,1,220,TA,TA,,,,0
util_70,70,1,TA,7,Typ,1,TA,Attchd,1953,Fin,2,667,TA,TA,,,,0
util_71,71,1,TA,8,Typ,2,Gd,Attchd,1973,Fin,2,516,TA,TA,,,,0
util_72,72,1,TA,4,Typ,0,,Detchd,1987,Unf,2,360,TA,TA,,,,0
util_73,73,1,TA,7,Typ,1,TA,Attchd,1998,Fin,2,427,TA,TA,,,,0
util_74,74,1,TA,6,Typ,0,,Attchd,1989,Unf,2,490,TA,TA,,GdWo,,0
util_75,75,2,TA,8,Typ,0,,Detchd,1915,Unf,1,379,TA,TA,,,,0
util_76,76,1,TA,5,Typ,0,,BuiltIn,1973,Unf,1,297,TA,TA,,GdWo,,0
util_77,77,1,TA,4,Typ,0,,Detchd,1956,Unf,1,283,TA,TA,,,,0
util_78,78,1,TA,6,Min1,0,,Detchd,1948,Unf,1,240,TA,TA,,MnPrv,,0
util_79,79,2,TA,8,Typ,0,,,,,0,0,,,,,,0
util_80,80,1,TA,5,Typ,0,,Detchd,1966,Unf,2,440,TA,TA,,MnPrv,,0
util_81,81,1,Gd,8,Typ,1,Gd,Attchd,1968,Fin,1,509,TA,TA,,,,0
util_82,82,1,TA,5,Typ,0,,Attchd,1998,Fin,2,405,TA,TA,,,,0
util_83,83,1,Gd,6,Typ,1,Gd,Attchd,2007,RFn,3,758,TA,TA,,,,0
util_84,84,1,TA,6,Typ,0,,Detchd,1974,Unf,2,461,TA,TA,,,,0
util_85,85,1,TA,7,Typ,1,TA,BuiltIn,1995,Fin,2,400,TA,TA,,,Shed,700
util_86,86,1,Gd,9,Typ,1,TA,Attchd,1991,Unf,2,462,TA,TA,,,,0
util_87,87,1,Gd,6,Typ,1,Gd,BuiltIn,2005,Fin,2,400,TA,TA,,,,0
util_88,88,1,Gd,4,Typ,0,,Detchd,2009,RFn,2,528,TA,TA,,,,0
util_89,89,1,Fa,6,Typ,0,,,,,0,0,,,,MnPrv,,0
util_90,90,1,TA,5,Typ,0,,,,,0,0,,,,,,0
util_91,91,1,TA,4,Typ,0,,Detchd,1950,Unf,2,420,TA,TA,,,,0
util_92,92,1,TA,6,Typ,0,,Attchd,1961,Unf,2,480,TA,TA,,GdWo,,0
util_93,93,1,TA,5,Typ,0,,Detchd,1921,Unf,2,432,TA,TA,,,,0
util_94,94,2,TA,9,Typ,1,Gd,Detchd,1900,Unf,2,506,TA,TA,,,,0
util_95,95,1,Gd,7,Typ,0,,Attchd,1997,RFn,2,684,TA,TA,,,,0
util_96,96,1,TA,6,Typ,1,TA,BuiltIn,1993,Fin,2,420,TA,TA,,,Shed,480
util_97,97,1,Gd,6,Typ,0,,Attchd,1999,RFn,2,472,TA,TA,,,,0
util_98,98,1,TA,6,Typ,0,,Attchd,1965,Fin,1,432,TA,TA,,,,0
util_99,99,1,TA,5,Typ,0,,Basment,1920,Unf,1,366,Fa,TA,,,Shed,400
util_100,100,1,TA,6,Typ,0,,,,,0,0,,,,,Shed,400
util_101,101,1,Gd,6,Typ,2,TA,Attchd,1977,RFn,2,480,TA,TA,,,,0
util_102,102,1,Gd,7,Typ,1,TA,Attchd,1985,Fin,2,476,TA,TA,,,,0
util_103,103,2,TA,8,Typ,0,,Attchd,1979,Unf,2,410,TA,TA,,,,0
util_104,104,1,Gd,6,Typ,0,,Attchd,2009,RFn,3,740,TA,TA,,,,0
util_105,105,1,TA,7,Typ,2,TA,Detchd,1951,Unf,1,240,TA,TA,,,,0
util_106,106,1,Gd,9,Typ,1,Gd,Attchd,2003,RFn,2,648,TA,TA,,,,0
util_107,107,1,TA,6,Typ,0,,Detchd,1954,Unf,1,273,Fa,Fa,,,Shed,450
util_108,108,1,TA,5,Typ,0,,Detchd,1948,Unf,1,250,TA,TA,,,,0
util_109,109,1,Fa,7,Typ,0,,,,,0,0,,,,,,0
util_110,110,1,TA,7,Typ,1,TA,Attchd,1977,RFn,2,546,TA,TA,,MnPrv,,0
util_111,111,1,TA,7,Typ,0,,Attchd,1954,Unf,1,325,TA,TA,,,,0
util_112,112,1,TA,7,Typ,1,TA,BuiltIn,2000,Fin,2,400,TA,TA,,,,0
util_113,113,1,Ex,10,Typ,1,Gd,BuiltIn,2007,Fin,3,792,TA,TA,,,,0
util_114,114,1,Gd,7,Typ,2,Gd,Basment,1953,Unf,2,450,TA,TA,,MnPrv,,0
util_115,115,1,Gd,9,Typ,1,TA,Detchd,1945,Unf,1,180,TA,TA,,MnPrv,,0
util_116,116,1,TA,5,Typ,1,Fa,Detchd,1999,Unf,2,440,TA,TA,,,,0
util_117,117,1,TA,6,Typ,1,Po,Attchd,1962,Unf,1,288,TA,TA,,,,0
util_118,118,1,TA,5,Typ,0,,Attchd,2007,Unf,2,430,TA,TA,,,,0
util_119,119,1,Gd,11,Typ,2,TA,Attchd,1990,Unf,3,594,TA,TA,,,,0
util_120,120,1,Gd,8,Typ,1,Gd,Attchd,2005,Fin,2,390,TA,TA,,,,0
util_121,121,1,TA,4,Typ,2,TA,Attchd,1969,Unf,2,540,TA,TA,,,,0
util_122,122,1,TA,4,Typ,0,,Detchd,1979,Unf,1,264,TA,TA,,MnPrv,,0
util_123,123,1,TA,5,Typ,0,,Attchd,1958,Unf,1,288,TA,TA,,,,0
util_124,124,1,Gd,5,Typ,0,,Attchd,1993,RFn,2,530,TA,TA,,,,0
util_125,125,1,TA,7,Typ,1,TA,Attchd,1979,Unf,2,435,TA,TA,,,,0
util_126,126,1,TA,5,Typ,0,,,,,0,0,,,,,,0
util_127,127,1,TA,5,Typ,1,TA,Attchd,1977,RFn,2,440,TA,TA,,,,0
util_128,128,1,TA,5,Typ,1,TA,,,,0,0,,,,,,0
util_129,129,1,TA,6,Typ,1,Fa,Attchd,1966,RFn,2,453,TA,TA,,,,0
util_130,130,1,Ex,6,Typ,0,,2Types,1998,RFn,2,750,TA,TA,,MnWw,,0
util_131,131,1,Gd,8,Typ,2,Gd,Attchd,1966,Fin,2,487,TA,TA,,GdPrv,,0
util_132,132,1,Gd,7,Typ,1,TA,BuiltIn,2000,RFn,2,390,TA,TA,,,,0
util_133,133,1,Gd,7,Typ,0,,Detchd,1974,Unf,2,624,TA,TA,,,,0
util_134,134,1,Gd,6,Typ,0,,Attchd,2001,Fin,2,471,TA,TA,,,,0
util_135,135,1,TA,7,Min1,1,TA,Attchd,1968,RFn,2,440,TA,TA,,MnPrv,,0
util_136,136,1,TA,7,Typ,1,Gd,Attchd,1970,Unf,2,530,TA,TA,,MnPrv,,0
util_137,137,1,TA,5,Typ,1,Fa,Attchd,1967,RFn,1,318,TA,TA,,,,0
util_138,138,2,TA,9,Typ,0,,2Types,1989,Unf,3,766,TA,TA,,,,0
util_139,139,1,Gd,7,Typ,2,TA,Attchd,1999,Fin,3,660,TA,TA,,GdPrv,,0
util_140,140,1,Gd,7,Typ,0,,Attchd,1997,RFn,2,470,TA,TA,,MnPrv,,0
util_141,141,1,TA,5,Typ,1,Po,,,,0,0,,,,,,0
util_142,142,1,Gd,7,Typ,0,,Attchd,2005,Fin,2,660,TA,TA,,,,0
util_143,143,1,TA,6,Typ,0,,Detchd,2000,Unf,2,720,TA,TA,,MnPrv,,0
util_144,144,1,Gd,6,Typ,0,,Attchd,1999,RFn,2,577,TA,TA,,,,0
util_145,145,2,TA,10,Typ,0,,Detchd,1963,Unf,2,504,TA,TA,,,,0
util_146,146,1,Gd,7,Maj1,0,,Detchd,2004,Unf,2,380,TA,TA,,,,0
util_147,147,1,TA,5,Typ,0,,Detchd,1931,Unf,1,180,Fa,TA,,,,0
util_148,148,1,Gd,8,Typ,1,Gd,BuiltIn,2001,Fin,2,434,TA,TA,,,,0
util_149,149,1,Gd,6,Typ,0,,,,,0,0,,,,,,0
util_150,150,1,TA,7,Typ,0,,Detchd,1936,Unf,1,240,Fa,TA,,,,0
util_151,151,1,TA,5,Typ,0,,Attchd,1975,Unf,2,440,TA,TA,,MnPrv,,0
util_152,152,1,Gd,6,Typ,1,Gd,Attchd,2007,RFn,3,866,TA,TA,,,,0
util_153,153,1,TA,8,Typ,1,Gd,Attchd,1971,RFn,2,495,TA,TA,,GdWo,,0
util_154,154,1,TA,4,Typ,1,Gd,Attchd,1960,RFn,2,564,TA,TA,,,,0
util_155,155,1,TA,7,Typ,0,,Detchd,1923,Unf,1,312,Fa,Fa,,,,0
util_156,156,1,TA,5,Typ,0,,,,,0,0,,,,,,0
util_157,157,1,TA,5,Typ,0,,Detchd,1950,Unf,2,625,TA,TA,,,,0
util_158,158,1,Ex,8,Typ,1,Gd,BuiltIn,2009,Fin,3,680,TA,TA,,,,0
util_159,159,1,Gd,8,Typ,1,Gd,Attchd,2004,RFn,2,678,TA,TA,,GdWo,,0
util_160,160,1,Gd,9,Typ,1,Gd,Attchd,2006,RFn,2,576,TA,TA,,,,0
util_161,161,1,TA,6,Typ,0,,Attchd,1984,Unf,2,516,TA,TA,,,,0
util_162,162,1,Ex,10,Typ,2,Gd,BuiltIn,2003,Fin,3,726,TA,TA,,,,0
util_163,163,1,Gd,7,Typ,1,Gd,Attchd,2005,RFn,2,532,TA,TA,,,,0
util_164,164,1,TA,4,Typ,0,,,,,0,0,,,,MnPrv,,0
util_165,165,1,Gd,5,Typ,0,,Detchd,1926,Unf,1,216,TA,TA,,,,0
util_166,166,2,TA,6,Typ,0,,,,,0,0,,,,,,0
util_167,167,1,TA,7,Typ,3,Gd,Attchd,1955,Fin,1,303,TA,TA,,GdWo,,0
util_168,168,1,Ex,8,Typ,1,Gd,Attchd,2007,Fin,3,789,TA,TA,,,,0
util_169,169,1,Gd,7,Typ,1,Gd,Attchd,2004,Fin,2,440,TA,TA,,,,0
util_170,170,1,TA,6,Typ,1,TA,Attchd,1981,RFn,2,511,TA,TA,,,,0
util_171,171,1,TA,7,Typ,0,,Detchd,1991,Unf,2,660,TA,TA,,,,0
util_172,172,1,TA,7,Typ,2,Gd,Attchd,1960,Fin,2,528,TA,TA,,,,0
util_173,173,1,Gd,5,Typ,1,TA,Attchd,1987,RFn,2,504,Gd,TA,,,,0
util_174,174,1,TA,6,Typ,1,TA,Attchd,1961,Unf,2,504,TA,TA,,,,0
util_175,175,1,TA,7,Min2,1,TA,Attchd,1986,Fin,2,616,TA,TA,,,,0
util_176,176,1,Gd,7,Typ,1,Gd,Attchd,1950,Unf,2,576,TA,TA,,MnPrv,,0
util_177,177,1,TA,8,Typ,1,TA,Attchd,1988,Unf,2,521,TA,TA,,,,0
util_178,178,1,Gd,8,Typ,1,Gd,Attchd,1958,Unf,2,451,TA,TA,,,,0
util_179,179,1,Ex,9,Typ,1,Gd,Attchd,2009,Fin,3,1166,TA,TA,,,,0
util_180,180,1,TA,5,Typ,0,,Detchd,1935,Unf,2,480,Fa,TA,,,,0
util_181,181,1,Gd,5,Typ,1,TA,Detchd,2000,Unf,2,440,TA,TA,,,,0
util_182,182,1,TA,9,Typ,1,Gd,Detchd,1920,Unf,1,216,Fa,TA,,,,0
util_183,183,1,TA,7,Typ,1,Gd,Attchd,1957,RFn,1,252,TA,TA,,MnPrv,,0
util_184,184,1,Gd,6,Mod,0,,Detchd,2003,Unf,2,484,TA,TA,,,,0
util_185,185,1,TA,5,Typ,0,,Attchd,1986,Unf,2,576,TA,TA,,MnPrv,,0
util_186,186,1,Ex,12,Typ,2,TA,Detchd,1993,Unf,3,840,Ex,TA,,GdPrv,,0
util_187,187,1,Gd,6,Typ,0,,Attchd,1990,Unf,2,497,TA,TA,,GdPrv,,0
util_188,188,1,TA,8,Min2,0,,Detchd,1916,Unf,1,180,Fa,Fa,,MnPrv,,0
util_189,189,2,TA,6,Typ,2,TA,Detchd,1979,Unf,2,528,TA,TA,,,,0
util_190,190,1,Ex,5,Typ,1,Gd,Attchd,2001,Fin,2,682,TA,TA,,,,0
util_191,191,1,Gd,10,Maj1,2,TA,Detchd,1932,Unf,2,440,TA,TA,,,,0
util_192,192,1,Gd,7,Typ,0,,Attchd,1972,Fin,2,484,TA,TA,,,,0
util_193,193,1,Gd,6,Typ,0,,Attchd,1999,Fin,2,666,TA,TA,,,,0
util_194,194,1,Gd,7,Maj1,0,,Detchd,2004,Unf,2,380,TA,TA,,,,0
util_195,195,1,TA,5,Typ,0,,Detchd,1989,Unf,1,352,TA,TA,,,,0
util_196,196,1,TA,7,Typ,1,TA,Attchd,1976,Unf,2,440,TA,TA,,,,0
util_197,197,1,Ex,8,Typ,1,Gd,Attchd,2007,Fin,3,786,TA,TA,,,,0
util_198,198,1,Gd,8,Typ,1,Ex,Detchd,1918,Unf,2,795,TA,TA,Ex,GdPrv,,0
util_199,199,1,TA,8,Typ,0,,,,,0,0,,,,MnPrv,,0
util_200,200,1,Ex,7,Typ,1,Gd,Attchd,2004,Fin,3,856,TA,TA,,,,0
util_201,201,1,TA,5,Typ,0,,Attchd,2003,RFn,2,440,TA,TA,,,,0
util_202,202,1,TA,6,Typ,2,Fa,Detchd,1980,Unf,2,473,TA,TA,,MnPrv,,0
util_203,203,1,TA,6,Min1,0,,Attchd,1924,Unf,1,398,TA,TA,,,,0
util_204,204,1,Gd,3,Typ,1,Gd,Attchd,2004,RFn,2,420,TA,TA,,,,0
util_205,205,1,TA,5,Typ,0,,Detchd,1948,Unf,1,240,TA,TA,,MnWw,,0
util_206,206,1,TA,5,Typ,0,,Attchd,1990,RFn,2,500,TA,TA,,,,0
util_207,207,1,TA,8,Min2,1,TA,Attchd,1962,RFn,1,349,TA,TA,,,,0
util_208,208,1,TA,6,Typ,1,Po,Attchd,1960,RFn,1,312,TA,TA,,GdWo,,0
util_209,209,1,TA,7,Typ,1,Gd,Attchd,1988,Fin,2,454,TA,TA,,,,0
util_210,210,1,TA,6,Typ,0,,Attchd,1964,RFn,2,504,TA,Gd,,MnPrv,,0
util_211,211,1,TA,5,Typ,0,,,,,0,0,,,,,,0
util_212,212,1,Gd,6,Typ,0,,Attchd,2009,RFn,2,460,TA,TA,,,,0
util_213,213,1,Gd,7,Typ,1,TA,Attchd,2009,RFn,2,644,TA,TA,,,,0
util_214,214,1,TA,5,Typ,0,,Attchd,1996,Unf,2,576,TA,TA,,,,0
util_215,215,1,TA,6,Typ,0,,Attchd,1977,Fin,1,299,TA,TA,,MnPrv,Shed,450
util_216,216,1,Gd,6,Min1,1,Fa,Attchd,1957,Unf,1,447,TA,TA,,MnPrv,,0
util_217,217,1,Gd,8,Typ,0,,Attchd,2004,Unf,2,484,TA,TA,,,,0
util_218,218,1,TA,8,Typ,0,,Detchd,1940,Unf,1,210,TA,TA,,,,0
util_219,219,1,Gd,8,Typ,2,TA,Attchd,1939,Unf,2,431,TA,TA,,,,0
util_220,220,1,Gd,5,Typ,0,,Attchd,2005,Fin,2,438,TA,TA,,,,0
util_221,221,1,Gd,5,Typ,0,,Attchd,2006,RFn,2,675,TA,TA,,,,0
util_222,222,1,Gd,8,Typ,1,TA,BuiltIn,2002,RFn,2,390,TA,TA,,,,0
util_223,223,1,TA,6,Typ,1,TA,Attchd,1975,RFn,2,434,TA,TA,,MnPrv,,0
util_224,224,1,TA,4,Typ,0,,Detchd,1989,Unf,2,576,TA,TA,,,,0
util_225,225,1,Ex,8,Typ,1,Ex,Attchd,2003,Fin,3,968,TA,TA,,,,0
util_226,226,1,TA,6,Typ,0,,Detchd,1991,Unf,1,280,TA,TA,,,,0
util_227,227,1,Gd,9,Typ,1,TA,Attchd,1995,RFn,3,721,TA,TA,,,,0
util_228,228,1,TA,5,Typ,0,,Detchd,1987,Unf,1,280,TA,TA,,,,0
util_229,229,1,TA,5,Typ,1,Fa,Detchd,1974,Unf,1,336,TA,TA,,MnPrv,,0
util_230,230,1,Gd,7,Typ,1,TA,Attchd,2005,Fin,2,430,TA,TA,,,,0
util_231,231,1,TA,6,Typ,0,,Attchd,1959,RFn,1,312,TA,TA,,,,0
util_232,232,1,Ex,9,Typ,1,TA,Attchd,1995,Fin,3,810,TA,TA,,,,0
util_233,233,1,TA,5,Typ,1,Po,Attchd,1972,Unf,1,288,TA,TA,,,,0
util_234,234,1,TA,5,Typ,0,,Attchd,1976,Unf,1,308,TA,TA,,MnPrv,,0
util_235,235,1,Gd,8,Typ,2,TA,BuiltIn,2002,Fin,2,440,TA,TA,,,,0
util_236,236,1,TA,5,Typ,0,,Detchd,1971,Unf,1,264,TA,TA,,,,0
util_237,237,1,Gd,6,Typ,0,,Attchd,2004,RFn,2,494,TA,TA,,,,0
util_238,238,1,Gd,7,Typ,0,,Attchd,1993,RFn,2,457,TA,TA,,,,0
util_239,239,1,Gd,7,Typ,0,,Attchd,2007,Fin,3,818,TA,TA,,,,0
util_240,240,1,TA,7,Typ,1,Gd,Detchd,1949,Unf,1,220,TA,TA,,MnPrv,,0
util_241,241,1,Gd,7,Typ,0,,Attchd,2008,RFn,2,750,TA,TA,,,,0
util_242,242,1,Gd,4,Typ,0,,,,,0,0,,,,,,0
util_243,243,1,TA,6,Typ,0,,Attchd,1940,Unf,1,352,Fa,TA,,,,0
util_244,244,1,TA,6,Typ,1,TA,Attchd,1980,RFn,1,288,TA,TA,,,,0
util_245,245,1,Gd,8,Typ,2,Fa,Attchd,1994,RFn,2,463,TA,TA,,,,0
util_246,246,1,TA,6,Typ,1,TA,Attchd,1988,Fin,2,604,TA,TA,,,,0
util_247,247,2,Fa,9,Typ,0,,Detchd,1910,Unf,1,440,Po,Po,,,,0
util_248,248,1,TA,5,Typ,1,TA,Attchd,1954,Unf,2,451,TA,TA,,,,0
util_249,249,1,Gd,8,Typ,0,,Attchd,2003,RFn,2,500,TA,TA,,,,0
util_250,250,1,Gd,7,Typ,2,TA,Attchd,1958,Fin,2,389,TA,TA,,,Shed,500
util_251,251,1,Fa,6,Mod,0,,,,,0,0,,,,GdWo,Shed,450
util_252,252,1,Gd,5,Typ,1,Gd,Attchd,2006,Fin,2,538,TA,TA,,,,0
util_253,253,1,Gd,6,Typ,0,,Attchd,2004,RFn,2,520,TA,TA,,,,0
util_254,254,1,Gd,7,Min1,0,,Attchd,1964,RFn,1,309,TA,TA,,MnPrv,,0
util_255,255,1,TA,5,Typ,0,,Attchd,1957,RFn,1,294,TA,TA,,,,0
util_256,256,1,Gd,8,Typ,1,TA,BuiltIn,1999,Fin,2,429,TA,TA,,,,0
util_257,257,1,Gd,7,Typ,0,,Attchd,2003,RFn,2,673,TA,TA,,,,0
util_258,258,1,Gd,8,Typ,1,Gd,Attchd,2006,RFn,2,660,TA,TA,,,,0
util_259,259,1,Gd,7,Typ,1,TA,Attchd,2001,RFn,2,564,TA,TA,,,,0
util_260,260,1,TA,4,Typ,0,,Detchd,1956,Unf,1,308,TA,TA,,,,0
util_261,261,1,TA,6,Typ,1,TA,Attchd,1991,Unf,2,884,TA,TA,,GdWo,,0
util_262,262,1,Ex,10,Typ,1,Gd,BuiltIn,2007,Fin,3,868,TA,TA,,,,0
util_263,263,1,TA,6,Typ,1,TA,Attchd,1978,Unf,2,492,TA,TA,,GdWo,,0
util_264,264,1,TA,6,Typ,0,,Detchd,1974,Unf,2,484,TA,TA,,,,0
util_265,265,1,TA,4,Typ,0,,Detchd,1965,Unf,2,504,TA,TA,,,,0
util_266,266,1,Gd,7,Typ,1,TA,Attchd,1981,Fin,2,576,TA,TA,,GdPrv,,0
util_267,267,1,TA,8,Typ,1,TA,Attchd,1997,Fin,2,413,TA,TA,,,,0
util_268,268,1,Gd,8,Typ,1,Gd,Detchd,1939,Unf,1,240,TA,TA,,,,0
util_269,269,1,TA,4,Typ,1,Gd,Detchd,1966,Fin,1,924,Ex,Ex,,,,0
util_270,270,1,TA,6,Typ,1,Fa,Attchd,1987,RFn,1,504,TA,Gd,,GdPrv,,0
util_271,271,1,Gd,8,Typ,1,Gd,Attchd,2006,RFn,3,1053,TA,TA,,,,0
util_272,272,1,TA,5,Mod,2,TA,Attchd,1954,Unf,2,439,TA,TA,,,,0
util_273,273,1,Gd,9,Typ,1,Gd,Attchd,1999,Fin,3,671,TA,TA,,,,0
util_274,274,1,TA,6,Min1,1,Gd,Attchd,1958,RFn,1,338,TA,TA,,MnPrv,,0
util_275,275,1,TA,5,Typ,0,,Attchd,1982,Unf,1,264,TA,TA,,,,0
util_276,276,1,Ex,5,Typ,0,,Detchd,1978,Unf,2,672,TA,TA,,,,0
util_277,277,1,Gd,7,Typ,0,,Attchd,2003,Fin,2,573,TA,TA,,,,0
util_278,278,1,TA,4,Typ,0,,Detchd,1951,Unf,2,400,TA,TA,,,,0
util_279,279,1,Ex,8,Typ,1,Ex,Attchd,2007,Fin,3,732,TA,TA,,,,0
util_280,280,1,TA,8,Typ,1,TA,Attchd,1977,Fin,2,505,TA,TA,,,,0
util_281,281,1,Gd,7,Typ,1,TA,Attchd,1989,Fin,2,575,TA,TA,,,,0
util_282,282,1,Gd,5,Typ,0,,Attchd,2006,Fin,2,572,TA,TA,,,,0
util_283,283,1,Gd,6,Typ,1,Gd,Attchd,2008,RFn,2,626,TA,TA,,,,0
util_284,284,1,Gd,6,Typ,1,Gd,Attchd,2008,Fin,3,898,TA,TA,,,,0
util_285,285,1,Gd,5,Typ,0,,Attchd,1992,RFn,2,529,TA,TA,,,,0
util_286,286,1,Gd,5,Typ,0,,Detchd,2006,RFn,2,528,TA,TA,,,,0
util_287,287,1,Gd,7,Typ,1,Gd,Attchd,1962,RFn,2,440,TA,TA,,GdPrv,,0
util_288,288,1,TA,5,Typ,0,,,,,0,0,,,,,,0
util_289,289,1,TA,5,Typ,0,,Detchd,1970,Unf,1,280,TA,TA,,MnPrv,,0
util_290,290,1,TA,7,Typ,0,,Detchd,2003,Unf,1,384,TA,TA,,,,0
util_291,291,1,Gd,8,Typ,1,Gd,Attchd,2006,RFn,2,685,Gd,TA,,,,0
util_292,292,1,Fa,9,Typ,0,,,,,0,0,,,,,,0
util_293,293,1,TA,8,Min2,1,Gd,Attchd,1949,Unf,1,281,TA,TA,,,,0
util_294,294,1,Gd,9,Typ,1,TA,Attchd,1977,Fin,2,539,TA,TA,,,,0
util_295,295,1,TA,7,Typ,2,Gd,Attchd,1953,Fin,2,418,TA,TA,,,,0
util_296,296,1,TA,6,Typ,0,,Detchd,1984,Unf,2,588,TA,TA,,GdPrv,,0
util_297,297,1,TA,6,Typ,0,,Attchd,1950,Unf,1,282,TA,TA,,MnPrv,,0
util_298,298,1,Gd,7,Typ,1,TA,Detchd,1997,RFn,2,576,TA,TA,,,,0
util_299,299,1,TA,7,Typ,1,Gd,Attchd,1968,Unf,2,539,TA,TA,,,,0
util_300,300,1,Gd,6,Typ,1,Gd,Attchd,1950,Unf,1,300,TA,TA,,GdPrv,,0
util_301,301,1,TA,5,Typ,2,Gd,Attchd,1953,Unf,1,375,TA,TA,,,,0
util_302,302,1,Gd,9,Typ,1,TA,BuiltIn,1998,Fin,2,683,TA,TA,,,,0
util_303,303,1,Gd,6,Typ,1,TA,Attchd,2001,RFn,3,843,TA,TA,,,,0
util_304,304,1,TA,5,Typ,0,,Attchd,1975,Unf,2,552,TA,TA,,GdWo,,0
util_305,305,1,Gd,10,Typ,1,Ex,Attchd,2003,Unf,3,870,TA,TA,,,,0
util_306,306,1,Gd,8,Typ,0,,Attchd,2004,Fin,3,888,TA,TA,,,,0
util_307,307,1,Gd,8,Typ,1,TA,Attchd,1990,RFn,3,746,TA,TA,,,,0
util_308,308,1,Fa,6,Typ,0,,,,,0,0,,,,MnPrv,,0
util_309,309,1,TA,4,Typ,0,,Detchd,1961,Unf,2,539,TA,TA,,,,0
util_310,310,1,Ex,8,Typ,3,Ex,Attchd,2003,Fin,3,708,TA,TA,,,,0
util_311,311,1,Gd,6,Typ,1,TA,Attchd,1993,Fin,2,420,TA,TA,,,,0
util_312,312,1,TA,5,Typ,1,Gd,Detchd,1948,Unf,1,240,TA,TA,,,,0
util_313,313,1,TA,5,Typ,1,Gd,Detchd,1939,Unf,2,410,TA,TA,,MnPrv,,0
util_314,314,1,TA,8,Typ,2,Gd,Attchd,1965,RFn,2,513,TA,TA,,,,0
util_315,315,1,Ex,6,Typ,1,Gd,Detchd,1925,Unf,2,546,Fa,TA,,,,0
util_316,316,1,Gd,6,Typ,1,Gd,Attchd,2004,Fin,2,432,TA,TA,,,,0
util_317,317,1,Ex,10,Typ,1,TA,Attchd,1983,RFn,2,484,TA,TA,,GdPrv,,0
util_318,318,1,Gd,8,Typ,1,Gd,Attchd,2006,RFn,3,1025,TA,TA,,,,0
util_319,319,1,Gd,9,Typ,1,TA,Attchd,1993,RFn,3,656,TA,TA,,,,0
util_320,320,1,TA,6,Typ,2,TA,Attchd,1980,Unf,2,588,TA,TA,,,,0
util_321,321,1,Gd,9,Typ,0,,Attchd,2006,RFn,3,840,TA,TA,,,,0
util_322,322,1,Gd,10,Typ,1,Gd,BuiltIn,2004,Fin,3,872,TA,TA,,,,0
util_323,323,1,Gd,8,Typ,1,TA,Attchd,1987,Fin,2,576,TA,TA,,MnPrv,,0
util_324,324,1,TA,6,Typ,0,,Attchd,1955,Unf,1,220,Fa,TA,,,,0
util_325,325,1,Gd,11,Typ,1,Gd,BuiltIn,1961,Fin,2,564,TA,TA,,,,0
util_326,326,1,TA,5,Typ,0,,Detchd,1941,Unf,2,360,TA,TA,,,,0
util_327,327,1,Gd,6,Typ,2,Gd,Attchd,1993,Fin,2,473,TA,TA,,,,0
util_328,328,1,TA,7,Typ,0,,Attchd,1960,RFn,1,292,TA,TA,,,,0
util_329,329,1,Gd,10,Typ,0,,Detchd,1930,Unf,2,441,TA,TA,,,,0
util_330,330,1,TA,6,Typ,0,,Detchd,1920,Unf,1,189,Fa,Fa,,GdWo,,0
util_331,331,2,TA,10,Typ,0,,Detchd,2002,Unf,1,352,TA,TA,,,,0
util_332,332,1,TA,6,Typ,0,,Attchd,1958,RFn,1,308,TA,TA,,,,0
util_333,333,1,Gd,7,Typ,1,Gd,Attchd,2003,RFn,3,880,TA,TA,,,,0
util_334,334,1,Gd,6,Typ,1,Gd,Attchd,2004,RFn,2,484,TA,TA,,,,0
util_335,335,1,TA,7,Typ,2,TA,Attchd,1998,Fin,2,472,TA,TA,,,,0
util_336,336,1,TA,7,Typ,2,Gd,Attchd,1965,Fin,2,529,TA,TA,,,Shed,700
util_337,337,1,Gd,8,Typ,1,Gd,Attchd,2005,Fin,3,676,TA,TA,,,,0
util_338,338,1,Gd,7,Typ,0,,Attchd,2002,RFn,2,532,TA,TA,,,,0
util_339,339,1,Gd,8,Typ,0,,Attchd,1984,RFn,2,440,TA,TA,,,Shed,400
util_340,340,1,TA,6,Typ,0,,Attchd,1958,Unf,1,297,TA,TA,,,,0
util_341,341,1,Gd,9,Typ,0,,Attchd,2002,Fin,2,431,TA,TA,,,,0
util_342,342,1,TA,4,Typ,0,,CarPort,1950,Unf,1,294,TA,TA,,,,0
util_343,343,2,TA,6,Typ,0,,Detchd,1949,Unf,2,400,TA,TA,,,,0
util_344,344,1,Ex,6,Typ,1,Ex,Attchd,2005,RFn,2,564,TA,TA,,,,0
util_345,345,1,TA,4,Typ,0,,Attchd,1976,Unf,1,336,TA,TA,,,,0
util_346,346,1,Fa,6,Typ,1,Gd,Detchd,1939,Unf,1,312,TA,TA,,,,0
util_347,347,1,TA,5,Typ,0,,Attchd,1960,RFn,1,301,TA,TA,,,Gar2,15500
util_348,348,1,TA,6,Typ,2,Gd,Attchd,1960,Unf,2,498,TA,TA,,,,0
util_349,349,1,Gd,6,Typ,0,,BuiltIn,2003,RFn,2,474,TA,TA,,,,0
util_350,350,1,Ex,10,Typ,2,Ex,Attchd,2006,Fin,3,706,TA,TA,,,,0
util_351,351,1,Ex,6,Typ,1,Gd,Attchd,2007,RFn,2,617,TA,TA,,,,0
util_352,352,1,Gd,6,Typ,1,TA,Attchd,1986,RFn,2,445,TA,TA,,,,0
util_353,353,1,TA,5,Typ,0,,Detchd,1941,Unf,1,200,TA,Fa,,,,0
util_354,354,1,TA,5,Typ,0,,Detchd,2005,Unf,2,484,TA,TA,,,,0
util_355,355,1,TA,6,Typ,2,Gd,Attchd,1940,Unf,1,240,TA,TA,,,,0
util_356,356,1,Gd,6,Typ,0,,Attchd,1995,RFn,2,521,TA,TA,,,,0
util_357,357,1,Gd,6,Typ,0,,Attchd,1992,RFn,2,400,TA,TA,,,,0
util_358,358,1,TA,6,Typ,1,Po,Attchd,1976,Fin,2,528,TA,TA,,MnPrv,,0
util_359,359,1,Gd,6,Min2,0,,BuiltIn,1958,Unf,1,288,TA,TA,,,,0
util_360,360,1,Gd,7,Typ,1,TA,Attchd,1998,RFn,2,592,TA,TA,,,,0
util_361,361,1,TA,5,Typ,1,TA,Attchd,1978,RFn,2,470,TA,TA,,MnPrv,,0
util_362,362,1,TA,8,Typ,0,,Detchd,1940,Unf,1,240,TA,TA,,,,0
util_363,363,1,Gd,7,Typ,1,Ex,BuiltIn,2003,RFn,2,672,TA,TA,,,,0
util_364,364,1,Gd,5,Typ,0,,Detchd,1972,Unf,1,264,TA,TA,,,,0
util_365,365,1,TA,6,Typ,1,TA,Attchd,1976,Fin,2,566,TA,TA,,,,0
util_366,366,1,TA,6,Typ,0,,Detchd,1964,Unf,1,468,TA,Fa,,,,0
util_367,367,1,TA,6,Typ,2,Gd,Attchd,1963,RFn,2,514,TA,TA,,,,0
util_368,368,1,TA,6,Typ,1,Gd,Basment,1962,RFn,1,296,TA,TA,,,,0
util_369,369,1,TA,7,Typ,1,Gd,Attchd,1954,Fin,1,244,TA,TA,,,,0
util_370,370,1,Gd,7,Typ,1,Gd,Detchd,1997,Fin,2,576,TA,TA,,,,0
util_371,371,1,TA,7,Typ,1,TA,Attchd,2000,RFn,2,460,TA,TA,,,,0
util_372,372,1,TA,7,Min2,1,Gd,Detchd,1991,Fin,2,680,TA,TA,,,,0
util_373,373,1,TA,4,Typ,0,,Attchd,1984,Unf,1,264,TA,TA,,MnPrv,,0
util_374,374,1,TA,5,Min2,0,,Attchd,1953,Unf,1,270,TA,TA,,GdWo,,0
util_375,375,1,Gd,8,Typ,1,Gd,BuiltIn,2003,Fin,2,434,TA,TA,,,,0
util_376,376,1,Fa,4,Maj1,0,,,,,0,0,,,,,,0
util_377,377,1,TA,5,Typ,0,,Detchd,1998,Unf,2,576,TA,TA,,,,0
util_378,378,1,Gd,8,Typ,1,Gd,Attchd,2004,RFn,2,610,TA,TA,,,,0
util_379,379,1,Ex,8,Typ,1,Ex,Attchd,2010,Fin,3,834,TA,TA,,,,0
util_380,380,1,TA,7,Typ,1,TA,Attchd,2000,Fin,2,463,TA,TA,,,,0
util_381,381,1,Gd,6,Typ,1,Gd,Detchd,1924,Unf,1,308,TA,TA,,,,0
util_382,382,1,Gd,5,Typ,1,Gd,Attchd,2006,RFn,2,572,TA,TA,,,,0
util_383,383,1,Gd,8,Typ,0,,Attchd,2006,RFn,2,639,TA,TA,,,,0
util_384,384,1,TA,5,Typ,0,,Detchd,1950,Unf,2,360,Fa,Fa,,,,0
util_385,385,1,Gd,9,Typ,2,Fa,Attchd,1992,Fin,2,501,TA,TA,,,,0
util_386,386,1,Gd,6,Typ,1,TA,Attchd,2004,Fin,2,430,TA,TA,,,,0
util_387,387,1,TA,8,Typ,0,,,,,0,0,,,,,,0
util_388,388,1,TA,6,Typ,1,Fa,Detchd,1977,Unf,1,352,TA,TA,,GdWo,,0
util_389,389,1,Gd,6,Typ,0,,Attchd,1999,RFn,2,577,TA,TA,,,,0
util_390,390,1,Ex,9,Typ,1,Ex,BuiltIn,2008,Fin,3,846,TA,TA,,,,0
util_391,391,1,TA,7,Typ,0,,Detchd,1978,Unf,1,384,TA,TA,,MnPrv,,0
util_392,392,1,Gd,7,Typ,1,TA,BuiltIn,2001,Fin,2,560,TA,TA,,,,0
util_393,393,1,TA,5,Typ,0,,Attchd,1959,RFn,1,294,TA,TA,,MnPrv,Shed,1200
util_394,394,1,TA,4,Typ,2,TA,,,,0,0,,,,GdWo,,0
util_395,395,1,TA,5,Typ,0,,Detchd,1940,Unf,1,240,TA,TA,,,,0
util_396,396,1,TA,6,Typ,0,,Attchd,1956,Unf,1,596,TA,TA,,,,0
util_397,397,1,TA,6,Typ,0,,Detchd,1985,RFn,2,600,TA,TA,,,,0
util_398,398,1,TA,8,Typ,1,TA,Attchd,1962,RFn,1,264,TA,TA,,,,0
util_399,399,1,TA,6,Maj2,0,,Detchd,1920,Unf,1,338,Po,Po,,,,0
util_400,400,1,Gd,7,Typ,0,,Attchd,2007,Fin,2,438,TA,TA,,,,0
util_401,401,1,Ex,4,Typ,2,Gd,Attchd,1996,Fin,2,500,TA,TA,,,,0
util_402,402,1,Gd,6,Typ,1,Gd,Attchd,2005,Fin,2,400,TA,TA,,,,0
util_403,403,1,TA,4,Typ,0,,Detchd,1940,Unf,1,240,TA,TA,,GdPrv,,0
util_404,404,1,Gd,10,Typ,1,TA,BuiltIn,1998,Fin,2,420,TA,TA,,,,0
util_405,405,1,TA,7,Typ,1,TA,BuiltIn,1995,Fin,2,373,TA,TA,,,,0
util_406,406,1,TA,8,Min1,1,TA,Attchd,1993,Unf,2,490,TA,TA,,GdWo,,0
util_407,407,1,TA,6,Maj2,0,,Detchd,1936,Unf,1,240,TA,TA,,,,0
util_408,408,1,TA,8,Typ,0,,Attchd,1960,Unf,1,308,TA,TA,,,,0
util_409,409,1,Gd,9,Typ,1,Gd,Attchd,2006,RFn,3,947,TA,TA,,,,0
util_410,410,1,Ex,8,Typ,1,Gd,Attchd,2008,Fin,3,836,TA,TA,,,,0
util_411,411,1,TA,5,Mod,0,,Attchd,1958,Unf,1,350,TA,TA,,,,0
util_412,412,1,TA,5,Typ,0,,Attchd,1955,Fin,2,572,TA,TA,,,,0
util_413,413,1,Gd,7,Typ,1,Gd,Attchd,2009,Fin,2,484,TA,TA,,,,0
util_414,414,1,TA,5,Typ,1,Gd,Detchd,1927,Unf,2,360,TA,TA,,,,0
util_415,415,1,Gd,9,Typ,1,TA,Attchd,1993,Unf,3,678,TA,TA,,,,0
util_416,416,1,Gd,6,Typ,0,,Attchd,2007,Fin,2,396,TA,TA,,,,0
util_417,417,1,TA,6,Typ,1,TA,Attchd,1978,Fin,2,440,TA,TA,,,,0
util_418,418,1,TA,10,Typ,1,Gd,Detchd,1918,Unf,3,864,TA,TA,,,,0
util_419,419,1,TA,7,Typ,0,,Detchd,1940,Unf,1,240,TA,TA,,,,0
util_420,420,1,TA,6,Typ,1,Fa,Attchd,1968,Unf,1,304,TA,TA,,,,0
util_421,421,2,TA,8,Typ,0,,Attchd,1997,Fin,4,784,TA,TA,,,,0
util_422,422,1,Gd,8,Typ,1,TA,Attchd,1977,Fin,2,529,TA,TA,,,,0
util_423,423,1,TA,4,Typ,0,,Attchd,1954,RFn,2,520,TA,TA,,,,0
util_424,424,1,Gd,8,Typ,1,TA,Attchd,1998,Fin,3,696,TA,TA,,,,0
util_425,425,1,TA,6,Typ,1,Gd,Attchd,1956,RFn,1,297,TA,TA,,,,0
util_426,426,1,TA,6,Typ,2,Gd,Detchd,1947,Unf,1,240,TA,TA,,,,0
util_427,427,1,Gd,5,Typ,1,TA,Attchd,1989,Fin,2,569,TA,TA,,,,0
util_428,428,1,TA,5,Typ,0,,Detchd,1964,Unf,1,352,TA,TA,,,,0
util_429,429,1,Gd,6,Typ,0,,Attchd,2007,RFn,2,628,TA,TA,,,,0
util_430,430,1,Gd,6,Typ,1,TA,Attchd,1988,Unf,2,576,TA,TA,,,,0
util_431,431,1,TA,4,Typ,0,,Detchd,1971,Unf,1,264,TA,TA,,,,0
util_432,432,1,TA,7,Typ,0,,,,,0,0,,,,MnPrv,,0
util_433,433,1,TA,6,Min1,0,,Detchd,1971,Unf,2,440,TA,TA,,,,0
util_434,434,1,TA,7,Typ,1,TA,Attchd,1997,Fin,2,470,TA,TA,,,,0
util_435,435,1,TA,3,Typ,0,,,,,0,0,,,,,,0
util_436,436,1,Gd,6,Typ,1,TA,Attchd,1996,RFn,2,550,TA,TA,,,,0
util_437,437,1,TA,6,Typ,0,,Detchd,1990,Unf,2,440,TA,TA,,,,0
util_438,438,1,TA,4,Typ,0,,Detchd,1926,Unf,1,180,TA,TA,,,,0
util_439,439,1,Gd,4,Typ,1,Gd,Detchd,1990,Unf,1,352,Gd,TA,,MnPrv,,0
util_440,440,1,Gd,7,Typ,0,,Detchd,2005,Unf,2,528,TA,TA,,GdPrv,Shed,800
util_441,441,1,Ex,10,Typ,2,Gd,Attchd,2008,Fin,3,672,TA,TA,,,,0
util_442,442,2,Fa,8,Typ,0,,,,,0,0,,,,,,0
util_443,443,1,TA,8,Typ,1,Gd,Detchd,1930,Unf,2,360,TA,TA,,,,0
util_444,444,1,Gd,6,Typ,1,Gd,Attchd,2007,Fin,3,648,TA,TA,,,,0
util_445,445,1,Gd,8,Typ,1,TA,Attchd,1994,Unf,2,493,TA,TA,,,,0
util_446,446,1,TA,7,Typ,1,Gd,Attchd,1956,Unf,2,480,TA,TA,,MnPrv,,0
util_447,447,1,Gd,6,Mod,1,Gd,Attchd,1966,Fin,2,578,TA,TA,,,,0
util_448,448,1,Gd,10,Typ,1,TA,Attchd,1998,Fin,2,431,TA,TA,,,,0
util_449,449,1,TA,7,Typ,1,Gd,Detchd,1937,Unf,1,198,TA,TA,,,,0
util_450,450,1,TA,6,Typ,0,,Detchd,1981,Unf,1,308,TA,TA,,,,0
util_451,451,1,Gd,5,Typ,0,,Detchd,1932,Unf,1,270,Fa,Fa,,,,0
util_452,452,1,Gd,5,Typ,2,TA,Attchd,1975,Unf,2,576,TA,TA,,,,0
util_453,453,1,TA,7,Typ,0,,Attchd,1996,Fin,2,422,TA,TA,,,,0
util_454,454,1,Gd,6,Typ,0,,Attchd,2008,RFn,2,676,TA,TA,,,,0
util_455,455,2,TA,8,Typ,0,,Detchd,1976,Unf,2,560,TA,TA,,,,0
util_456,456,1,TA,6,Typ,1,TA,Attchd,1973,Unf,2,528,TA,TA,,,,0
util_457,457,1,TA,7,Typ,0,,Detchd,1916,Unf,3,513,Fa,Fa,,,,0
util_458,458,1,Gd,6,Min1,2,Gd,Attchd,1954,Fin,2,529,TA,TA,,,,0
util_459,459,1,Gd,7,Typ,1,Gd,Detchd,1925,Unf,1,228,TA,TA,,MnPrv,,0
util_460,460,1,Gd,5,Typ,1,TA,Detchd,1950,Unf,1,352,TA,TA,,,,0
util_461,461,1,TA,8,Typ,0,,BuiltIn,2009,Fin,2,552,TA,TA,,,,0
util_462,462,1,Gd,6,Typ,0,,Detchd,1971,RFn,2,576,TA,TA,,MnPrv,,0
util_463,463,1,TA,5,Typ,1,Po,Detchd,1965,Unf,1,360,TA,TA,,GdWo,,0
util_464,464,1,TA,6,Typ,1,Gd,Detchd,1939,Unf,1,240,TA,TA,,,,0
util_465,465,1,TA,5,Typ,0,,,,,0,0,,,,,,0
util_466,466,1,Gd,6,Typ,1,TA,Attchd,2004,Fin,2,398,TA,TA,,,,0
util_467,467,1,TA,5,Typ,1,Po,Attchd,1970,Unf,2,526,TA,TA,,GdWo,,0
util_468,468,1,Gd,7,Typ,2,Gd,Attchd,1942,Unf,1,312,TA,TA,,,,0
util_469,469,1,Gd,7,Typ,1,Gd,Attchd,2006,RFn,3,866,TA,TA,,,,0
util_470,470,1,Gd,7,Typ,0,,Attchd,1993,RFn,2,506,TA,TA,,,,0
util_471,471,1,Gd,4,Typ,0,,Attchd,1985,RFn,2,528,TA,TA,,,,0
util_472,472,1,TA,8,Typ,1,Gd,Attchd,1977,RFn,2,534,TA,TA,,,,0
util_473,473,1,TA,5,Typ,0,,Basment,2005,RFn,2,525,TA,TA,,,,0
util_474,474,1,Gd,7,Typ,1,Ex,Attchd,2006,RFn,3,908,TA,TA,,,,0
util_475,475,1,Ex,6,Typ,0,,Attchd,2000,RFn,2,499,TA,TA,,,,0
util_476,476,1,TA,5,Typ,0,,Detchd,1996,Unf,2,624,TA,TA,,,,0
util_477,477,1,Gd,7,Typ,1,TA,Attchd,1997,Fin,2,508,TA,TA,,,,0
util_478,478,1,Ex,9,Typ,1,Gd,BuiltIn,2006,Fin,3,694,TA,TA,,,,0
util_479,479,1,Gd,7,Typ,1,Gd,Attchd,2007,RFn,3,826,TA,TA,,,,0
util_480,480,1,TA,7,Typ,0,,Detchd,1995,Unf,2,672,TA,TA,,MnPrv,,0
util_481,481,1,Gd,8,Typ,1,Gd,Attchd,2004,Fin,3,772,TA,TA,,,,0
util_482,482,1,Ex,6,Typ,1,Gd,Attchd,2003,Fin,3,874,TA,TA,,,,0
util_483,483,1,Ex,7,Min2,1,Gd,Attchd,1915,Unf,1,164,Fa,Fa,,,,0
util_484,484,1,TA,5,Typ,0,,Attchd,1998,Unf,2,402,TA,TA,,,,0
util_485,485,1,Gd,6,Typ,0,,Detchd,1963,Unf,1,264,TA,TA,,,,0
util_486,486,1,Gd,5,Typ,1,Gd,Attchd,1950,Unf,1,264,TA,TA,,,,0
util_487,487,1,TA,6,Typ,0,,Attchd,1965,RFn,2,515,TA,TA,,,,0
util_488,488,1,TA,7,Typ,1,TA,Attchd,1971,Unf,2,487,TA,TA,,,,0
util_489,489,2,TA,10,Mod,1,Gd,Attchd,1970,Unf,2,520,TA,Fa,,,,0
util_490,490,1,Gd,3,Typ,0,,Attchd,1970,Unf,1,286,TA,TA,,,,0
util_491,491,1,TA,4,Typ,1,Gd,BuiltIn,1976,Fin,1,336,TA,TA,,,,0
util_492,492,1,Fa,5,Typ,2,TA,Attchd,1941,Unf,1,240,TA,TA,,MnPrv,,0
util_493,493,1,TA,8,Typ,0,,Attchd,2006,RFn,2,429,TA,TA,,,,0
util_494,494,1,TA,6,Typ,1,Fa,Detchd,1964,Unf,1,308,TA,TA,,,,0
util_495,495,1,TA,4,Typ,0,,Attchd,1938,Unf,1,273,TA,TA,,,,0
util_496,496,1,TA,4,Typ,0,,,,,0,0,,,,GdWo,,0
util_497,497,1,Gd,10,Typ,1,Gd,Attchd,1992,RFn,2,546,TA,TA,,,,0
util_498,498,1,TA,8,Typ,0,,Detchd,1925,Unf,1,240,TA,TA,,GdPrv,,0
util_499,499,1,Gd,5,Typ,0,,Attchd,1967,Fin,1,288,TA,TA,,MnPrv,,0
util_500,500,1,TA,5,Typ,0,,Attchd,1958,Fin,1,297,TA,TA,,MnWw,Shed,480
util_501,501,1,TA,7,Typ,0,,Detchd,1973,Unf,1,264,TA,TA,,,,0
util_502,502,1,Gd,7,Typ,0,,Attchd,2005,RFn,2,603,TA,TA,,,,0
util_503,503,1,TA,6,Typ,0,,Detchd,1965,Unf,2,461,Fa,Fa,,GdPrv,Shed,400
util_504,504,1,TA,6,Typ,2,TA,Attchd,1959,Fin,2,484,TA,TA,,GdWo,,0
util_505,505,1,TA,6,Typ,1,Fa,Attchd,1974,Unf,2,440,TA,TA,,,,0
util_506,506,2,TA,10,Typ,0,,Detchd,1952,Unf,2,400,TA,TA,,,,0
util_507,507,1,Gd,8,Typ,1,TA,Attchd,1993,RFn,2,471,TA,TA,,,,0
util_508,508,1,Gd,4,Typ,0,,Attchd,2009,Fin,2,676,TA,TA,,,,0
util_509,509,1,Gd,7,Typ,1,Gd,Detchd,1928,Unf,2,360,TA,TA,,,,0
util_510,510,1,TA,6,Typ,0,,Attchd,1959,RFn,1,270,TA,TA,,MnPrv,,0
util_511,511,1,TA,6,Min1,2,TA,CarPort,1951,Unf,1,288,TA,TA,,,Shed,2000
util_512,512,1,Gd,6,Typ,1,Gd,Attchd,2005,RFn,2,474,TA,TA,,,,0
util_513,513,1,TA,5,Typ,0,,Detchd,1964,Unf,2,624,TA,TA,,,,0
util_514,514,1,TA,5,Typ,0,,Attchd,1983,Unf,2,484,TA,TA,,,,0
util_515,515,1,TA,5,Typ,0,,Detchd,1926,Unf,1,200,Po,Po,,MnPrv,,0
util_516,516,1,Ex,9,Typ,1,Gd,Attchd,2009,Fin,3,900,TA,TA,,,,0
util_517,517,1,TA,7,Typ,1,TA,Attchd,1972,RFn,2,583,TA,TA,,GdPrv,,0
util_518,518,1,Gd,7,Typ,1,TA,Attchd,1996,RFn,3,889,TA,TA,,,,0
util_519,519,1,TA,7,Typ,0,,Attchd,1998,RFn,2,546,TA,TA,,MnPrv,,0
util_520,520,1,Gd,9,Typ,2,Gd,Detchd,1926,Unf,1,282,TA,TA,,MnPrv,,0
util_521,521,2,TA,7,Typ,0,,,,,0,0,,,,,,0
util_522,522,1,TA,6,Typ,2,Gd,Attchd,1957,Unf,1,336,TA,TA,,,,0
util_523,523,1,TA,7,Typ,2,Gd,Detchd,1950,Unf,2,420,TA,TA,,,,0
util_524,524,1,Ex,11,Typ,1,Gd,BuiltIn,2007,Fin,3,884,TA,TA,,,,0
util_525,525,1,Gd,8,Typ,1,TA,Attchd,1996,Fin,3,834,TA,TA,,,,0
util_526,526,1,Gd,6,Typ,1,TA,Attchd,2005,Unf,2,453,TA,TA,,,,0
util_527,527,1,TA,4,Typ,0,,Attchd,1956,Unf,1,252,TA,TA,,,,0
util_528,528,1,Ex,11,Typ,1,Gd,Attchd,2008,Fin,3,858,TA,TA,,,,0
util_529,529,1,TA,5,Typ,0,,,,,0,0,,,,,,0
util_530,530,2,TA,9,Maj1,2,TA,Attchd,1975,RFn,2,484,TA,TA,,,,0
util_531,531,1,Gd,5,Typ,1,Fa,Attchd,1988,RFn,2,600,TA,TA,,,,0
util_532,532,1,TA,6,Typ,0,,Detchd,1920,Fin,2,502,TA,Fa,,,,0
util_533,533,1,TA,5,Mod,1,Po,Detchd,1967,Unf,1,392,TA,TA,,,,0
util_534,534,1,Fa,2,Typ,0,,,,,0,0,,,,,,0
util_535,535,1,Gd,6,Typ,1,Gd,Attchd,2004,Fin,2,403,TA,TA,,,,0
util_536,536,1,TA,5,Typ,0,,,,,0,0,,,,,,0
util_537,537,1,Gd,8,Typ,0,,Attchd,1998,Fin,2,527,TA,TA,,,,0
util_538,538,1,TA,5,Typ,0,,Detchd,1980,Unf,2,576,TA,TA,,MnWw,,0
util_539,539,1,TA,7,Typ,1,Fa,Attchd,1968,Unf,1,336,TA,TA,,,,0
util_540,540,1,Gd,6,Typ,1,TA,Attchd,2001,RFn,2,670,TA,TA,,MnPrv,Shed,2000
util_541,541,1,Ex,8,Typ,1,Gd,Attchd,2006,Fin,3,765,TA,TA,,,,0
util_542,542,1,Gd,8,Typ,1,TA,BuiltIn,2000,Fin,3,648,TA,TA,,,,0
util_543,543,1,Gd,7,Maj1,1,TA,Attchd,1998,Fin,2,583,TA,TA,,,,0
util_544,544,1,TA,4,Typ,0,,Attchd,1998,Fin,1,367,TA,TA,,,,0
util_545,545,1,Gd,7,Typ,1,Gd,Attchd,2006,RFn,2,426,TA,TA,,,,0
util_546,546,1,Gd,9,Typ,0,,Attchd,1988,Unf,3,786,TA,TA,,,,0
util_547,547,1,TA,6,Typ,1,Gd,Detchd,1950,Unf,2,440,TA,TA,,,,0
util_548,548,1,TA,5,Typ,0,,Detchd,1987,Unf,2,624,TA,TA,,,,0
util_549,549,1,TA,4,Typ,0,,Detchd,1963,RFn,2,720,TA,TA,,MnPrv,,0
util_550,550,1,Gd,8,Typ,1,Gd,BuiltIn,2003,Fin,2,615,TA,TA,,,,0
util_551,551,1,TA,4,Typ,0,,Attchd,1977,RFn,2,440,TA,TA,,,,0
util_552,552,1,TA,5,Typ,0,,Attchd,1957,Fin,1,288,TA,TA,,,,0
util_553,553,1,Gd,7,Typ,1,Gd,Attchd,2006,RFn,3,908,TA,TA,,,,0
util_554,554,1,Gd,5,Typ,0,,Detchd,2002,Fin,2,520,TA,TA,,MnPrv,,0
util_555,555,1,Gd,8,Typ,1,Gd,BuiltIn,2003,RFn,3,871,TA,TA,,,,0
util_556,556,1,TA,5,Typ,1,Gd,Detchd,1922,Unf,1,280,TA,TA,,,,0
util_557,557,1,TA,6,Typ,1,TA,Attchd,1957,Fin,1,299,TA,TA,,MnWw,,0
util_558,558,1,TA,7,Typ,0,,CarPort,1994,Unf,1,570,TA,TA,,,,0
util_559,559,1,TA,6,Typ,1,TA,Attchd,1996,Unf,2,406,TA,TA,,,,0
util_560,560,1,Gd,7,Typ,1,TA,Attchd,2003,Fin,2,420,TA,TA,,,,0
util_561,561,1,TA,5,Mod,1,Gd,Detchd,1957,Unf,2,528,TA,TA,,,,0
util_562,562,1,TA,6,Typ,1,TA,Attchd,1975,RFn,2,418,TA,TA,,,,0
util_563,563,1,TA,6,Typ,1,Gd,,,,0,0,,,,,,0
util_564,564,1,TA,8,Typ,1,Gd,Detchd,1955,Fin,2,396,TA,TA,,,,0
util_565,565,1,Gd,9,Typ,1,TA,Attchd,1992,RFn,2,590,TA,TA,,,,0
util_566,566,1,Fa,6,Typ,0,,Detchd,1920,Unf,1,216,TA,TA,,,,0
util_567,567,1,Ex,11,Typ,1,Gd,BuiltIn,2005,Fin,3,656,TA,TA,,,,0
util_568,568,1,Gd,7,Typ,0,,Attchd,2004,RFn,2,532,TA,TA,,,,0
util_569,569,1,Gd,5,Min2,1,Gd,BuiltIn,1983,Fin,2,612,Gd,TA,,,,0
util_570,570,1,TA,4,Typ,2,TA,Detchd,1979,Unf,2,600,TA,TA,,,,0
util_571,571,2,TA,10,Typ,0,,Detchd,1987,Unf,2,576,TA,TA,,,,0
util_572,572,1,Gd,4,Typ,0,,Attchd,1959,Unf,1,288,TA,TA,,,,0
util_573,573,1,Gd,6,Typ,0,,Attchd,2009,RFn,2,650,TA,TA,,,,0
util_574,574,1,TA,8,Typ,1,TA,BuiltIn,2000,RFn,2,400,TA,TA,,,,0
util_575,575,1,TA,5,Typ,0,,BuiltIn,1971,Unf,1,288,TA,TA,,GdWo,,0
util_576,576,1,TA,6,Typ,0,,Detchd,1947,Unf,1,336,TA,TA,,,,0
util_577,577,1,TA,6,Typ,1,Gd,Detchd,1928,Unf,1,216,TA,TA,,,,0
util_578,578,1,TA,6,Typ,2,Fa,Attchd,1966,RFn,2,564,TA,TA,,,,0
util_579,579,1,Gd,5,Typ,0,,Detchd,2007,Unf,2,540,TA,TA,,,,0
util_580,580,1,TA,7,Typ,0,,Attchd,1954,Unf,1,352,Fa,TA,,,,0
util_581,581,1,Gd,7,Typ,2,Gd,Attchd,1960,Unf,2,572,TA,TA,,,,0
util_582,582,1,Ex,8,Typ,1,Gd,Attchd,2009,RFn,3,1390,TA,TA,,,,0
util_583,583,1,TA,5,Typ,0,,,,,0,0,,,,,,0
util_584,584,1,Gd,9,Typ,1,Gd,Detchd,1988,Unf,2,880,Gd,TA,,,,0
util_585,585,1,Gd,6,Typ,0,,Detchd,1935,Unf,1,240,TA,TA,,,,0
util_586,586,1,Gd,7,Typ,2,Gd,Attchd,2005,RFn,3,880,TA,TA,,,,0
util_587,587,1,Fa,5,Typ,0,,Detchd,1961,Fin,1,275,TA,TA,,MnWw,,0
util_588,588,1,TA,4,Typ,0,,Detchd,1996,Unf,2,528,TA,TA,,,,0
util_589,589,1,Ex,5,Typ,2,Gd,Attchd,1968,Unf,1,452,TA,TA,,,,0
util_590,590,1,TA,4,Typ,0,,Detchd,1988,Unf,1,308,TA,TA,,,Shed,600
util_591,591,1,Gd,6,Typ,0,,Attchd,2004,RFn,2,520,TA,TA,,,,0
util_592,592,1,Ex,10,Typ,1,Gd,BuiltIn,2008,RFn,3,842,TA,TA,,,,0
util_593,593,1,TA,4,Typ,0,,Detchd,1985,Fin,2,816,TA,TA,,,,0
util_594,594,1,Gd,4,Typ,0,,Attchd,2003,Fin,2,420,TA,TA,,,,0
util_595,595,1,TA,5,Typ,0,,Detchd,1981,Unf,1,280,TA,TA,,MnPrv,,0
util_596,596,1,Gd,7,Typ,1,TA,Attchd,2005,Fin,3,758,TA,TA,,,,0
util_597,597,1,TA,7,Typ,0,,Detchd,1930,Unf,1,216,TA,Fa,,,,0
util_598,598,1,Gd,7,Typ,1,Gd,Attchd,2006,Fin,3,648,TA,TA,,,,0
util_599,599,1,Gd,7,Typ,1,TA,Attchd,1977,Fin,2,621,TA,TA,,,,0
util_600,600,1,TA,6,Typ,1,TA,Attchd,1980,Fin,2,452,TA,TA,,GdPrv,,0
util_601,601,1,Ex,8,Typ,1,Gd,BuiltIn,2003,Fin,2,736,TA,TA,,,,0
util_602,602,1,Gd,6,Typ,1,Gd,Detchd,1979,Unf,1,544,TA,TA,,,,0
util_603,603,1,Gd,8,Typ,1,TA,Attchd,1992,Fin,2,506,TA,TA,,,,0
util_604,604,1,Gd,4,Typ,0,,Detchd,2004,RFn,2,480,TA,TA,,,,0
util_605,605,1,Gd,6,Typ,1,TA,Attchd,2002,RFn,2,530,TA,TA,,,,0
util_606,606,1,TA,7,Typ,3,Fa,Attchd,1965,Unf,2,486,TA,TA,,,,0
util_607,607,1,Gd,6,Typ,0,,Detchd,2000,Unf,2,576,TA,TA,,GdPrv,,0
util_608,608,1,Ex,8,Typ,0,,Attchd,1948,Unf,1,230,TA,TA,,,,0
util_609,609,1,TA,10,Typ,2,Gd,Basment,1934,Unf,2,380,TA,TA,,,,0
util_610,610,1,TA,5,Typ,0,,Attchd,1961,Unf,1,261,TA,TA,,,,0
util_611,611,1,Ex,8,Typ,2,Ex,Attchd,2000,Fin,3,736,TA,TA,,,,0
util_612,612,1,TA,6,Typ,1,TA,Attchd,1978,Unf,2,564,TA,TA,,MnPrv,Shed,500
util_613,613,1,Ex,7,Typ,1,TA,BuiltIn,2001,RFn,2,531,TA,TA,,,,0
util_614,614,1,TA,6,Typ,0,,,,,0,0,,,,,,0
util_615,615,1,TA,3,Typ,0,,,,,0,0,,,,,,0
util_616,616,1,Gd,6,Typ,0,,Attchd,1963,RFn,2,480,TA,TA,,MnPrv,,0
util_617,617,1,Gd,7,Typ,1,Gd,Attchd,2002,Fin,2,393,TA,TA,,,,0
util_618,618,1,Gd,4,Typ,0,,Detchd,1962,Unf,2,528,TA,TA,,,,0
util_619,619,1,Gd,9,Typ,1,Gd,Attchd,2007,Unf,3,774,TA,TA,,,,0
util_620,620,1,Gd,10,Typ,2,Gd,Attchd,2003,Fin,3,749,TA,TA,,,,0
util_621,621,1,TA,5,Typ,0,,,,,0,0,,,,,,0
util_622,622,1,TA,9,Typ,1,TA,Attchd,1974,RFn,2,624,TA,TA,,,,0
util_623,623,1,TA,6,Typ,0,,Detchd,1986,Unf,2,484,TA,TA,,,,0
util_624,624,1,Gd,4,Typ,1,TA,Detchd,2000,Unf,2,440,TA,TA,,,,0
util_625,625,1,TA,8,Min2,1,TA,Attchd,1972,RFn,2,484,TA,TA,,,,0
util_626,626,1,TA,5,Typ,0,,Attchd,1962,Unf,2,440,TA,TA,,,,0
util_627,627,1,TA,6,Min1,1,TA,Attchd,1960,RFn,1,286,TA,TA,,GdWo,Shed,600
util_628,628,1,TA,7,Typ,2,Gd,Basment,1955,RFn,1,364,TA,TA,,,,0
util_629,629,1,Fa,9,Typ,2,TA,Attchd,1969,Unf,2,504,TA,TA,,,,0
util_630,630,1,TA,6,Typ,0,,Attchd,1964,RFn,2,520,TA,TA,,GdPrv,,0
util_631,631,1,Ex,8,Typ,0,,Detchd,1937,Unf,1,240,Fa,Po,,MnPrv,,0
util_632,632,1,Gd,6,Typ,1,Gd,Attchd,2006,RFn,2,627,TA,TA,,,,0
util_633,633,1,TA,6,Typ,1,TA,Attchd,1977,Fin,2,544,TA,TA,,,,0
util_634,634,1,TA,6,Typ,0,,Attchd,1954,Unf,1,260,TA,TA,,,,0
util_635,635,2,TA,4,Typ,0,,Detchd,1980,Unf,2,576,TA,TA,,GdPrv,Shed,600
util_636,636,2,Fa,14,Typ,0,,,,,0,0,,,,,,0
util_637,637,1,Fa,4,Maj1,1,Po,,,,0,0,,,,,,0
util_638,638,2,Gd,7,Typ,0,,BuiltIn,1954,Unf,1,256,TA,TA,,,,0
util_639,639,1,TA,4,Typ,0,,,,,0,0,,,,MnPrv,,0
util_640,640,1,Ex,7,Typ,1,Gd,Attchd,2006,Fin,3,648,TA,TA,,,,0
util_641,641,1,Ex,6,Typ,1,Gd,Attchd,2003,RFn,2,588,TA,TA,,,,0
util_642,642,1,Gd,7,Typ,1,TA,Attchd,2001,Fin,2,650,TA,TA,,,,0
util_643,643,1,Ex,9,Typ,3,TA,Attchd,1972,Fin,2,538,TA,TA,,MnPrv,,0
util_644,644,1,TA,7,Min1,0,,Attchd,1969,Fin,2,462,TA,TA,,GdWo,,0
util_645,645,1,Ex,7,Typ,1,Gd,Attchd,2009,Fin,3,478,TA,TA,,,,0
util_646,646,1,TA,5,Typ,0,,Detchd,1979,Unf,2,576,TA,TA,,,,0
util_647,647,1,TA,7,Min1,0,,Detchd,1950,Unf,2,420,TA,TA,,,,0
util_648,648,1,TA,5,Typ,2,Gd,Attchd,1953,RFn,2,495,TA,TA,,,,0
util_649,649,1,TA,7,Typ,1,TA,Attchd,1966,Unf,2,442,TA,TA,,,,0
util_650,650,1,TA,3,Typ,0,,,,,0,0,,,,MnPrv,,0
util_651,651,1,Gd,7,Typ,0,,Attchd,2007,RFn,2,562,TA,TA,,,,0
util_652,652,1,TA,7,Typ,1,Gd,Detchd,1940,Unf,1,296,Fa,Po,,MnPrv,,0
util_653,653,1,Gd,7,Typ,1,TA,Attchd,1996,RFn,2,512,TA,TA,,,,0
util_654,654,1,TA,7,Typ,0,,Detchd,1906,Unf,1,216,TA,TA,,MnPrv,,0
util_655,655,1,Gd,7,Typ,1,TA,Attchd,1995,Fin,3,839,TA,TA,,,,0
util_656,656,1,TA,6,Typ,0,,Detchd,1971,Unf,1,264,TA,TA,,,,0
util_657,657,1,Gd,5,Typ,0,,Attchd,1959,RFn,1,312,TA,TA,,MnPrv,,0
util_658,658,1,TA,6,Typ,1,Gd,Attchd,1931,RFn,1,270,TA,TA,,MnPrv,,0
util_659,659,1,TA,6,Typ,1,Gd,Attchd,1948,Unf,1,330,TA,TA,,,,0
util_660,660,1,TA,7,Typ,0,,Detchd,1968,Fin,2,480,TA,TA,,MnPrv,,0
util_661,661,1,TA,7,Typ,1,TA,Attchd,1976,RFn,2,550,TA,TA,,,,0
util_662,662,1,Gd,8,Typ,1,TA,Attchd,1994,RFn,3,711,TA,TA,,,,0
util_663,663,1,TA,5,Maj2,2,TA,Attchd,1968,RFn,2,576,TA,TA,,,,0
util_664,664,1,TA,6,Typ,0,,Detchd,1974,RFn,2,588,TA,TA,,MnPrv,,0
util_665,665,1,Ex,8,Typ,1,Ex,Attchd,2005,Fin,3,1134,TA,TA,,,,0
util_666,666,1,Gd,7,Typ,1,TA,Attchd,2000,RFn,2,504,TA,TA,,,,0
util_667,667,1,TA,7,Sev,1,Po,CarPort,1965,Unf,2,596,TA,TA,,,,0
util_668,668,1,Gd,7,Typ,1,Fa,Attchd,1994,RFn,2,575,TA,TA,,,,0
util_669,669,1,TA,6,Min2,1,TA,Detchd,1999,Unf,2,576,TA,TA,,,,0
util_670,670,1,Fa,5,Typ,1,Gd,Detchd,1922,Unf,1,252,TA,Fa,,,,0
util_671,671,1,Gd,7,Typ,0,,Attchd,2005,Fin,2,540,TA,TA,,,,0
util_672,672,1,TA,6,Typ,0,,Detchd,1930,Unf,1,300,TA,TA,,,,0
util_673,673,1,TA,6,Typ,1,TA,Attchd,1977,RFn,2,546,TA,TA,,,,0
util_674,674,1,Gd,7,Typ,2,TA,Attchd,1957,Fin,2,416,TA,TA,,,,0
util_675,675,1,TA,5,Typ,1,Gd,Attchd,1965,RFn,1,384,TA,TA,,,,0
util_676,676,1,TA,7,Typ,1,TA,Attchd,1978,Unf,2,440,TA,TA,,,,0
util_677,677,2,TA,8,Min2,0,,2Types,1920,Unf,3,779,Fa,Fa,,,,0
util_678,678,1,Gd,5,Typ,0,,Detchd,1924,Unf,1,240,Fa,Fa,,,,0
util_679,679,1,Gd,7,Typ,1,Gd,Attchd,2008,Fin,3,834,TA,TA,,,,0
util_680,680,1,TA,5,Typ,0,,Detchd,1963,Unf,2,572,TA,TA,,,,0
util_681,681,1,TA,5,Typ,1,TA,Attchd,1980,RFn,1,264,TA,TA,,,,0
util_682,682,1,TA,6,Typ,0,,Detchd,1968,Unf,1,281,TA,TA,,,,0
util_683,683,1,Gd,6,Typ,1,Gd,Attchd,1996,Unf,2,431,TA,TA,,,,0
util_684,684,1,Gd,7,Typ,1,TA,Attchd,2002,Fin,3,702,TA,TA,,,,0
util_685,685,1,TA,7,Typ,0,,Attchd,1998,Fin,2,486,TA,TA,,,,0
util_686,686,1,Gd,6,Min1,1,TA,Attchd,1984,Fin,2,577,TA,TA,,,,0
util_687,687,1,Gd,7,Typ,0,,Attchd,2007,Fin,2,578,TA,TA,,,,0
util_688,688,1,Gd,4,Typ,0,,Detchd,2004,Unf,2,480,TA,TA,,,,0
util_689,689,1,Gd,7,Typ,1,Gd,Attchd,2007,RFn,2,567,TA,TA,,,,0
util_690,690,1,Gd,6,Typ,1,Gd,Attchd,2005,RFn,2,460,TA,TA,,,,0
util_691,691,1,Gd,3,Typ,1,TA,Attchd,2004,RFn,2,420,TA,TA,,,,0
util_692,692,1,Ex,10,Typ,2,Ex,Attchd,1994,Fin,3,832,TA,TA,,,,0
util_693,693,1,Gd,9,Typ,2,Gd,Attchd,1989,RFn,2,628,TA,TA,,,,0
util_694,694,1,TA,4,Typ,0,,Detchd,1968,Unf,1,326,TA,TA,,,,0
util_695,695,1,TA,5,Typ,0,,Detchd,1995,Unf,2,576,TA,TA,,MnPrv,,0
util_696,696,1,Gd,5,Typ,1,TA,Attchd,1987,Unf,2,551,TA,TA,,,,0
util_697,697,1,TA,4,Typ,0,,Detchd,1921,Unf,1,205,TA,TA,,,,0
util_698,698,1,TA,6,Typ,0,,Detchd,1952,Unf,1,308,TA,TA,,,,0
util_699,699,1,TA,5,Typ,1,Gd,Detchd,1973,Unf,1,336,TA,TA,,MnPrv,,0
util_700,700,1,Gd,5,Typ,0,,Attchd,2004,RFn,2,530,TA,TA,,,,0
util_701,701,1,Gd,7,Typ,1,Gd,Attchd,2002,Fin,3,765,TA,TA,,,,0
util_702,702,1,TA,6,Typ,0,,Attchd,1969,Unf,2,528,TA,TA,,,,0
util_703,703,1,Ex,10,Typ,1,Gd,BuiltIn,2006,Fin,3,666,TA,TA,,,,0
util_704,704,2,Gd,8,Typ,1,Po,Detchd,1999,Unf,2,672,TA,TA,,MnPrv,,0
util_705,705,1,Gd,7,Typ,0,,Attchd,2004,RFn,2,606,TA,TA,,,,0
util_706,706,2,Fa,7,Mod,0,,,,,0,0,,,,,Othr,3500
util_707,707,1,Gd,5,Typ,2,TA,Attchd,1971,Unf,2,739,TA,TA,,,,0
util_708,708,1,Gd,6,Typ,1,Gd,Attchd,2006,Fin,2,550,TA,TA,,,,0
util_709,709,1,Gd,8,Typ,1,Gd,Attchd,2007,Fin,2,400,TA,TA,,,,0
util_710,710,1,TA,6,Typ,0,,Attchd,1966,Unf,1,408,TA,TA,,MnPrv,,0
util_711,711,1,TA,5,Maj2,0,,,,,0,0,,,,,,0
util_712,712,1,TA,7,Typ,0,,Detchd,1964,RFn,1,384,TA,TA,,,,0
util_713,713,1,Gd,5,Typ,1,Gd,Attchd,1988,Fin,2,472,TA,TA,,,,0
util_714,714,1,TA,6,Typ,0,,Detchd,1970,Unf,2,576,TA,TA,,,,0
util_715,715,1,Gd,6,Typ,0,,Attchd,1976,RFn,2,475,TA,TA,,,,0
util_716,716,1,TA,7,Typ,1,TA,Attchd,1974,RFn,2,478,TA,TA,,MnPrv,,0
util_717,717,1,TA,8,Typ,0,,Detchd,1996,Unf,2,704,TA,TA,,,,0
util_718,718,1,Gd,5,Typ,1,Fa,Attchd,1973,Unf,2,439,TA,TA,,MnPrv,,0
util_719,719,1,Gd,9,Typ,1,TA,Attchd,1993,RFn,3,983,TA,TA,,,,0
util_720,720,1,TA,5,Typ,1,Po,Attchd,1969,Unf,1,300,TA,TA,,,,0
util_721,721,1,Gd,5,Typ,1,TA,Attchd,1985,RFn,2,564,TA,TA,,,,0
util_722,722,1,Gd,3,Typ,0,,Attchd,2004,RFn,2,420,TA,TA,,,,0
util_723,723,1,TA,5,Typ,0,,Detchd,1994,Unf,2,463,TA,TA,,,,0
util_724,724,1,TA,7,Typ,0,,Detchd,1958,Unf,1,548,TA,TA,,,,0
util_725,725,1,Ex,8,Typ,1,Gd,Attchd,2007,Fin,3,768,TA,TA,,,,0
util_726,726,1,Gd,5,Typ,0,,Detchd,1989,Unf,2,660,TA,TA,,,Shed,500
util_727,727,1,Gd,5,Typ,1,Gd,Attchd,1988,Fin,2,540,TA,TA,,,,0
util_728,728,1,Gd,6,Typ,0,,Attchd,2007,RFn,2,632,TA,TA,,,,0
util_729,729,2,TA,9,Typ,0,,Detchd,1968,Unf,3,888,TA,TA,,,,0
util_730,730,1,TA,5,Typ,0,,Detchd,1962,Unf,2,539,TA,TA,,,,0
util_731,731,1,Gd,5,Typ,1,TA,Attchd,1995,RFn,2,608,TA,TA,,,,0
util_732,732,1,Gd,6,Typ,1,Gd,Attchd,2003,Fin,2,438,TA,TA,,,,0
util_733,733,1,Gd,8,Typ,1,TA,Attchd,1998,Fin,2,541,TA,TA,,,,0
util_734,734,1,TA,6,Typ,1,TA,Attchd,1961,RFn,1,264,TA,TA,,GdWo,Shed,400
util_735,735,1,TA,6,Typ,0,,Attchd,1968,Unf,1,300,TA,TA,,,,0
util_736,736,1,TA,6,Typ,2,TA,Detchd,1914,Unf,2,320,TA,TA,,,,0
util_737,737,2,TA,6,Typ,0,,Detchd,1949,Unf,2,400,TA,TA,,,,0
util_738,738,1,Gd,8,Typ,1,Gd,Attchd,2005,Fin,3,800,TA,TA,,,,0
util_739,739,1,TA,5,Typ,0,,,,,0,0,,,,,,0
util_740,740,1,Gd,7,Typ,0,,Attchd,2004,RFn,2,572,TA,TA,,,,0
util_741,741,1,TA,7,Typ,0,,Detchd,1910,Unf,2,360,TA,Gd,,GdPrv,,0
util_742,742,1,Gd,5,Typ,0,,Detchd,1962,Unf,1,288,TA,TA,,GdPrv,,0
util_743,743,1,TA,6,Typ,0,,Attchd,2000,Unf,2,539,TA,TA,,GdPrv,,0
util_744,744,1,TA,6,Min2,1,TA,Attchd,1997,RFn,2,480,TA,TA,,,,0
util_745,745,1,Gd,5,Typ,1,TA,Attchd,1993,RFn,2,462,TA,TA,,,,0
util_746,746,1,Gd,11,Typ,2,TA,BuiltIn,1994,Fin,2,831,TA,TA,,,,0
util_747,747,1,Gd,8,Typ,1,TA,BuiltIn,2000,Fin,2,554,TA,TA,,,,0
util_748,748,1,Gd,8,Typ,1,Gd,Detchd,1950,Unf,4,864,TA,TA,,,,0
util_749,749,1,Gd,7,Typ,1,TA,Attchd,1996,Fin,2,527,TA,TA,,,,0
util_750,750,1,TA,9,Mod,0,,Detchd,1945,Unf,1,240,TA,TA,,,,0
util_751,751,1,TA,7,Min2,0,,,,,0,0,,,,,,0
util_752,752,1,Gd,6,Typ,0,,Attchd,2003,Fin,2,400,TA,TA,,,,0
util_753,753,1,Gd,6,Typ,0,,Attchd,1997,RFn,2,576,TA,TA,,,,0
util_754,754,1,Ex,8,Typ,1,Gd,Attchd,2005,RFn,3,878,TA,TA,,,,0
util_755,755,1,Gd,5,Typ,0,,Detchd,1969,RFn,2,440,TA,TA,,,,0
util_756,756,1,TA,6,Typ,0,,Detchd,1999,Unf,2,440,TA,TA,,,,0
util_757,757,1,Gd,7,Typ,0,,Attchd,2007,RFn,2,578,TA,TA,,,,0
util_758,758,1,TA,6,Typ,1,TA,Attchd,1978,Fin,2,440,TA,TA,,GdPrv,,0
util_759,759,1,TA,6,Typ,0,,Detchd,1999,Unf,2,440,TA,TA,,,,0
util_760,760,1,Gd,9,Typ,1,TA,Attchd,1995,RFn,3,752,TA,TA,,,,0
util_761,761,1,TA,5,Typ,0,,Detchd,2008,Unf,1,300,Ex,Ex,,,Shed,450
util_762,762,1,Fa,5,Min1,0,,Detchd,1965,Unf,2,440,TA,TA,,,,0
util_763,763,1,Gd,7,Typ,0,,Attchd,2009,Unf,2,614,TA,TA,,,,0
util_764,764,1,Gd,8,Typ,1,Gd,Attchd,1999,RFn,3,856,TA,TA,,,,0
util_765,765,1,Ex,6,Typ,1,Gd,Attchd,1995,Fin,2,481,TA,TA,,,,0
util_766,766,1,Ex,6,Typ,1,Gd,Attchd,2008,Fin,2,592,TA,TA,,,,0
util_767,767,1,TA,7,Typ,1,TA,Attchd,1988,Unf,2,496,TA,TA,,MnPrv,Shed,500
util_768,768,1,TA,7,Mod,0,,Attchd,1989,Unf,1,423,TA,TA,,,Shed,1300
util_769,769,1,Gd,8,Typ,1,Gd,Attchd,2004,Fin,2,484,TA,TA,,,,0
util_770,770,1,Ex,12,Mod,1,Gd,BuiltIn,2003,Fin,3,841,TA,TA,,,,0
util_771,771,1,TA,5,Typ,0,,Detchd,1983,Unf,2,576,TA,TA,,,,0
util_772,772,1,TA,6,Typ,0,,Detchd,1951,Unf,2,396,TA,TA,,,,0
util_773,773,1,TA,6,Typ,1,TA,Detchd,1976,Unf,2,672,TA,TA,,MnPrv,,0
util_774,774,1,TA,5,Typ,0,,Attchd,1958,RFn,1,275,TA,TA,,,,0
util_775,775,1,Gd,9,Typ,1,Gd,Attchd,2006,Fin,3,895,TA,TA,,,,0
util_776,776,1,TA,5,Typ,0,,Attchd,1998,Fin,2,412,TA,TA,,,,0
util_777,777,1,Gd,7,Typ,0,,Attchd,2005,RFn,3,865,TA,TA,,,,0
util_778,778,1,TA,5,Typ,1,Fa,Attchd,1974,Unf,2,440,TA,TA,,MnPrv,,0
util_779,779,2,TA,10,Typ,2,TA,Detchd,1977,Unf,2,630,TA,TA,,,,0
util_780,780,1,TA,4,Typ,0,,Attchd,1977,Unf,2,504,TA,TA,,,,0
util_781,781,1,TA,6,Typ,1,TA,Attchd,1995,Fin,2,402,TA,TA,,,,0
util_782,782,1,Gd,7,Typ,0,,Attchd,1992,RFn,2,484,TA,TA,,,,0
util_783,783,1,Gd,6,Typ,0,,Attchd,2001,RFn,2,605,TA,TA,,,,0
util_784,784,1,Gd,4,Typ,1,TA,Attchd,1978,Fin,2,602,TA,TA,,,,0
util_785,785,1,TA,9,Typ,1,Gd,,,,0,0,,,,,,0
util_786,786,1,TA,7,Typ,1,Gd,Attchd,1967,Unf,2,457,TA,TA,,,,0
util_787,787,1,TA,7,Typ,0,,Detchd,1961,Unf,1,416,TA,TA,,,Shed,1200
util_788,788,1,Gd,8,Typ,0,,BuiltIn,2004,RFn,2,618,TA,TA,,,,0
util_789,789,1,TA,4,Typ,0,,Detchd,1954,Unf,1,281,Fa,TA,,,,0
util_790,790,1,Gd,9,Typ,0,,Attchd,1966,Fin,2,444,TA,TA,,,,0
util_791,791,1,Gd,5,Typ,1,Gd,Attchd,2005,Fin,2,397,TA,TA,,,,0
util_792,792,1,TA,5,Typ,2,TA,Attchd,1976,RFn,2,539,TA,TA,,,,0
util_793,793,1,TA,8,Typ,1,TA,Attchd,1997,Unf,2,455,TA,TA,,,,0
util_794,794,1,Gd,7,Typ,0,,Attchd,2007,Fin,2,474,TA,TA,,,,0
util_795,795,1,Gd,7,Typ,1,TA,Attchd,1994,Fin,2,409,TA,TA,,,Shed,500
util_796,796,1,TA,7,Typ,1,TA,Attchd,1980,Unf,2,476,TA,TA,,MnPrv,,0
util_797,797,1,TA,7,Typ,1,TA,Attchd,1977,RFn,2,528,TA,TA,,MnPrv,,0
util_798,798,1,TA,4,Typ,0,,Attchd,1953,Unf,1,240,TA,TA,,,,0
util_799,799,1,Ex,11,Typ,2,Gd,BuiltIn,2009,Fin,3,820,TA,TA,,,,0
util_800,800,1,Gd,7,Typ,2,TA,Detchd,1939,Unf,1,240,TA,TA,,MnPrv,,0
util_801,801,1,Gd,8,Typ,0,,Attchd,1997,RFn,2,603,TA,TA,,,Shed,400
util_802,802,1,TA,5,Typ,0,,Detchd,1957,Unf,2,440,TA,TA,,,,0
util_803,803,1,Gd,7,Typ,1,Gd,Attchd,2005,Fin,2,410,TA,TA,,,,0
util_804,804,1,Ex,12,Typ,1,Gd,BuiltIn,2009,RFn,3,1020,TA,TA,,,,0
util_805,805,1,TA,5,Min1,0,,Attchd,1954,Unf,1,286,TA,TA,,GdWo,,0
util_806,806,1,Ex,6,Typ,0,,Attchd,2008,RFn,2,554,TA,TA,,,,0
util_807,807,1,TA,6,Typ,0,,Attchd,1967,Fin,1,384,TA,TA,,,,0
util_808,808,1,Gd,6,Typ,1,TA,Attchd,1923,RFn,2,528,TA,TA,,,,0
util_809,809,1,TA,6,Typ,1,Gd,Attchd,1966,RFn,2,484,TA,TA,,GdWo,,0
util_810,810,3,TA,11,Typ,0,,Detchd,1910,Unf,2,360,Fa,Po,,MnPrv,,0
util_811,811,1,Gd,5,Typ,1,Fa,Attchd,1974,RFn,2,484,TA,TA,Fa,GdPrv,,0
util_812,812,1,Gd,4,Typ,1,Gd,Attchd,2004,Fin,2,420,TA,TA,,,,0
util_813,813,1,Fa,4,Typ,0,,Basment,1952,Unf,2,504,TA,TA,,,Shed,54
util_814,814,1,TA,7,Typ,0,,Attchd,1958,RFn,1,301,TA,TA,,,Shed,500
util_815,815,1,Fa,7,Typ,0,,Detchd,1955,Unf,1,280,TA,TA,,,,0
util_816,816,1,Gd,6,Typ,0,,Attchd,1998,RFn,2,598,TA,TA,,,,0
util_817,817,1,TA,4,Typ,1,Gd,Attchd,1954,RFn,1,275,TA,TA,,,,0
util_818,818,1,Gd,7,Typ,2,Gd,Attchd,2002,RFn,3,857,TA,TA,,,,0
util_819,819,1,TA,6,Typ,0,,Attchd,1971,Unf,2,440,TA,TA,,MnPrv,,0
util_820,820,1,Gd,6,Typ,1,Gd,Attchd,2010,RFn,2,484,TA,TA,,,,0
util_821,821,1,Gd,6,Typ,0,,Attchd,2003,RFn,2,595,TA,TA,,,,0
util_822,822,1,TA,4,Min2,0,,Detchd,1974,Unf,2,576,TA,TA,,,,0
util_823,823,1,Gd,7,Typ,1,Gd,BuiltIn,2003,Fin,2,433,TA,TA,,,,0
util_824,824,1,TA,7,Typ,1,Gd,Detchd,1940,Unf,1,240,TA,TA,,GdWo,,0
util_825,825,1,Gd,7,Typ,1,Gd,Attchd,2006,RFn,2,776,TA,TA,,,,0
util_826,826,1,Ex,7,Typ,1,Gd,Attchd,2007,Fin,3,1220,TA,TA,,,,0
util_827,827,1,Gd,5,Typ,0,,,,,0,0,,,,,,0
util_828,828,1,Gd,6,Typ,1,TA,Attchd,2001,RFn,2,527,TA,TA,,,,0
util_829,829,1,TA,7,Min2,0,,Attchd,1967,Fin,2,538,TA,TA,,,,0
util_830,830,1,Gd,4,Typ,0,,Detchd,2005,RFn,2,480,TA,TA,,,,0
util_831,831,1,TA,6,Typ,2,Gd,Attchd,1957,RFn,2,458,TA,TA,,,,0
util_832,832,1,Gd,4,Typ,0,,Detchd,2005,RFn,2,480,TA,TA,,,,0
util_833,833,1,Gd,7,Typ,1,TA,Attchd,2003,RFn,2,613,TA,TA,,,,0
util_834,834,1,TA,6,Typ,0,,Attchd,1964,RFn,2,472,TA,TA,,,,0
util_835,835,1,TA,6,Typ,0,,Attchd,1961,Unf,2,456,TA,TA,,GdWo,,0
util_836,836,1,Gd,4,Min2,0,,Attchd,1996,Unf,2,436,TA,TA,,,,0
util_837,837,1,TA,5,Min2,0,,Detchd,1948,Unf,2,812,TA,TA,,GdWo,,0
util_838,838,1,TA,5,Typ,0,,Detchd,1973,Unf,1,264,TA,TA,,,,0
util_839,839,1,Gd,6,Typ,0,,Attchd,1999,Unf,1,352,TA,TA,,,,0
util_840,840,1,TA,6,Typ,0,,Detchd,1946,Unf,1,240,TA,TA,,,,0
util_841,841,1,Fa,7,Typ,0,,Detchd,1934,Unf,1,400,TA,TA,,,,0
util_842,842,1,Gd,8,Typ,1,Po,Detchd,1983,Unf,2,686,Gd,TA,,,,0
util_843,843,1,TA,6,Typ,0,,Attchd,1966,RFn,2,490,Gd,Gd,,GdPrv,,0
util_844,844,2,TA,10,Typ,0,,,,,0,0,,,,,,0
util_845,845,1,TA,7,Typ,1,Gd,Detchd,1949,Unf,3,720,TA,TA,,,,0
util_846,846,1,TA,6,Min2,2,TA,Basment,1975,Fin,2,611,TA,TA,,,,0
util_847,847,1,Gd,7,Typ,1,TA,Attchd,1993,Unf,2,425,TA,TA,,,,0
util_848,848,1,TA,5,Typ,1,Fa,Attchd,1972,Unf,1,338,TA,TA,,,,0
util_849,849,1,TA,10,Typ,1,Gd,Detchd,1908,Unf,2,360,Fa,TA,,,,0
util_850,850,1,TA,7,Typ,1,TA,Attchd,1976,RFn,2,512,TA,TA,,,,0
util_851,851,1,Gd,3,Typ,0,,Attchd,2003,Fin,2,420,TA,TA,,,,0
util_852,852,1,Gd,7,Typ,1,TA,Attchd,2003,Fin,2,400,TA,TA,,,,0
util_853,853,1,TA,7,Typ,2,Gd,Detchd,1941,Unf,1,240,TA,TA,,MnPrv,,0
util_854,854,1,TA,7,Typ,1,Fa,Attchd,1964,RFn,2,645,TA,TA,,MnPrv,,0
util_855,855,1,TA,6,Typ,1,Gd,Attchd,1955,Unf,2,454,TA,TA,,,,0
util_856,856,1,TA,6,Typ,0,,Detchd,1962,Unf,1,260,TA,TA,,,,0
util_857,857,1,TA,5,Typ,0,,Detchd,1981,Unf,2,576,TA,Fa,,MnPrv,,0
util_858,858,1,TA,6,Typ,1,TA,Attchd,1994,Fin,2,343,TA,TA,,,,0
util_859,859,1,TA,6,Typ,1,TA,Attchd,1976,RFn,2,479,TA,TA,,MnPrv,,0
util_860,860,1,Gd,9,Typ,1,Gd,Attchd,1968,Unf,2,619,TA,TA,,,,0
util_861,861,1,Gd,7,Typ,1,Gd,Detchd,1925,Unf,1,216,TA,TA,,GdPrv,,0
util_862,862,1,TA,6,Typ,0,,Attchd,1965,Unf,2,504,TA,TA,,,,0
util_863,863,1,TA,6,Typ,0,,Attchd,1986,Unf,2,480,TA,TA,,GdPrv,,0
util_864,864,1,TA,6,Typ,0,,Attchd,1959,Unf,1,672,TA,TA,,GdPrv,,0
util_865,865,1,Gd,6,Typ,0,,Attchd,2008,Fin,2,529,TA,TA,,,,0
util_866,866,1,TA,5,Typ,0,,Detchd,1973,Unf,2,902,TA,TA,,MnPrv,,0
util_867,867,1,Gd,6,Typ,1,Gd,Attchd,2007,RFn,3,870,TA,TA,,,,0
util_868,868,1,Fa,5,Typ,0,,Attchd,1961,RFn,2,544,TA,TA,,,Shed,400
util_869,869,1,TA,7,Typ,1,TA,Attchd,1979,Unf,2,672,TA,TA,,,,0
util_870,870,1,Gd,8,Typ,1,TA,Attchd,1993,Fin,2,574,TA,TA,,GdPrv,,0
util_871,871,1,TA,5,Typ,0,,Detchd,1962,Unf,1,308,TA,TA,,,,0
util_872,872,1,Gd,7,Typ,0,,Attchd,1998,RFn,2,523,TA,TA,,,,0
util_873,873,1,Gd,5,Typ,0,,Attchd,1953,Unf,2,414,TA,TA,,GdWo,,0
util_874,874,1,TA,6,Typ,1,Gd,Attchd,1949,Unf,1,288,TA,TA,,,Othr,0
util_875,875,1,TA,5,Typ,0,,Detchd,1941,Unf,1,200,TA,TA,,,,0
util_876,876,1,Ex,11,Typ,1,Gd,BuiltIn,2007,Fin,2,550,TA,TA,,,,0
util_877,877,1,TA,5,Typ,0,,Attchd,1963,Unf,2,648,TA,TA,,,,0
util_878,878,1,Ex,10,Typ,1,Gd,Attchd,2004,Fin,3,738,TA,TA,,,,0
util_879,879,1,Gd,6,Min2,0,,Detchd,1987,Unf,2,576,TA,TA,,MnPrv,Shed,400
util_880,880,1,TA,6,Typ,0,,Attchd,1978,Unf,1,336,TA,TA,,GdWo,,0
util_881,881,1,TA,5,Typ,0,,Attchd,2005,Fin,2,450,TA,TA,,,,0
util_882,882,1,Gd,7,Typ,1,TA,Attchd,1990,RFn,2,400,TA,TA,,,,0
util_883,883,1,TA,7,Typ,1,TA,BuiltIn,1993,RFn,2,389,TA,TA,,MnPrv,,0
util_884,884,1,TA,10,Typ,0,,Detchd,1997,Unf,1,440,TA,Gd,,,,0
util_885,885,1,TA,5,Typ,0,,Attchd,1967,RFn,1,288,TA,TA,,GdWo,,0
util_886,886,1,Gd,5,Typ,1,TA,Attchd,1999,Fin,2,506,TA,TA,,,,0
util_887,887,2,TA,8,Typ,0,,Attchd,2005,Fin,2,588,TA,TA,,,,0
util_888,888,1,TA,8,Typ,0,,Attchd,1955,Unf,1,300,TA,TA,,,,0
util_889,889,1,Gd,8,Typ,1,TA,Attchd,1970,Unf,2,621,TA,TA,,,,0
util_890,890,1,TA,6,Typ,1,TA,Attchd,1953,RFn,2,505,TA,TA,,,,0
util_891,891,1,TA,6,Typ,1,Po,Detchd,2003,Unf,2,576,TA,TA,,MnPrv,Shed,2000
util_892,892,1,TA,7,Typ,1,TA,Attchd,1978,RFn,2,440,TA,TA,,,,0
util_893,893,1,TA,6,Typ,0,,Attchd,1963,RFn,1,264,TA,TA,,MnPrv,,0
util_894,894,1,TA,6,Typ,1,Gd,Attchd,1954,Unf,1,354,TA,TA,,GdPrv,,0
util_895,895,2,TA,8,Typ,0,,Attchd,1979,Unf,2,400,TA,TA,,,,0
util_896,896,1,TA,8,Typ,1,TA,Attchd,1963,RFn,2,483,TA,TA,,,,0
util_897,897,1,TA,6,Typ,0,,Detchd,1936,Unf,1,327,TA,TA,,,,0
util_898,898,2,TA,12,Typ,0,,Detchd,1979,Unf,2,528,TA,TA,,,,0
util_899,899,1,Ex,11,Typ,2,Gd,Attchd,2009,Fin,3,820,TA,TA,,,,0
util_900,900,1,TA,6,Typ,1,TA,Attchd,1961,Unf,1,288,TA,TA,,,,0
util_901,901,1,TA,4,Typ,0,,Detchd,1979,Unf,1,684,TA,TA,,,,0
util_902,902,1,TA,5,Typ,0,,Detchd,1968,Unf,1,756,TA,TA,,,,0
util_903,903,1,Gd,8,Typ,1,Gd,Attchd,2003,Fin,2,393,TA,TA,,,,0
util_904,904,1,Gd,7,Typ,1,Gd,Attchd,2006,RFn,3,690,TA,TA,,,,0
util_905,905,1,TA,6,Typ,0,,Attchd,1967,Unf,1,288,TA,TA,,MnPrv,,0
util_906,906,1,TA,6,Typ,0,,Attchd,1954,RFn,1,280,TA,TA,,MnPrv,,0
util_907,907,1,Gd,8,Typ,1,Gd,Attchd,2006,RFn,3,865,TA,TA,,,,0
util_908,908,1,Gd,6,Typ,1,Gd,Attchd,1936,Fin,1,180,Fa,TA,,,,0
util_909,909,1,TA,5,Typ,0,,Attchd,1983,Unf,2,484,TA,TA,,MnPrv,,0
util_910,910,1,Gd,8,Typ,1,Gd,Attchd,2005,Fin,2,390,TA,TA,,,,0
util_911,911,2,TA,12,Typ,0,,Detchd,1960,Unf,2,480,TA,TA,,,,0
util_912,912,1,Gd,5,Typ,0,,Detchd,1978,Unf,1,252,TA,TA,,,,0
util_913,913,1,TA,6,Min1,0,,Detchd,1925,Unf,1,450,TA,TA,,MnPrv,Shed,620
util_914,914,2,TA,8,Typ,0,,2Types,1949,Unf,3,871,TA,TA,,,,0
util_915,915,1,Gd,4,Typ,0,,Detchd,2009,RFn,2,528,TA,TA,,,,0
util_916,916,1,TA,6,Typ,0,,Attchd,1970,Unf,1,286,TA,TA,,,,0
util_917,917,1,TA,4,Typ,0,,Detchd,1958,Unf,1,308,TA,TA,,,,0
util_918,918,1,TA,6,Typ,0,,Attchd,1956,RFn,1,284,TA,TA,,,,0
util_919,919,1,Gd,8,Typ,1,TA,Attchd,1991,RFn,3,833,TA,TA,,GdPrv,,0
util_920,920,1,TA,6,Min1,1,TA,Attchd,1990,Unf,2,601,TA,TA,,,,0
util_921,921,1,Gd,7,Typ,0,,Attchd,1994,RFn,2,471,TA,TA,,,,0
util_922,922,2,TA,9,Typ,0,,,,,0,0,,,,GdPrv,,0
util_923,923,1,Gd,6,Typ,1,Gd,Attchd,2005,Fin,2,397,TA,TA,,,,0
util_924,924,1,Gd,5,Typ,1,Fa,Attchd,1993,RFn,2,533,TA,TA,,,,0
util_925,925,1,TA,7,Typ,1,TA,Attchd,1980,Unf,2,612,TA,TA,,,,0
util_926,926,1,Ex,6,Typ,0,,Attchd,1977,RFn,2,540,TA,TA,,,,0
util_927,927,1,Ex,10,Typ,1,Gd,BuiltIn,2003,Fin,3,656,TA,TA,,,,0
util_928,928,1,TA,9,Typ,1,Gd,Attchd,1968,RFn,2,486,TA,TA,,GdPrv,,0
util_929,929,1,Ex,7,Typ,1,TA,Attchd,2001,RFn,2,522,TA,TA,,,,0
util_930,930,1,Gd,8,Typ,1,TA,BuiltIn,1997,Fin,2,642,TA,TA,,,,0
util_931,931,1,Gd,7,Typ,0,,Attchd,2007,Fin,3,610,TA,TA,,,,0
util_932,932,1,TA,5,Typ,0,,Detchd,1965,Unf,1,429,TA,TA,,GdWo,,0
util_933,933,1,Ex,8,Typ,1,Gd,Attchd,2006,Fin,3,788,TA,TA,,,,0
util_934,934,1,Gd,6,Typ,0,,Attchd,2004,RFn,2,570,TA,TA,,,,0
util_935,935,1,Gd,9,Typ,1,Gd,Attchd,1960,RFn,2,505,TA,TA,,,,0
util_936,936,1,TA,5,Typ,0,,Detchd,1953,Unf,2,528,TA,TA,,,,0
util_937,937,1,Gd,5,Typ,0,,Attchd,2003,RFn,2,555,TA,TA,,,,0
util_938,938,1,Gd,8,Typ,1,Gd,Attchd,2005,RFn,2,689,TA,TA,,,,0
util_939,939,1,Gd,7,Typ,0,,Attchd,2006,RFn,3,868,TA,TA,,,,0
util_940,940,1,TA,10,Typ,2,TA,Attchd,1940,Unf,1,349,TA,TA,,,,0
util_941,941,2,TA,8,Typ,0,,Attchd,1976,Unf,2,574,TA,TA,,,,0
util_942,942,1,Gd,8,Typ,1,TA,BuiltIn,1999,RFn,2,390,TA,TA,,GdPrv,,0
util_943,943,2,TA,8,Typ,0,,,,,0,0,,,,,,0
util_944,944,2,TA,8,Typ,0,,Attchd,1967,Unf,2,576,TA,TA,,,,0
util_945,945,1,Gd,7,Typ,1,Gd,Basment,1958,RFn,2,525,TA,TA,,,,0
util_946,946,1,TA,7,Typ,0,,Detchd,1963,Unf,2,456,TA,TA,,MnWw,,0
util_947,947,1,TA,6,Typ,1,TA,Attchd,1959,RFn,1,796,TA,TA,,,,0
util_948,948,1,Gd,9,Typ,1,Gd,Attchd,2002,Fin,3,808,TA,TA,,,,0
util_949,949,1,Gd,7,Typ,1,TA,Attchd,2002,RFn,2,474,TA,TA,,,,0
util_950,950,1,Gd,5,Typ,1,TA,Attchd,1972,RFn,2,676,TA,TA,,,,0
util_951,951,1,Gd,5,Typ,0,,Detchd,1980,RFn,2,720,TA,TA,,,,0
util_952,952,1,TA,6,Typ,0,,Detchd,1979,Unf,1,300,TA,TA,,MnPrv,,0
util_953,953,1,TA,5,Typ,0,,Detchd,1974,Fin,1,396,TA,TA,,MnPrv,,0
util_954,954,1,TA,7,Min2,1,Po,Attchd,1969,RFn,2,530,TA,TA,,MnPrv,Shed,400
util_955,955,0,TA,4,Typ,0,,,,,0,0,,,,,,0
util_956,956,2,TA,8,Typ,0,,Attchd,1946,Unf,2,492,TA,TA,,,,0
util_957,957,1,TA,5,Typ,1,TA,Attchd,1980,Fin,2,462,TA,TA,,GdPrv,,0
util_958,958,1,TA,6,Typ,0,,Detchd,1977,Fin,2,576,TA,TA,,,,0
util_959,959,1,Gd,6,Typ,0,,Attchd,2003,RFn,2,531,TA,TA,,,,0
util_960,960,1,Gd,6,Typ,0,,Detchd,1999,Unf,2,484,TA,TA,,,,0
util_961,961,1,TA,4,Typ,0,,,,,0,0,,,,,,0
util_962,962,1,TA,11,Typ,1,TA,Attchd,1977,Fin,2,619,TA,TA,,,,0
util_963,963,1,Gd,7,Typ,1,TA,Detchd,1976,Unf,2,440,TA,TA,,,,0
util_964,964,1,Ex,7,Typ,0,,Attchd,2007,Fin,2,702,TA,TA,,,,0
util_965,965,1,Gd,8,Typ,1,Gd,BuiltIn,2002,Fin,2,510,TA,TA,,,,0
util_966,966,1,Gd,8,Typ,1,Gd,Attchd,2005,Fin,2,393,TA,TA,,,,0
util_967,967,1,TA,7,Min2,2,TA,Detchd,1940,Unf,1,256,TA,TA,,,,0
util_968,968,1,TA,6,Typ,0,,Attchd,1955,Unf,1,260,TA,TA,,,,0
util_969,969,1,TA,6,Typ,0,,,,,0,0,,,,GdWo,,0
util_970,970,1,TA,6,Typ,0,,Attchd,1958,RFn,1,264,TA,TA,,,,0
util_971,971,1,TA,6,Typ,0,,,,,0,0,,,,,,0
util_972,972,1,Gd,6,Typ,0,,BuiltIn,2003,RFn,2,474,TA,TA,,,,0
util_973,973,1,TA,5,Typ,1,TA,Attchd,1979,Unf,1,264,TA,TA,,,,0
util_974,974,1,Gd,6,Typ,0,,Attchd,2007,Fin,2,480,TA,TA,,,,0
util_975,975,1,Gd,8,Typ,0,,Detchd,1997,Unf,2,532,TA,TA,,GdPrv,,0
util_976,976,1,Gd,6,Typ,0,,Detchd,2000,Unf,2,490,TA,TA,,,,0
util_977,977,1,Fa,4,Typ,0,,,,,0,0,,,,,,0
util_978,978,1,Gd,4,Typ,0,,Attchd,2007,Fin,2,569,TA,TA,,,,0
util_979,979,1,TA,5,Typ,0,,Detchd,1999,Unf,2,400,TA,TA,,,,0
util_980,980,1,TA,5,Typ,0,,Detchd,1963,Unf,2,480,TA,TA,,MnPrv,,0
util_981,981,1,Ex,6,Typ,0,,Attchd,1961,RFn,2,588,TA,TA,,,,0
util_982,982,1,Gd,8,Typ,1,TA,Attchd,1998,Fin,3,676,TA,TA,,,,0
util_983,983,1,Gd,6,Typ,1,Gd,Attchd,2007,Fin,2,388,TA,TA,,,,0
util_984,984,1,Gd,9,Typ,1,Gd,Attchd,2002,Unf,2,779,TA,TA,,,,0
util_985,985,2,Gd,8,Typ,0,,Attchd,1977,Unf,2,539,TA,TA,,,,0
util_986,986,1,TA,5,Typ,0,,Detchd,1950,Unf,1,240,TA,TA,,,,0
util_987,987,1,Gd,5,Typ,0,,Attchd,1950,Unf,1,255,Fa,TA,,,,0
util_988,988,1,Ex,8,Typ,1,Gd,Attchd,2010,Fin,3,606,TA,TA,,,,0
util_989,989,1,Gd,8,Typ,1,TA,Attchd,1976,Fin,2,551,TA,TA,,,,0
util_990,990,1,Gd,6,Typ,0,,Attchd,2006,RFn,2,614,TA,TA,,,,0
util_991,991,1,Gd,7,Typ,1,TA,Attchd,1997,Fin,3,870,TA,TA,,,,0
util_992,992,1,Gd,8,Typ,1,Gd,Attchd,1925,Unf,2,424,TA,TA,,,,0
util_993,993,1,Gd,7,Typ,1,Fa,Attchd,1964,RFn,2,440,TA,TA,,MnWw,,0
util_994,994,1,Gd,6,Typ,0,,Attchd,2005,RFn,2,564,TA,TA,,,,0
util_995,995,1,Ex,7,Typ,1,Gd,Attchd,2008,Fin,3,786,TA,TA,,,,0
util_996,996,1,TA,5,Typ,0,,Detchd,1946,Unf,1,305,TA,TA,,MnPrv,,0
util_997,997,1,TA,6,Typ,0,,Attchd,1961,Unf,1,368,TA,TA,,,,0
util_998,998,1,TA,6,Typ,1,TA,Attchd,1970,RFn,2,615,TA,TA,,,,0
util_999,999,1,TA,6,Typ,1,Gd,Detchd,1922,Unf,1,210,TA,Fa,,,,0
util_1000,1000,1,Gd,6,Typ,0,,Attchd,2006,RFn,2,632,TA,TA,,,,0
util_1001,1001,1,Fa,4,Min1,0,,Detchd,1956,Unf,2,528,TA,Fa,,,,0
util_1002,1002,1,Ex,4,Typ,0,,Detchd,1920,Unf,1,216,Fa,TA,,,,0
util_1003,1003,1,Gd,7,Typ,1,Gd,Attchd,2006,RFn,3,824,TA,TA,,,,0
util_1004,1004,2,TA,8,Typ,0,,Detchd,1976,Unf,2,528,TA,TA,,,,0
util_1005,1005,1,Gd,7,Typ,1,Gd,Attchd,2005,Fin,2,457,TA,TA,,,,0
util_1006,1006,1,TA,6,Typ,0,,Attchd,1977,Unf,1,328,TA,TA,,,,0
util_1007,1007,1,TA,7,Typ,1,TA,Attchd,1970,Unf,2,484,TA,TA,,,,0
util_1008,1008,1,TA,6,Typ,0,,Attchd,1970,RFn,1,286,TA,TA,,,,0
util_1009,1009,1,Gd,7,Typ,1,Gd,Attchd,2004,Fin,2,550,TA,TA,,,,0
util_1010,1010,1,TA,7,Typ,0,,,,,0,0,,,,,,0
util_1011,1011,1,TA,7,Typ,1,Gd,Attchd,1948,Unf,1,312,TA,TA,,,,0
util_1012,1012,2,TA,8,Typ,0,,,,,0,0,,,,,,0
util_1013,1013,1,Gd,7,Typ,2,TA,Detchd,1923,Unf,1,180,TA,TA,,,,0
util_1014,1014,1,TA,4,Maj2,0,,Detchd,1956,Unf,1,280,TA,TA,,,,0
util_1015,1015,1,TA,5,Typ,1,Gd,Detchd,1948,Unf,1,240,TA,TA,,,,0
util_1016,1016,1,Gd,6,Typ,0,,Attchd,2001,Fin,2,528,TA,TA,,,,0
util_1017,1017,1,Gd,6,Typ,1,TA,Attchd,1996,Fin,2,478,TA,TA,,,,0
util_1018,1018,1,Gd,4,Typ,1,Ex,Attchd,1984,RFn,2,565,TA,TA,,,,0
util_1019,1019,1,Gd,7,Typ,1,TA,Attchd,1991,RFn,2,402,TA,TA,,,,0
util_1020,1020,1,Gd,6,Typ,1,Gd,Attchd,2005,Fin,2,440,TA,TA,,,,0
util_1021,1021,1,Gd,5,Typ,0,,Attchd,2005,Fin,2,451,TA,TA,,,,0
util_1022,1022,1,Gd,6,Typ,0,,Attchd,2006,RFn,2,632,TA,TA,,,,0
util_1023,1023,1,TA,6,Typ,0,,Detchd,1957,Unf,1,160,Fa,Fa,,,,0
util_1024,1024,1,Gd,7,Typ,1,Gd,Attchd,2005,Fin,2,437,TA,TA,,,,0
util_1025,1025,1,Gd,10,Typ,1,Gd,Attchd,1976,Fin,2,665,TA,TA,,,,0
util_1026,1026,1,TA,5,Typ,0,,Detchd,1980,Unf,2,461,TA,TA,,MnPrv,,0
util_1027,1027,1,TA,6,Typ,2,Gd,Attchd,1960,Unf,2,461,TA,TA,,,,0
util_1028,1028,1,Gd,7,Typ,1,Gd,Attchd,2008,RFn,3,800,TA,TA,,,,0
util_1029,1029,1,TA,6,Typ,1,Gd,Attchd,1941,Unf,1,240,TA,TA,,,,0
util_1030,1030,1,TA,7,Typ,0,,Detchd,1972,Unf,1,264,TA,TA,,,,0
util_1031,1031,2,TA,10,Typ,0,,,,,0,0,,,,,,0
util_1032,1032,1,TA,12,Typ,2,TA,Basment,1970,Fin,2,672,TA,TA,,,,0
util_1033,1033,1,Gd,10,Typ,1,TA,Attchd,1993,RFn,3,796,TA,TA,,,,0
util_1034,1034,1,Gd,6,Typ,0,,Attchd,2002,Unf,3,900,TA,TA,,,,0
util_1035,1035,1,Fa,5,Typ,1,Gd,Basment,1938,Unf,1,240,Fa,TA,,MnPrv,,0
util_1036,1036,1,TA,5,Typ,0,,Detchd,1957,Unf,1,290,TA,TA,,,,0
util_1037,1037,1,Ex,6,Typ,1,Ex,Attchd,2008,Fin,3,912,TA,TA,,,,0
util_1038,1038,1,Gd,7,Typ,1,TA,BuiltIn,2001,Fin,2,905,TA,TA,,,,0
util_1039,1039,1,TA,6,Typ,1,TA,,,,0,0,,,,,,0
util_1040,1040,1,TA,3,Typ,0,,Attchd,1970,Unf,1,286,TA,TA,,,,0
util_1041,1041,1,TA,8,Maj1,1,TA,Attchd,1957,RFn,2,484,TA,TA,,GdPrv,,0
util_1042,1042,1,Gd,7,Typ,0,,Attchd,1966,Unf,2,484,TA,TA,,,,0
util_1043,1043,1,Gd,5,Typ,1,Gd,Attchd,2005,RFn,2,624,TA,TA,,,,0
util_1044,1044,1,Gd,10,Typ,1,Ex,Attchd,1990,Unf,2,514,TA,TA,,,,0
util_1045,1045,1,Gd,9,Typ,1,Gd,Attchd,1981,Fin,2,542,TA,TA,,MnPrv,,0
util_1046,1046,1,TA,8,Min2,1,Gd,Attchd,1955,Unf,2,452,TA,TA,,,,0
util_1047,1047,1,Ex,11,Typ,1,Gd,BuiltIn,2005,Fin,3,716,TA,TA,,,,0
util_1048,1048,1,TA,5,Typ,0,,Detchd,1996,Unf,2,672,TA,TA,,,,0
util_1049,1049,1,TA,9,Min1,1,TA,Attchd,1960,Unf,2,336,TA,TA,,GdPrv,,0
util_1050,1050,1,Gd,6,Typ,0,,Detchd,1946,Unf,1,308,TA,TA,,,,0
util_1051,1051,1,Gd,6,Typ,0,,Attchd,2007,Fin,2,436,TA,TA,,,,0
util_1052,1052,1,Gd,6,Typ,1,Gd,Attchd,2007,Fin,2,440,TA,TA,,,,0
util_1053,1053,1,TA,9,Typ,1,TA,Attchd,1964,RFn,2,540,TA,TA,,GdPrv,,0
util_1054,1054,1,TA,7,Min2,1,Gd,Basment,1957,Unf,1,364,TA,TA,,,,0
util_1055,1055,1,Gd,7,Typ,1,Gd,Attchd,2002,Fin,2,586,TA,TA,,,,0
util_1056,1056,1,TA,7,Typ,1,TA,Attchd,1976,Fin,2,478,TA,TA,,MnPrv,,0
util_1057,1057,1,Gd,6,Typ,1,Gd,Attchd,2005,RFn,2,484,TA,TA,,,,0
util_1058,1058,1,Gd,7,Typ,1,Gd,BuiltIn,1994,Fin,2,467,TA,TA,,,,0
util_1059,1059,1,Ex,10,Typ,1,Gd,Attchd,2008,Fin,3,836,TA,TA,,,,0
util_1060,1060,1,TA,7,Typ,1,Gd,Detchd,1977,Unf,2,432,TA,Fa,,,,0
util_1061,1061,1,Gd,6,Typ,0,,Attchd,2001,Fin,2,582,TA,TA,,,,0
util_1062,1062,1,TA,6,Typ,0,,Detchd,1994,RFn,3,1248,TA,TA,,,Shed,560
util_1063,1063,2,TA,10,Min2,0,,Detchd,1945,Unf,2,560,TA,TA,,,,0
util_1064,1064,1,Gd,5,Typ,1,Gd,Detchd,1976,Unf,2,440,TA,TA,,MnPrv,,0
util_1065,1065,1,TA,6,Typ,1,Po,Attchd,1966,RFn,2,480,TA,TA,,MnPrv,,0
util_1066,1066,1,Gd,7,Typ,0,,Attchd,1996,RFn,2,533,TA,TA,,,,0
util_1067,1067,1,TA,7,Typ,1,TA,Attchd,1993,RFn,2,380,TA,TA,,,,0
util_1068,1068,1,TA,7,Typ,0,,Attchd,1964,RFn,2,442,TA,TA,,,,0
util_1069,1069,1,TA,10,Maj1,1,Gd,Attchd,1973,Fin,2,576,TA,TA,,GdPrv,,0
util_1070,1070,1,Gd,4,Typ,0,,Detchd,1985,Unf,2,576,TA,TA,,,,0
util_1071,1071,1,TA,6,Typ,0,,Attchd,1956,Unf,1,286,TA,TA,,,,0
util_1072,1072,1,TA,8,Typ,0,,Attchd,1968,Unf,2,441,TA,TA,,,,0
util_1073,1073,1,TA,7,Typ,1,TA,Detchd,1954,Unf,1,280,TA,TA,,,,0
util_1074,1074,1,TA,6,Typ,0,,Attchd,1977,Fin,2,440,TA,TA,,MnPrv,,0
util_1075,1075,1,Gd,5,Typ,0,,Attchd,2006,RFn,3,826,TA,TA,,,,0
util_1076,1076,1,TA,6,Typ,2,Gd,Attchd,1940,Unf,1,240,TA,TA,,,,0
util_1077,1077,1,Gd,7,Min1,1,TA,Attchd,1950,Unf,2,566,TA,TA,,,Shed,500
util_1078,1078,1,TA,6,Typ,0,,Attchd,1969,Fin,1,299,TA,TA,,,,0
util_1079,1079,1,Gd,3,Typ,1,Gd,Attchd,2004,RFn,2,420,TA,TA,,,,0
util_1080,1080,1,TA,5,Typ,0,,Attchd,1996,Unf,1,299,TA,TA,,,,0
util_1081,1081,1,Gd,5,Typ,0,,Attchd,1971,RFn,2,528,TA,TA,,,,0
util_1082,1082,1,TA,5,Typ,0,,Attchd,1963,Fin,1,308,TA,TA,,MnPrv,,0
util_1083,1083,1,Gd,6,Typ,1,Gd,Attchd,2002,RFn,2,527,TA,TA,,,,0
util_1084,1084,1,TA,6,Typ,2,Gd,Attchd,1964,RFn,1,461,TA,TA,,MnPrv,Shed,700
util_1085,1085,1,TA,6,Typ,1,TA,Attchd,1995,Fin,2,409,TA,TA,,,,0
util_1086,1086,1,Gd,5,Typ,0,,Attchd,1992,Unf,2,564,TA,TA,,,,0
util_1087,1087,1,TA,6,Typ,0,,Attchd,1973,RFn,1,286,TA,TA,,,,0
util_1088,1088,1,Gd,9,Typ,1,Gd,Attchd,2005,RFn,3,1043,TA,TA,,,,0
util_1089,1089,1,Gd,7,Maj1,0,,Detchd,2004,Unf,2,380,TA,TA,,,,0
util_1090,1090,1,Gd,4,Typ,1,Gd,Attchd,2005,Fin,2,550,TA,TA,,,,0
util_1091,1091,2,TA,6,Typ,0,,Detchd,1987,Unf,2,400,TA,TA,,,,0
util_1092,1092,1,Gd,4,Typ,0,,Detchd,1999,Unf,2,462,TA,TA,,,,0
util_1093,1093,1,TA,7,Typ,1,Gd,Detchd,1925,Unf,2,576,TA,TA,,,,0
util_1094,1094,1,Gd,6,Typ,0,,Detchd,1977,Unf,2,884,TA,TA,,MnPrv,,0
util_1095,1095,1,TA,4,Typ,0,,Attchd,1956,Fin,1,308,TA,TA,,,,0
util_1096,1096,1,Gd,6,Typ,1,Gd,Attchd,2006,RFn,2,440,TA,TA,,,,0
util_1097,1097,1,Gd,7,Typ,0,,,,,0,0,,,,,,0
util_1098,1098,1,Gd,5,Typ,0,,Attchd,1987,RFn,2,461,TA,TA,,,,0
util_1099,1099,1,TA,6,Typ,0,,Detchd,1936,Unf,1,240,TA,TA,,,,0
util_1100,1100,1,TA,7,Typ,1,TA,Attchd,1978,RFn,2,478,TA,TA,,,,0
util_1101,1101,1,Fa,3,Typ,0,,Detchd,1930,Unf,1,246,TA,TA,,,,0
util_1102,1102,1,TA,5,Typ,0,,Detchd,1981,Unf,1,280,TA,TA,,,,0
util_1103,1103,1,TA,6,Typ,0,,Attchd,1960,RFn,1,254,TA,TA,,MnWw,,0
util_1104,1104,1,TA,6,Typ,1,Fa,BuiltIn,1954,Fin,2,539,TA,TA,,,,0
util_1105,1105,1,TA,6,Typ,0,,Detchd,1970,Unf,2,440,TA,TA,,,,0
util_1106,1106,1,Gd,9,Typ,2,TA,Attchd,1994,RFn,2,712,TA,TA,,,,0
util_1107,1107,1,Gd,6,Typ,1,TA,Attchd,1990,Fin,2,719,TA,TA,,,,0
util_1108,1108,1,Gd,9,Typ,1,Gd,BuiltIn,2006,RFn,2,422,TA,TA,,,,0
util_1109,1109,1,TA,7,Typ,1,TA,Attchd,2000,RFn,2,463,TA,TA,,,,0
util_1110,1110,1,Gd,7,Typ,1,Gd,Attchd,2004,Fin,3,862,TA,TA,,,,0
util_1111,1111,1,TA,8,Typ,1,TA,Attchd,1995,Fin,2,431,TA,TA,,,,0
util_1112,1112,1,TA,8,Typ,1,Gd,Attchd,1976,RFn,2,483,TA,TA,,,,0
util_1113,1113,1,TA,5,Typ,0,,Detchd,1957,Unf,1,308,TA,TA,,,,0
util_1114,1114,1,Gd,6,Typ,0,,Attchd,1953,Unf,1,240,TA,TA,,,,0
util_1115,1115,1,Gd,4,Typ,0,,Detchd,1955,Unf,1,326,TA,TA,,MnPrv,,0
util_1116,1116,1,Ex,7,Typ,1,Gd,Attchd,2007,RFn,3,928,TA,TA,,,,0
util_1117,1117,1,Gd,7,Typ,1,TA,BuiltIn,2002,Fin,2,527,TA,TA,,,,0
util_1118,1118,1,Gd,5,Typ,0,,Attchd,1967,RFn,2,450,TA,TA,,,,0
util_1119,1119,1,TA,6,Min2,0,,BuiltIn,1958,RFn,1,300,TA,TA,,,,0
util_1120,1120,1,TA,6,Typ,0,,Attchd,1959,RFn,1,286,TA,TA,,GdWo,,0
util_1121,1121,1,TA,6,Typ,1,Gd,Detchd,1920,Unf,1,308,TA,TA,,MnPrv,,0
util_1122,1122,1,Gd,7,Typ,0,,Attchd,2005,RFn,3,782,TA,TA,,,,0
util_1123,1123,1,TA,5,Typ,0,,Basment,1956,Unf,1,288,TA,TA,,MnPrv,,0
util_1124,1124,1,TA,4,Typ,0,,,,,0,0,,,,,,0
util_1125,1125,1,Gd,7,Typ,1,TA,Attchd,1992,Fin,2,392,TA,TA,,,,0
util_1126,1126,1,Fa,5,Typ,1,TA,Detchd,1977,Unf,2,672,Fa,Fa,,,,0
util_1127,1127,1,Gd,7,Typ,1,TA,Attchd,2007,Fin,3,660,TA,TA,,,,0
util_1128,1128,1,Gd,7,Typ,1,Gd,Attchd,2004,Fin,3,630,TA,TA,,,,0
util_1129,1129,1,Gd,8,Typ,1,Gd,BuiltIn,2004,Fin,2,434,TA,TA,,,,0
util_1130,1130,1,TA,4,Typ,0,,Detchd,1980,Unf,2,672,TA,TA,,,,0
util_1131,1131,1,Gd,7,Min2,2,TA,Detchd,1981,Unf,2,576,TA,TA,,MnPrv,,0
util_1132,1132,1,TA,5,Typ,0,,,,,0,0,,,,MnPrv,,0
util_1133,1133,1,Fa,8,Typ,0,,Detchd,1930,Unf,1,205,Fa,TA,,,,0
util_1134,1134,1,Gd,8,Typ,1,TA,Attchd,1995,RFn,2,466,TA,TA,,,,0
util_1135,1135,1,TA,7,Typ,1,TA,Attchd,1997,Fin,2,460,TA,TA,,,,0
util_1136,1136,1,TA,5,Typ,1,Gd,Detchd,1926,Unf,1,180,TA,TA,,,,0
util_1137,1137,1,TA,6,Typ,0,,Attchd,1950,Unf,1,288,TA,TA,,,,0
util_1138,1138,1,TA,6,Typ,0,,,,,0,0,,,,,,0
util_1139,1139,1,Gd,5,Typ,2,TA,Attchd,1977,RFn,2,714,TA,TA,,,,0
util_1140,1140,1,TA,6,Maj1,1,Gd,Detchd,1972,Unf,2,495,TA,TA,,,,0
util_1141,1141,1,TA,4,Typ,0,,Detchd,1988,Unf,2,840,TA,TA,,,,0
util_1142,1142,1,Gd,9,Typ,1,TA,Attchd,1976,Unf,2,484,TA,TA,,,,0
util_1143,1143,1,Gd,11,Typ,1,TA,BuiltIn,2006,RFn,3,1052,TA,TA,,,,0
util_1144,1144,1,TA,5,Typ,0,,,,,0,0,,,,,,0
util_1145,1145,1,Fa,5,Typ,0,,Detchd,1941,Unf,1,280,TA,TA,,MnPrv,,0
util_1146,1146,1,TA,8,Typ,1,Gd,Detchd,1928,Unf,1,225,TA,TA,,,,0
util_1147,1147,1,Gd,5,Typ,1,TA,Attchd,1985,Unf,2,403,TA,TA,,,,0
util_1148,1148,1,Fa,7,Typ,1,Gd,Attchd,1941,Unf,1,234,TA,TA,,,,0
util_1149,1149,1,TA,5,Typ,1,Gd,Detchd,1982,Unf,1,288,TA,TA,,,,0
util_1150,1150,1,TA,7,Typ,0,,Detchd,1930,Unf,2,324,TA,TA,,,,0
util_1151,1151,1,Gd,4,Typ,1,Gd,Attchd,1950,Unf,1,306,TA,TA,,GdPrv,,0
util_1152,1152,1,Fa,6,Typ,2,Gd,Attchd,1959,Fin,2,528,TA,TA,,,,0
util_1153,1153,1,Ex,6,Typ,1,Gd,Attchd,1956,Fin,2,470,TA,TA,,,,0
util_1154,1154,1,TA,5,Typ,0,,Detchd,2002,Unf,1,432,TA,TA,,,,0
util_1155,1155,1,Gd,8,Typ,2,Gd,Attchd,1965,Unf,2,492,TA,TA,,GdPrv,,0
util_1156,1156,1,Gd,6,Typ,1,Fa,Attchd,1976,RFn,2,528,TA,TA,,,,0
util_1157,1157,1,Gd,6,Typ,1,Gd,Attchd,1965,RFn,2,502,TA,TA,,MnPrv,,0
util_1158,1158,1,Gd,6,Typ,1,Gd,Attchd,2008,RFn,2,626,TA,TA,,,,0
util_1159,1159,1,Gd,7,Typ,0,,Attchd,2008,RFn,3,830,TA,TA,,,,0
util_1160,1160,1,Gd,8,Typ,1,TA,Attchd,1974,RFn,2,540,Gd,TA,,,,0
util_1161,1161,1,TA,7,Typ,1,TA,Attchd,1978,Unf,2,440,TA,TA,,,,0
util_1162,1162,1,Gd,7,Typ,1,Gd,Detchd,1993,Unf,2,924,TA,TA,,,,0
util_1163,1163,1,TA,5,Typ,1,Po,Attchd,1968,Fin,2,450,TA,TA,,,,0
util_1164,1164,2,TA,6,Typ,0,,CarPort,1969,Unf,2,400,Fa,TA,,,,0
util_1165,1165,1,Gd,5,Typ,1,TA,Attchd,1978,Unf,2,588,TA,TA,,,,0
util_1166,1166,1,Gd,7,Typ,0,,Attchd,2009,RFn,2,644,TA,TA,,,,0
util_1167,1167,1,Gd,7,Typ,0,,Attchd,2008,RFn,3,776,TA,TA,,,,0
util_1168,1168,1,TA,7,Typ,1,TA,Attchd,2000,Fin,2,472,TA,TA,,,,0
util_1169,1169,1,Gd,7,Typ,2,TA,Basment,1935,Unf,2,540,TA,TA,,,,0
util_1170,1170,1,Gd,10,Typ,1,TA,Attchd,1995,Fin,3,807,TA,TA,,,,0
util_1171,1171,1,TA,6,Typ,1,Po,Attchd,1977,Fin,1,358,TA,TA,Gd,GdPrv,,0
util_1172,1172,1,TA,6,Typ,1,TA,Attchd,1958,RFn,2,433,TA,TA,,,Shed,1400
util_1173,1173,1,Gd,5,Typ,0,,Detchd,2006,Fin,2,625,TA,TA,,,,0
util_1174,1174,1,Ex,12,Maj1,1,Gd,,,,0,0,,,,MnPrv,,0
util_1175,1175,1,TA,9,Typ,1,Gd,Detchd,1932,Unf,2,360,TA,TA,,,,0
util_1176,1176,1,Gd,9,Typ,1,TA,Attchd,1992,Fin,2,541,TA,TA,,,,0
util_1177,1177,1,TA,5,Typ,0,,Attchd,1984,Unf,1,264,TA,TA,,MnPrv,,0
util_1178,1178,1,TA,5,Typ,0,,Detchd,1926,Unf,1,210,TA,TA,,,,0
util_1179,1179,1,TA,7,Typ,1,Gd,Detchd,1921,Unf,1,186,Fa,TA,,,,0
util_1180,1180,1,TA,5,Min2,1,Gd,,,,0,0,,,,,,0
util_1181,1181,1,TA,8,Typ,0,,Attchd,1990,Fin,2,693,TA,TA,,GdPrv,,0
util_1182,1182,1,Gd,5,Typ,1,Gd,Attchd,2008,Fin,2,482,TA,TA,,,,0
util_1183,1183,1,Ex,10,Typ,2,TA,Attchd,1996,Fin,3,813,TA,TA,Ex,MnPrv,,0
util_1184,1184,1,TA,5,Typ,1,Gd,Detchd,1970,Unf,2,720,TA,TA,,,,0
util_1185,1185,1,TA,5,Typ,2,TA,2Types,1963,RFn,3,995,TA,TA,,,,0
util_1186,1186,1,TA,7,Typ,0,,Attchd,1965,Unf,1,392,TA,TA,,,,0
util_1187,1187,2,TA,7,Typ,0,,CarPort,1920,Unf,2,420,Fa,Fa,,,,0
util_1188,1188,1,Gd,5,Typ,1,Fa,Attchd,1994,RFn,3,757,TA,TA,,GdPrv,,0
util_1189,1189,1,Gd,7,Typ,0,,Attchd,2002,RFn,2,493,TA,TA,,,,0
util_1190,1190,1,Gd,7,Typ,1,TA,Attchd,1999,Fin,2,442,TA,TA,,,,0
util_1191,1191,1,TA,7,Typ,1,TA,2Types,1975,Fin,4,1356,TA,TA,,,,0
util_1192,1192,1,Gd,5,Typ,0,,Detchd,1999,Unf,2,492,TA,TA,,,,0
util_1193,1193,1,Gd,6,Typ,0,,Detchd,1925,Unf,1,250,TA,Fa,,GdWo,,0
util_1194,1194,1,TA,5,Typ,0,,Attchd,1999,Fin,2,402,TA,TA,,,,0
util_1195,1195,1,TA,7,Typ,0,,Attchd,1969,Fin,1,299,TA,TA,,MnPrv,,0
util_1196,1196,1,Gd,8,Typ,0,,Attchd,2005,Fin,2,400,TA,TA,,,,0
util_1197,1197,1,Gd,9,Typ,1,Gd,BuiltIn,2006,Fin,3,660,TA,TA,,,,0
util_1198,1198,1,TA,7,Typ,1,Gd,Detchd,1916,Unf,1,225,TA,TA,,,,0
util_1199,1199,1,Gd,6,Typ,0,,Attchd,2001,RFn,2,573,TA,TA,,,,0
util_1200,1200,1,TA,6,Typ,1,Po,Attchd,1974,Unf,2,459,TA,TA,,,,0
util_1201,1201,1,TA,5,Typ,0,,Attchd,1972,Unf,1,280,TA,TA,,,Shed,0
util_1202,1202,1,Gd,6,Typ,0,,Attchd,1998,RFn,2,546,TA,TA,,,,0
util_1203,1203,1,TA,5,Typ,1,Fa,Detchd,1960,Unf,1,216,TA,TA,,,,0
util_1204,1204,1,Gd,6,Typ,1,TA,Attchd,2000,Unf,2,451,TA,TA,,,,0
util_1205,1205,1,TA,6,Typ,0,,Attchd,1975,RFn,2,495,TA,TA,,MnPrv,,0
util_1206,1206,1,Gd,7,Typ,1,TA,Attchd,1990,RFn,3,701,TA,TA,,,,0
util_1207,1207,1,TA,5,Typ,0,,Detchd,1966,Unf,1,384,TA,TA,,MnPrv,,0
util_1208,1208,1,Gd,7,Typ,0,,Attchd,2003,RFn,2,544,TA,TA,,,,0
util_1209,1209,1,TA,6,Typ,0,,Detchd,1980,Unf,2,506,TA,TA,,,,0
util_1210,1210,1,Gd,8,Typ,1,Gd,Attchd,2006,RFn,2,500,TA,TA,,,,0
util_1211,1211,1,Gd,8,Typ,1,TA,Attchd,1992,RFn,2,462,TA,TA,,GdPrv,Shed,400
util_1212,1212,1,TA,8,Typ,0,,Basment,1988,RFn,2,492,TA,TA,,,,0
util_1213,1213,1,TA,4,Typ,0,,Attchd,1941,Unf,1,234,TA,TA,,,,0
util_1214,1214,1,TA,3,Typ,0,,Attchd,1965,Unf,1,364,TA,TA,,,,0
util_1215,1215,1,TA,6,Typ,0,,Attchd,1962,Unf,1,300,TA,TA,,,,0
util_1216,1216,1,TA,5,Typ,0,,Detchd,1966,RFn,1,384,TA,TA,,MnPrv,,0
util_1217,1217,2,TA,8,Typ,0,,Attchd,1978,Unf,2,539,TA,TA,,,,0
util_1218,1218,1,Gd,6,Typ,0,,Attchd,2009,RFn,2,552,TA,TA,,,,0
util_1219,1219,1,TA,3,Typ,0,,,,,0,0,,,,,,0
util_1220,1220,1,TA,7,Typ,0,,,,,0,0,,,,,,0
util_1221,1221,1,TA,5,Typ,0,,Attchd,1964,Unf,1,288,TA,TA,,,,0
util_1222,1222,1,TA,5,Typ,1,TA,Attchd,1968,Unf,1,322,TA,TA,,,,0
util_1223,1223,1,TA,7,Typ,1,Gd,Attchd,1949,Unf,1,315,TA,TA,,GdWo,,0
util_1224,1224,1,TA,7,Mod,0,,Detchd,1951,Unf,2,528,TA,TA,,MnPrv,,0
util_1225,1225,1,Gd,8,Typ,1,Gd,Attchd,2004,Fin,2,388,TA,TA,,,,0
util_1226,1226,1,TA,6,Typ,0,,Attchd,1958,RFn,1,264,TA,TA,,MnWw,,0
util_1227,1227,1,Gd,9,Typ,1,Gd,BuiltIn,2007,Fin,3,668,TA,TA,,,,0
util_1228,1228,1,Gd,5,Typ,0,,Detchd,1992,Unf,2,576,TA,TA,,,,0
util_1229,1229,1,Ex,7,Typ,1,Gd,Attchd,2008,Fin,3,1052,TA,TA,,,,0
util_1230,1230,1,TA,7,Maj1,0,,Basment,1960,Unf,1,404,TA,TA,,GdWo,,0
util_1231,1231,2,TA,12,Typ,1,TA,BuiltIn,1977,RFn,2,600,TA,TA,,,Gar2,8300
util_1232,1232,1,TA,6,Typ,0,,Attchd,1962,Unf,2,540,TA,TA,,GdWo,,0
util_1233,1233,2,TA,6,Typ,0,,CarPort,1962,Unf,2,462,TA,TA,,,,0
util_1234,1234,1,TA,6,Typ,0,,Attchd,1959,RFn,2,531,TA,TA,,MnPrv,,0
util_1235,1235,1,TA,7,Typ,0,,,,,0,0,,,,,,0
util_1236,1236,1,TA,9,Typ,0,,Detchd,1914,Unf,1,180,Fa,Fa,,,,0
util_1237,1237,1,Gd,6,Typ,0,,BuiltIn,2003,RFn,2,474,TA,TA,,,,0
util_1238,1238,1,Gd,8,Typ,1,Gd,BuiltIn,2004,Fin,2,434,TA,TA,,,,0
util_1239,1239,1,TA,6,Typ,0,,Detchd,2005,Unf,2,484,TA,TA,,,,0
util_1240,1240,1,Ex,6,Typ,1,Gd,Attchd,2006,RFn,2,472,TA,TA,,,,0
util_1241,1241,1,Gd,8,Typ,0,,Attchd,2003,RFn,2,543,TA,TA,,,,0
util_1242,1242,1,Gd,7,Typ,0,,Attchd,2007,RFn,3,954,TA,TA,,,,0
util_1243,1243,1,Gd,6,Typ,2,TA,Attchd,1974,RFn,2,528,TA,TA,,MnPrv,,0
util_1244,1244,1,Ex,7,Typ,1,Gd,Attchd,2006,Fin,3,850,TA,TA,,,,0
util_1245,1245,1,Gd,7,Typ,2,Gd,Detchd,1931,Unf,2,400,TA,TA,,,,0
util_1246,1246,1,TA,7,Typ,1,TA,BuiltIn,1984,Fin,2,477,TA,TA,,,,0
util_1247,1247,1,Gd,6,Typ,0,,Attchd,2005,RFn,2,615,TA,TA,,,,0
util_1248,1248,1,TA,6,Typ,0,,Attchd,1976,Unf,3,888,TA,TA,,,,0
util_1249,1249,1,TA,8,Typ,1,Gd,Detchd,1950,Unf,2,396,Fa,Fa,,,,0
util_1250,1250,1,TA,6,Typ,0,,Attchd,1950,Unf,1,276,TA,TA,,,,0
util_1251,1251,1,Ex,8,Typ,2,TA,Attchd,1968,Fin,2,522,TA,TA,,,,0
util_1252,1252,1,Gd,6,Typ,1,Gd,Attchd,2003,RFn,2,478,TA,TA,,,,0
util_1253,1253,1,TA,5,Typ,0,,Attchd,1968,RFn,1,288,TA,TA,,GdWo,Shed,600
util_1254,1254,1,Gd,9,Typ,2,Gd,Attchd,1974,RFn,2,518,TA,TA,,MnPrv,,0
util_1255,1255,1,Gd,7,Typ,1,Gd,BuiltIn,2003,Fin,2,397,TA,TA,,,,0
util_1256,1256,1,TA,6,Typ,1,Gd,Detchd,1978,Unf,1,560,TA,TA,,,,0
util_1257,1257,1,Gd,7,Typ,1,TA,Attchd,1994,Fin,2,691,TA,TA,,,,0
util_1258,1258,1,TA,4,Typ,0,,,,,0,0,,,,,,0
util_1259,1259,1,Gd,5,Typ,0,,Attchd,2005,Fin,2,400,TA,TA,,,,0
util_1260,1260,1,TA,6,Typ,0,,Attchd,1969,Unf,2,460,TA,TA,,,,0
util_1261,1261,1,TA,7,Typ,1,TA,BuiltIn,1999,Fin,2,502,TA,TA,,,,0
util_1262,1262,1,TA,5,Typ,0,,Attchd,1956,Unf,1,338,TA,TA,,,,0
util_1263,1263,1,TA,8,Min2,2,TA,Attchd,1957,Unf,1,304,TA,TA,,,,0
util_1264,1264,1,TA,8,Typ,1,Gd,Detchd,1940,Unf,2,520,TA,TA,,GdPrv,,0
util_1265,1265,1,Gd,5,Typ,0,,Attchd,1998,Fin,2,511,TA,TA,,,,0
util_1266,1266,1,Gd,6,Typ,0,,Detchd,1999,Unf,2,506,TA,TA,,,,0
util_1267,1267,2,TA,9,Typ,1,Gd,Detchd,1960,Unf,1,308,TA,TA,,MnPrv,,0
util_1268,1268,1,Ex,10,Typ,1,Gd,Attchd,2009,Fin,3,746,TA,TA,,,,0
util_1269,1269,1,Gd,11,Typ,2,Gd,BuiltIn,1982,Unf,3,1014,TA,TA,,GdWo,,0
util_1270,1270,1,TA,7,Typ,0,,Attchd,1958,Unf,1,315,TA,TA,,GdWo,,0
util_1271,1271,1,Gd,4,Typ,1,TA,Attchd,1979,Fin,2,586,TA,TA,,,,0
util_1272,1272,1,Gd,7,Typ,1,Gd,Attchd,1968,RFn,2,462,TA,TA,,,,0
util_1273,1273,1,TA,5,Typ,0,,Attchd,1965,Unf,1,288,TA,TA,,MnPrv,,0
util_1274,1274,1,Ex,5,Typ,1,Gd,Basment,1959,RFn,1,312,TA,TA,,GdPrv,,0
util_1275,1275,1,TA,8,Typ,1,Gd,Detchd,1985,Unf,2,552,TA,TA,,,,0
util_1276,1276,2,TA,10,Typ,0,,Detchd,1948,Unf,2,400,TA,Fa,,,,0
util_1277,1277,1,TA,6,Typ,1,TA,Attchd,1972,Unf,2,497,TA,TA,,,,0
util_1278,1278,1,TA,7,Typ,1,Gd,Attchd,1967,RFn,2,480,TA,TA,,,,0
util_1279,1279,1,Gd,7,Typ,1,Gd,Attchd,2002,RFn,2,577,TA,TA,,,,0
util_1280,1280,1,TA,6,Typ,0,,Detchd,1980,RFn,2,528,TA,TA,,,,0
util_1281,1281,1,Gd,6,Typ,0,,Attchd,2002,RFn,2,544,TA,TA,,,,0
util_1282,1282,1,TA,6,Typ,1,TA,Attchd,1990,Fin,2,484,Gd,Gd,,,,0
util_1283,1283,1,Gd,5,Typ,0,,Detchd,1977,Unf,2,484,TA,TA,,,,0
util_1284,1284,2,TA,8,Typ,0,,,,,0,0,,,,,,0
util_1285,1285,1,Gd,10,Min2,1,Gd,Detchd,1969,Unf,1,336,TA,TA,,,,0
util_1286,1286,1,TA,6,Typ,1,Gd,Detchd,1939,Unf,1,280,TA,TA,,,,0
util_1287,1287,1,TA,6,Typ,2,Gd,Attchd,1963,Unf,2,528,TA,TA,,,,0
util_1288,1288,1,TA,7,Typ,0,,Attchd,1964,Unf,2,390,TA,TA,,,,0
util_1289,1289,1,Ex,5,Typ,1,Ex,Attchd,2000,Fin,2,499,TA,TA,,,,0
util_1290,1290,1,Ex,8,Typ,1,Gd,BuiltIn,2006,Fin,3,753,TA,TA,,,,0
util_1291,1291,1,TA,6,Typ,1,Gd,Attchd,1964,RFn,2,484,TA,TA,,,,0
util_1292,1292,1,TA,6,Typ,0,,Detchd,1972,Unf,1,264,TA,TA,,,,0
util_1293,1293,2,TA,11,Min2,0,,Attchd,1985,RFn,1,432,TA,TA,,,,0
util_1294,1294,1,TA,8,Typ,1,TA,Attchd,1976,RFn,2,528,TA,TA,,GdWo,,0
util_1295,1295,1,TA,5,Typ,0,,Detchd,1957,Unf,2,572,TA,TA,,,,0
util_1296,1296,1,TA,5,Typ,0,,Attchd,1968,RFn,1,288,TA,TA,,GdWo,,0
util_1297,1297,1,TA,6,Typ,0,,Attchd,1963,RFn,2,525,TA,TA,,MnPrv,,0
util_1298,1298,1,TA,5,Typ,0,,Basment,2005,Fin,2,525,TA,TA,,,,0
util_1299,1299,1,Ex,12,Typ,3,Gd,Attchd,2008,Fin,2,1418,TA,TA,Gd,,,0
util_1300,1300,1,Gd,6,Typ,0,,Attchd,1959,RFn,1,305,TA,TA,,GdPrv,,0
util_1301,1301,1,Gd,9,Typ,1,TA,Attchd,1999,Fin,2,490,TA,TA,,,,0
util_1302,1302,1,Gd,7,Typ,2,Gd,Attchd,1942,Unf,1,213,TA,TA,,,,0
util_1303,1303,1,Gd,8,Typ,1,TA,Attchd,1994,RFn,3,844,TA,TA,,,,0
util_1304,1304,1,Gd,7,Typ,0,,Attchd,2005,RFn,3,834,TA,TA,,,,0
util_1305,1305,1,Gd,7,Maj1,0,,Detchd,2004,Unf,2,380,TA,TA,,,,0
util_1306,1306,1,Ex,6,Typ,2,Ex,Attchd,2006,Fin,2,840,TA,TA,,,,0
util_1307,1307,1,Gd,6,Typ,1,Gd,Attchd,2005,RFn,2,474,TA,TA,,,,0
util_1308,1308,1,TA,5,Typ,0,,Detchd,2000,Unf,2,480,TA,TA,,,,0
util_1309,1309,1,Gd,6,Typ,0,,Attchd,1948,Unf,2,528,TA,TA,,GdWo,,0
util_1310,1310,1,Gd,6,Typ,0,,Attchd,1991,RFn,2,496,TA,TA,,GdWo,,0
util_1311,1311,1,Ex,7,Typ,2,TA,Attchd,1959,Fin,2,567,TA,TA,,,,0
util_1312,1312,1,Gd,6,Typ,0,,Attchd,2005,RFn,2,508,TA,TA,,,,0
util_1313,1313,1,Gd,9,Typ,1,Ex,Attchd,1990,RFn,2,750,Gd,Gd,,,,0
util_1314,1314,1,Gd,10,Typ,1,TA,BuiltIn,1999,Fin,3,779,TA,TA,,,,0
util_1315,1315,1,TA,5,Typ,1,TA,Detchd,1956,Unf,1,280,TA,TA,,,,0
util_1316,1316,1,TA,9,Typ,2,Gd,Attchd,1969,Unf,2,576,TA,TA,,,,0
util_1317,1317,1,Ex,8,Typ,1,Gd,Attchd,2008,RFn,3,860,TA,TA,,,,0
util_1318,1318,1,Gd,5,Typ,1,Gd,Attchd,2006,RFn,2,466,TA,TA,,,,0
util_1319,1319,1,Gd,7,Typ,1,TA,Attchd,2001,RFn,3,748,TA,TA,,,,0
util_1320,1320,1,TA,5,Typ,0,,Attchd,1954,Unf,1,248,TA,TA,,,,0
util_1321,1321,1,TA,6,Typ,2,Gd,Attchd,1957,RFn,2,442,TA,TA,,,,0
util_1322,1322,1,TA,4,Typ,0,,Detchd,1955,Unf,1,287,TA,Fa,,,,0
util_1323,1323,1,Gd,8,Typ,1,TA,Attchd,1992,RFn,2,564,TA,TA,,,,0
util_1324,1324,1,Fa,5,Typ,0,,,,,0,0,,,,,,0
util_1325,1325,1,Gd,7,Typ,1,Gd,Attchd,2007,RFn,3,895,TA,TA,,,,0
util_1326,1326,1,TA,5,Typ,0,,,,,0,0,,,,MnPrv,,0
util_1327,1327,1,Gd,6,Typ,0,,,,,0,0,,,,,,0
util_1328,1328,1,Gd,5,Typ,1,Ex,Attchd,1982,Unf,1,264,TA,TA,,MnPrv,,0
util_1329,1329,1,TA,8,Mod,2,TA,Detchd,1920,Unf,2,520,Fa,TA,,MnPrv,Shed,1150
util_1330,1330,1,TA,8,Typ,1,TA,Attchd,1998,Fin,2,462,TA,TA,,,,0
util_1331,1331,1,Gd,7,Typ,1,Gd,Attchd,2006,RFn,3,825,TA,TA,,,,0
util_1332,1332,1,TA,6,Typ,0,,Detchd,1976,Unf,2,576,TA,TA,,,,0
util_1333,1333,1,TA,3,Typ,1,Gd,Detchd,1958,Unf,1,288,Fa,Fa,,,,0
util_1334,1334,1,Gd,6,Typ,0,,Detchd,1951,Unf,1,297,TA,TA,,MnPrv,,0
util_1335,1335,1,TA,7,Min1,0,,Attchd,1970,Unf,2,440,TA,TA,,,,0
util_1336,1336,1,TA,6,Typ,1,TA,Attchd,1977,RFn,2,630,TA,TA,,,,0
util_1337,1337,2,TA,8,Typ,0,,Detchd,1973,Unf,2,506,TA,TA,,,,0
util_1338,1338,1,Fa,4,Typ,0,,,,,0,0,,,,,,0
util_1339,1339,1,Gd,8,Typ,0,,BuiltIn,2002,RFn,2,492,TA,TA,,,,0
util_1340,1340,1,TA,5,Typ,0,,Attchd,1972,RFn,1,288,TA,TA,,,,0
util_1341,1341,1,TA,5,Typ,0,,Detchd,1974,Unf,4,480,TA,TA,,GdWo,,0
util_1342,1342,1,Gd,6,Typ,0,,Detchd,2004,Unf,2,576,TA,TA,,,,0
util_1343,1343,1,Gd,7,Typ,1,Gd,Attchd,2002,RFn,2,647,TA,TA,,,,0
util_1344,1344,1,TA,9,Typ,1,TA,Detchd,1929,Unf,2,342,Fa,Fa,,,,0
util_1345,1345,1,Gd,8,Typ,1,TA,Attchd,2006,Fin,2,440,TA,TA,,,,0
util_1346,1346,1,Fa,5,Typ,0,,Detchd,1997,Unf,1,308,TA,TA,,,,0
util_1347,1347,1,TA,9,Typ,1,Gd,Attchd,1968,RFn,2,508,Gd,TA,,,,0
util_1348,1348,1,Gd,7,Typ,1,Gd,Attchd,2006,Fin,3,712,TA,TA,,,,0
util_1349,1349,1,Gd,5,Typ,1,Fa,Attchd,1998,RFn,2,514,TA,TA,,,,0
util_1350,1350,1,TA,8,Typ,0,,,,,0,0,,,,,,0
util_1351,1351,2,TA,12,Typ,0,,Detchd,1969,Unf,4,968,TA,TA,,,,0
util_1352,1352,1,TA,8,Typ,1,Gd,Attchd,1962,Fin,2,490,TA,TA,,,,0
util_1353,1353,1,TA,4,Typ,0,,Detchd,1999,Unf,2,624,TA,TA,,,,0
util_1354,1354,1,Gd,9,Typ,1,Ex,Attchd,1996,Fin,3,666,TA,TA,,,,0
util_1355,1355,1,Gd,7,Typ,1,TA,Attchd,2000,RFn,3,839,TA,TA,,,,0
util_1356,1356,1,Gd,8,Typ,1,TA,Attchd,1968,RFn,2,487,TA,TA,,GdPrv,,0
util_1357,1357,1,TA,5,Typ,0,,Attchd,1966,RFn,1,264,TA,TA,,GdWo,,0
util_1358,1358,1,TA,6,Typ,1,Fa,Attchd,1971,Fin,2,500,TA,TA,,,,0
util_1359,1359,1,Gd,5,Typ,0,,Detchd,2000,Unf,2,440,TA,TA,,,,0
util_1360,1360,1,Ex,8,Typ,1,Gd,Attchd,2004,Fin,3,770,TA,TA,,,,0
util_1361,1361,1,TA,8,Typ,0,,BuiltIn,1998,RFn,2,621,TA,TA,,,,0
util_1362,1362,1,Gd,7,Typ,1,Gd,Attchd,2005,Fin,2,430,TA,TA,,,,0
util_1363,1363,1,TA,7,Typ,1,Gd,Attchd,1920,Unf,1,368,TA,TA,,,,0
util_1364,1364,1,Gd,6,Typ,1,Gd,BuiltIn,2007,Fin,2,432,TA,TA,,,,0
util_1365,1365,1,Gd,4,Typ,0,,Detchd,2005,RFn,2,480,TA,TA,,,,0
util_1366,1366,1,Gd,7,Typ,0,,Attchd,2000,RFn,2,663,TA,TA,,,,0
util_1367,1367,1,Gd,7,Typ,0,,Attchd,1999,RFn,2,588,TA,TA,,,,0
util_1368,1368,1,TA,6,Typ,1,TA,Attchd,1977,RFn,1,336,TA,TA,,,,0
util_1369,1369,1,Gd,4,Typ,0,,Attchd,2003,Fin,2,420,TA,TA,,,,0
util_1370,1370,1,Gd,8,Typ,1,TA,Attchd,2003,Fin,2,502,TA,TA,,,,0
util_1371,1371,1,TA,6,Typ,0,,Detchd,1967,Fin,1,338,TA,TA,,,,0
util_1372,1372,1,Gd,8,Typ,1,TA,BuiltIn,1955,RFn,1,377,TA,TA,,MnPrv,,0
util_1373,1373,1,Gd,8,Typ,1,TA,Detchd,1998,RFn,2,583,TA,TA,,,,0
util_1374,1374,1,Ex,8,Typ,2,Gd,Attchd,2001,RFn,3,804,TA,TA,,,,0
util_1375,1375,1,Gd,9,Typ,1,Gd,Attchd,2005,Fin,3,936,TA,TA,,,,0
util_1376,1376,1,Gd,7,Typ,1,Gd,Attchd,2007,Fin,3,722,TA,TA,,,,0
util_1377,1377,1,TA,4,Typ,0,,Detchd,1925,Unf,1,160,Fa,TA,,,,0
util_1378,1378,1,TA,6,Min2,0,,Detchd,1977,Unf,2,660,TA,TA,,,,0
util_1379,1379,1,TA,5,Typ,0,,Detchd,1973,Unf,1,264,TA,TA,,,,0
util_1380,1380,1,Gd,7,Typ,0,,BuiltIn,2007,Fin,2,400,TA,TA,,,,0
util_1381,1381,1,TA,5,Typ,0,,Detchd,1938,Unf,1,200,TA,Fa,,,,0
util_1382,1382,1,TA,7,Typ,2,Gd,Attchd,1970,Fin,2,550,TA,TA,,,,0
util_1383,1383,1,Gd,8,Typ,0,,Detchd,1989,Unf,2,576,TA,TA,,,,0
util_1384,1384,1,Gd,7,Typ,0,,Attchd,2007,Unf,2,576,TA,TA,,,,0
util_1385,1385,1,TA,6,Typ,0,,Detchd,1939,Unf,1,280,TA,TA,,MnPrv,,0
util_1386,1386,1,Gd,7,Typ,0,,Detchd,1922,Unf,1,240,TA,TA,,MnPrv,,0
util_1387,1387,1,Gd,12,Typ,2,TA,Attchd,1978,RFn,2,564,TA,TA,Fa,MnPrv,TenC,2000
util_1388,1388,1,Gd,10,Typ,1,Gd,Detchd,1916,Unf,1,216,TA,TA,,GdWo,,0
util_1389,1389,1,Ex,7,Typ,2,Gd,Attchd,2006,Fin,3,758,TA,TA,,,,0
util_1390,1390,1,TA,6,Typ,1,Gd,Detchd,2003,Unf,2,440,TA,TA,,,,0
util_1391,1391,1,Gd,6,Typ,0,,Attchd,2000,RFn,2,541,TA,TA,,,,0
util_1392,1392,2,TA,8,Mod,0,,Detchd,1967,Unf,3,792,TA,TA,,,,0
util_1393,1393,1,TA,6,Typ,1,Po,Attchd,1967,RFn,1,288,TA,TA,,MnWw,,0
util_1394,1394,2,TA,7,Typ,1,TA,Detchd,2003,Unf,2,672,Gd,TA,,,,0
util_1395,1395,1,Gd,6,Typ,1,Gd,Attchd,2006,Fin,3,648,TA,TA,,,,0
util_1396,1396,1,Gd,9,Typ,1,Gd,BuiltIn,2005,Fin,3,642,TA,TA,,,,0
util_1397,1397,1,TA,7,Min1,2,TA,Detchd,1966,Unf,2,572,TA,TA,,,,0
util_1398,1398,1,TA,8,Typ,0,,Detchd,1933,Unf,1,180,Fa,Fa,,,,0
util_1399,1399,1,TA,7,Min1,0,,Attchd,1950,Unf,1,240,TA,TA,,GdPrv,,0
util_1400,1400,1,Gd,7,Typ,1,Gd,Detchd,1925,Unf,1,216,Fa,TA,,MnPrv,,0
util_1401,1401,1,TA,5,Typ,1,Gd,BuiltIn,1929,RFn,1,208,TA,TA,,,,0
util_1402,1402,1,TA,8,Typ,1,TA,Attchd,2004,Fin,2,398,TA,TA,,,,0
util_1403,1403,1,Gd,6,Typ,1,Gd,Attchd,2006,RFn,2,662,TA,TA,,,,0
util_1404,1404,1,Gd,6,Typ,0,,Attchd,2007,Unf,3,754,TA,TA,,,,0
util_1405,1405,1,TA,6,Typ,0,,Detchd,1998,Unf,3,936,TA,TA,,MnPrv,,0
util_1406,1406,1,Gd,5,Typ,1,Gd,Attchd,2004,Fin,2,482,TA,TA,,,,0
util_1407,1407,1,TA,5,Typ,0,,Detchd,1988,Unf,2,396,TA,TA,,MnPrv,,0
util_1408,1408,1,TA,5,Typ,0,,,,,0,0,,,,MnPrv,,0
util_1409,1409,1,TA,6,Typ,0,,Detchd,1966,Unf,2,528,TA,TA,,,,0
util_1410,1410,1,TA,7,Typ,1,TA,Attchd,1986,Fin,2,542,TA,TA,,MnPrv,,0
util_1411,1411,1,Gd,6,Typ,0,,Attchd,2001,RFn,2,622,TA,TA,,,,0
util_1412,1412,1,TA,6,Min2,0,,Attchd,1950,Unf,1,271,TA,TA,,MnPrv,,0
util_1413,1413,2,TA,6,Typ,0,,Detchd,1956,Unf,2,420,TA,TA,,,,0
util_1414,1414,1,Gd,7,Typ,1,Gd,Attchd,2005,Fin,2,620,TA,TA,,,,0
util_1415,1415,1,Gd,8,Typ,1,Gd,Detchd,1922,Unf,2,370,TA,TA,,,,0
util_1416,1416,1,Gd,7,Typ,1,TA,Attchd,2007,RFn,3,660,TA,TA,,,,0
util_1417,1417,2,TA,11,Typ,0,,Detchd,1971,Unf,2,560,TA,TA,,,,0
util_1418,1418,1,Gd,7,Typ,1,TA,Attchd,1998,Fin,3,1069,TA,TA,,,,0
util_1419,1419,1,TA,6,Typ,0,,Detchd,1962,Unf,1,336,TA,TA,,,,0
util_1420,1420,1,Gd,7,Typ,1,TA,Attchd,1969,RFn,2,540,TA,TA,,,,0
util_1421,1421,1,TA,7,Typ,1,TA,Attchd,1968,RFn,2,776,TA,TA,,,,0
util_1422,1422,1,TA,4,Typ,1,Fa,Attchd,1977,RFn,2,440,TA,TA,,,,0
util_1423,1423,1,Gd,3,Typ,0,,Attchd,2003,Fin,2,420,TA,TA,,,,0
util_1424,1424,1,Gd,8,Typ,1,Gd,Attchd,1966,Unf,2,432,Gd,Gd,Gd,GdPrv,,0
util_1425,1425,1,TA,6,Min1,1,TA,Detchd,1970,Unf,1,484,TA,TA,,GdWo,,0
util_1426,1426,1,Gd,7,Typ,0,,Detchd,1960,Unf,2,528,TA,TA,,,,0
util_1427,1427,1,Gd,5,Typ,2,TA,Attchd,1994,RFn,2,525,TA,TA,,,,0
util_1428,1428,1,TA,6,Typ,1,TA,Attchd,1962,Unf,1,288,TA,TA,,,,0
util_1429,1429,1,Gd,4,Typ,2,Gd,Attchd,1940,Unf,1,240,TA,TA,,MnPrv,,0
util_1430,1430,1,Gd,7,Typ,1,TA,Attchd,1981,Fin,2,467,TA,TA,,,,0
util_1431,1431,1,TA,7,Typ,1,Gd,BuiltIn,2005,Fin,2,372,TA,TA,,,,0
util_1432,1432,1,TA,5,Typ,0,,Attchd,1976,RFn,2,440,TA,TA,,,,0
util_1433,1433,1,TA,5,Typ,0,,Detchd,1928,Unf,1,216,Fa,Fa,,,,0
util_1434,1434,1,TA,8,Typ,1,TA,Attchd,2000,Fin,2,451,TA,TA,,,,0
util_1435,1435,1,TA,5,Typ,1,Gd,Attchd,1977,RFn,2,484,TA,TA,,,,0
util_1436,1436,1,Gd,7,Typ,1,Gd,Attchd,1962,RFn,2,462,TA,TA,,GdPrv,,0
util_1437,1437,1,TA,5,Typ,0,,Detchd,1974,Unf,2,528,TA,TA,,GdWo,,0
util_1438,1438,1,Ex,7,Typ,1,Gd,Attchd,2008,Fin,3,774,TA,TA,,,,0
util_1439,1439,1,TA,6,Typ,0,,Attchd,1957,Unf,2,923,TA,TA,,MnPrv,,0
util_1440,1440,1,TA,6,Typ,1,TA,Attchd,1979,RFn,2,550,TA,TA,,,,0
util_1441,1441,1,TA,11,Min1,1,Gd,Detchd,1993,Fin,2,672,TA,TA,,,,0
util_1442,1442,1,Gd,3,Typ,1,TA,Attchd,2004,RFn,2,420,TA,TA,,,,0
util_1443,1443,1,Ex,10,Typ,1,Ex,Attchd,2008,Fin,3,812,TA,TA,,,,0
util_1444,1444,1,Fa,4,Typ,1,Gd,Detchd,1916,Unf,1,192,Fa,Po,,,,0
util_1445,1445,1,Gd,7,Typ,0,,Attchd,2004,RFn,2,626,TA,TA,,,,0
util_1446,1446,1,TA,6,Typ,0,,Detchd,1990,Unf,1,240,TA,TA,,,,0
util_1447,1447,1,TA,6,Typ,0,,Attchd,1962,Unf,1,312,TA,TA,,,,0
util_1448,1448,1,Gd,8,Typ,1,TA,Attchd,1995,RFn,2,556,TA,TA,,,,0
util_1449,1449,1,TA,6,Min2,0,,Detchd,1950,Unf,1,384,Fa,TA,,GdWo,,0
util_1450,1450,1,Ex,3,Typ,0,,,,,0,0,,,,,,0
util_1451,1451,2,TA,8,Typ,0,,,,,0,0,,,,,,0
util_1452,1452,1,Ex,7,Typ,1,Gd,Attchd,2008,Fin,3,840,TA,TA,,,,0
util_1453,1453,1,TA,5,Typ,0,,Basment,2005,Fin,2,525,TA,TA,,,,0
util_1454,1454,1,TA,6,Typ,0,,,,,0,0,,,,,,0
util_1455,1455,1,Gd,6,Typ,0,,Attchd,2004,RFn,2,400,TA,TA,,,,0
util_1456,1456,1,TA,7,Typ,1,TA,Attchd,1999,RFn,2,460,TA,TA,,,,0
util_1457,1457,1,TA,7,Min1,2,TA,Attchd,1978,Unf,2,500,TA,TA,,MnPrv,,0
util_1458,1458,1,Gd,9,Typ,2,Gd,Attchd,1941,RFn,1,252,TA,TA,,GdPrv,Shed,2500
util_1459,1459,1,Gd,5,Typ,0,,Attchd,1950,Unf,1,240,TA,TA,,,,0
util_1460,1460,1,TA,6,Typ,0,,Attchd,1965,Fin,1,276,TA,TA,,,,0