{
    "tests": [
        {
            "name": "test_IteratorClass_1 (test_assignment6.TestAssignment6)",
            "score": 0.0,
            "max_score": 3,
            "output": "Test Failed: IteratorClass() takes no arguments\n",
            "visibility": "visible",
            "number": "1.1"
        },
        {
            "name": "test_IteratorClass_2 (test_assignment6.TestAssignment6)",
            "score": 0.0,
            "max_score": 3,
            "output": "Test Failed: IteratorClass() takes no arguments\n",
            "visibility": "visible",
            "number": "1.2"
        },
        {
            "name": "test_IteratorClass_3 (test_assignment6.TestAssignment6)",
            "score": 0.0,
            "max_score": 3,
            "output": "Test Failed: IteratorClass() takes no arguments\n",
            "visibility": "visible",
            "number": "1.3"
        },
        {
            "name": "test_IteratorClass_4 (test_assignment6.TestAssignment6)",
            "score": 0.0,
            "max_score": 3,
            "output": "Test Failed: IteratorClass() takes no arguments\n",
            "visibility": "visible",
            "number": "1.4"
        },
        {
            "name": "test_IteratorClass_5 (test_assignment6.TestAssignment6)",
            "score": 0.0,
            "max_score": 3,
            "output": "Test Failed: IteratorClass() takes no arguments\n",
            "visibility": "visible",
            "number": "1.5"
        },
        {
            "name": "test_IteratorClass_6 (test_assignment6.TestAssignment6)",
            "score": 0.0,
            "max_score": 3,
            "output": "Test Failed: IteratorClass() takes no arguments\n",
            "visibility": "visible",
            "number": "1.6"
        },
        {
            "name": "test_IteratorClass_7 (test_assignment6.TestAssignment6)",
            "score": 0.0,
            "max_score": 3,
            "output": "Test Failed: IteratorClass() takes no arguments\n",
            "visibility": "visible",
            "number": "1.7"
        },
        {
            "name": "test_ListV2_1 (test_assignment6.TestAssignment6)",
            "score": 0.0,
            "max_score": 3,
            "output": "Test Failed: ListV2() takes no arguments\n",
            "visibility": "visible",
            "number": "2.1"
        },
        {
            "name": "test_ListV2_10 (test_assignment6.TestAssignment6)",
            "score": 0.0,
            "max_score": 3,
            "output": "Test Failed: ListV2() takes no arguments\n",
            "visibility": "visible",
            "number": "2.10"
        },
        {
            "name": "test_ListV2_11 (test_assignment6.TestAssignment6)",
            "score": 0.0,
            "max_score": 3,
            "output": "Test Failed: ListV2() takes no arguments\n",
            "visibility": "visible",
            "number": "2.11"
        },
        {
            "name": "test_ListV2_12 (test_assignment6.TestAssignment6)",
            "score": 0.0,
            "max_score": 3,
            "output": "Test Failed: ListV2() takes no arguments\n",
            "visibility": "visible",
            "number": "2.12"
        },
        {
            "name": "test_ListV2_13 (test_assignment6.TestAssignment6)",
            "score": 0.0,
            "max_score": 3,
            "output": "Test Failed: ListV2() takes no arguments\n",
            "visibility": "visible",
            "number": "2.13"
        },
        {
            "name": "test_ListV2_14 (test_assignment6.TestAssignment6)",
            "score": 0.0,
            "max_score": 3,
            "output": "Test Failed: ListV2() takes no arguments\n",
            "visibility": "visible",
            "number": "2.14"
        },
        {
            "name": "test_ListV2_15 (test_assignment6.TestAssignment6)",
            "score": 0.0,
            "max_score": 3,
            "output": "Test Failed: ListV2() takes no arguments\n",
            "visibility": "visible",
            "number": "2.15"
        },
        {
            "name": "test_ListV2_16 (test_assignment6.TestAssignment6)",
            "score": 0.0,
            "max_score": 3,
            "output": "Test Failed: ListV2() takes no arguments\n",
            "visibility": "visible",
            "number": "2.16"
        },
        {
            "name": "test_ListV2_17 (test_assignment6.TestAssignment6)",
            "score": 0.0,
            "max_score": 3,
            "output": "Test Failed: ListV2() takes no arguments\n",
            "visibility": "visible",
            "number": "2.17"
        },
        {
            "name": "test_ListV2_2 (test_assignment6.TestAssignment6)",
            "score": 0.0,
            "max_score": 3,
            "output": "Test Failed: ListV2() takes no arguments\n",
            "visibility": "visible",
            "number": "2.2"
        },
        {
            "name": "test_ListV2_3 (test_assignment6.TestAssignment6)",
            "score": 0.0,
            "max_score": 3,
            "output": "Test Failed: ListV2() takes no arguments\n",
            "visibility": "visible",
            "number": "2.3"
        },
        {
            "name": "test_ListV2_4 (test_assignment6.TestAssignment6)",
            "score": 0.0,
            "max_score": 3,
            "output": "Test Failed: ListV2() takes no arguments\n",
            "visibility": "visible",
            "number": "2.4"
        },
        {
            "name": "test_ListV2_5 (test_assignment6.TestAssignment6)",
            "score": 0.0,
            "max_score": 3,
            "output": "Test Failed: ListV2() takes no arguments\n",
            "visibility": "visible",
            "number": "2.5"
        },
        {
            "name": "test_ListV2_6 (test_assignment6.TestAssignment6)",
            "score": 0.0,
            "max_score": 3,
            "output": "Test Failed: ListV2() takes no arguments\n",
            "visibility": "visible",
            "number": "2.6"
        },
        {
            "name": "test_ListV2_7 (test_assignment6.TestAssignment6)",
            "score": 0.0,
            "max_score": 3,
            "output": "Test Failed: ListV2() takes no arguments\n",
            "visibility": "visible",
            "number": "2.7"
        },
        {
            "name": "test_ListV2_8 (test_assignment6.TestAssignment6)",
            "score": 0.0,
            "max_score": 3,
            "output": "Test Failed: ListV2() takes no arguments\n",
            "visibility": "visible",
            "number": "2.8"
        },
        {
            "name": "test_ListV2_9 (test_assignment6.TestAssignment6)",
            "score": 0.0,
            "max_score": 3,
            "output": "Test Failed: ListV2() takes no arguments\n",
            "visibility": "visible",
            "number": "2.9"
        }
    ],
    "leaderboard": [],
    "visibility": "visible",
    "execution_time": "0.00",
    "score": 0.0
}
