,Survived,Pclass,Sex,Age,SibSp,Parch,Fare,Embarked
0,0,3,male,22.0,1,0,7.25,S
1,1,1,female,38.0,1,0,71.2833,C
2,1,3,female,26.0,0,0,7.925,S
3,1,1,female,35.0,1,0,53.1,S
4,0,3,male,35.0,0,0,8.05,S
5,0,1,male,54.0,0,0,51.8625,S
6,0,3,male,2.0,3,1,21.075,S
7,1,3,female,27.0,0,2,11.1333,S
8,1,2,female,14.0,1,0,30.0708,C
9,1,3,female,4.0,1,1,16.7,S
10,1,1,female,58.0,0,0,26.55,S
11,0,3,male,20.0,0,0,8.05,S
12,0,3,male,39.0,1,5,31.275,S
13,0,3,female,14.0,0,0,7.8542,S
14,1,2,female,55.0,0,0,16.0,S
15,0,3,male,2.0,4,1,29.125,Q
16,0,3,female,31.0,1,0,18.0,S
17,0,2,male,35.0,0,0,26.0,S
18,1,2,male,34.0,0,0,13.0,S
19,1,3,female,15.0,0,0,8.0292,Q
20,1,1,male,28.0,0,0,35.5,S
21,0,3,female,8.0,3,1,21.075,S
22,1,3,female,38.0,1,5,31.3875,S
23,0,1,male,19.0,3,2,263.0,S
24,0,1,male,40.0,0,0,27.7208,C
25,0,2,male,66.0,0,0,10.5,S
26,0,1,male,28.0,1,0,82.1708,C
27,0,1,male,42.0,1,0,52.0,S
28,0,3,male,21.0,0,0,8.05,S
29,0,3,female,18.0,2,0,18.0,S
30,1,3,female,14.0,1,0,11.2417,C
31,0,3,female,40.0,1,0,9.475,S
32,0,2,female,27.0,1,0,21.0,S
33,1,2,female,3.0,1,2,41.5792,C
34,1,3,female,19.0,0,0,7.8792,Q
35,0,3,female,18.0,1,0,17.8,S
36,0,3,male,7.0,4,1,39.6875,S
37,0,3,male,21.0,0,0,7.8,S
38,1,1,female,49.0,1,0,76.7292,C
39,1,2,female,29.0,1,0,26.0,S
40,0,1,male,65.0,0,1,61.9792,C
41,1,2,female,21.0,0,0,10.5,S
42,0,3,male,28.5,0,0,7.2292,C
43,1,2,female,5.0,1,2,27.75,S
44,0,3,male,11.0,5,2,46.9,S
45,0,3,male,22.0,0,0,7.2292,C
46,0,1,male,45.0,1,0,83.475,S
47,0,3,male,4.0,3,2,27.9,S
48,1,2,female,29.0,0,0,10.5,S
49,0,3,male,19.0,0,0,8.1583,S
50,1,3,female,17.0,4,2,7.925,S
51,0,3,male,26.0,2,0,8.6625,S
52,0,2,male,32.0,0,0,10.5,S
53,0,3,female,16.0,5,2,46.9,S
54,0,2,male,21.0,0,0,73.5,S
55,0,3,male,26.0,1,0,14.4542,C
56,1,3,male,32.0,0,0,56.4958,S
57,0,3,male,25.0,0,0,7.65,S
58,1,2,male,0.83,0,2,29.0,S
59,1,3,female,30.0,0,0,12.475,S
60,0,3,male,22.0,0,0,9.0,S
61,1,3,male,29.0,0,0,9.5,S
62,0,1,male,28.0,0,0,47.1,S
63,1,2,female,17.0,0,0,10.5,S
64,1,3,female,33.0,3,0,15.85,S
65,0,3,male,16.0,1,3,34.375,S
66,1,1,female,23.0,3,2,263.0,S
67,0,3,male,24.0,0,0,8.05,S
68,0,3,male,29.0,0,0,8.05,S
69,0,3,male,20.0,0,0,7.8542,S
70,0,1,male,46.0,1,0,61.175,S
71,0,3,male,26.0,1,2,20.575,S
72,0,3,male,59.0,0,0,7.25,S
73,0,1,male,71.0,0,0,34.6542,C
74,1,1,male,23.0,0,1,63.3583,C
75,1,2,female,34.0,0,1,23.0,S
76,0,2,male,34.0,1,0,26.0,S
77,0,3,female,28.0,0,0,7.8958,S
78,0,1,male,21.0,0,1,77.2875,S
79,0,3,male,33.0,0,0,8.6542,S
80,0,3,male,37.0,2,0,7.925,S
81,0,3,male,28.0,0,0,7.8958,S
82,1,3,female,21.0,0,0,7.65,S
83,0,3,male,38.0,0,0,7.8958,S
84,0,1,male,47.0,0,0,52.0,S
85,0,3,female,14.5,1,0,14.4542,C
86,0,3,male,22.0,0,0,8.05,S
87,0,3,female,20.0,1,0,9.825,S
88,0,3,female,17.0,0,0,14.4583,C
89,0,3,male,21.0,0,0,7.925,S
90,0,3,male,70.5,0,0,7.75,Q
91,0,2,male,29.0,1,0,21.0,S
92,0,1,male,24.0,0,1,247.5208,C
93,0,3,female,2.0,4,2,31.275,S
94,0,2,male,21.0,2,0,73.5,S
95,0,2,male,32.5,1,0,30.0708,C
96,1,2,female,32.5,0,0,13.0,S
97,0,1,male,54.0,0,1,77.2875,S
98,1,3,male,12.0,1,0,11.2417,C
99,1,3,male,24.0,0,0,7.1417,S
100,0,3,male,45.0,0,0,6.975,S
101,0,3,male,33.0,0,0,7.8958,C
102,0,3,male,20.0,0,0,7.05,S
103,0,3,female,47.0,1,0,14.5,S
104,1,2,female,29.0,1,0,26.0,S
105,0,2,male,25.0,0,0,13.0,S
106,0,2,male,23.0,0,0,15.0458,C
107,1,1,female,19.0,0,2,26.2833,S
108,0,1,male,37.0,1,0,53.1,S
109,0,3,male,16.0,0,0,9.2167,S
110,0,1,male,24.0,0,0,79.2,C
111,1,3,female,22.0,0,0,7.75,S
112,1,3,female,24.0,1,0,15.85,S
113,0,3,male,19.0,0,0,6.75,Q
114,0,2,male,18.0,0,0,11.5,S
115,0,2,male,19.0,1,1,36.75,S
116,1,3,male,27.0,0,0,7.7958,S
117,0,3,female,9.0,2,2,34.375,S
118,0,2,male,36.5,0,2,26.0,S
119,0,2,male,42.0,0,0,13.0,S
120,0,2,male,51.0,0,0,12.525,S
121,1,1,female,22.0,1,0,66.6,S
122,0,3,male,55.5,0,0,8.05,S
123,0,3,male,40.5,0,2,14.5,S
124,0,1,male,51.0,0,1,61.3792,C
125,1,3,female,16.0,0,0,7.7333,Q
126,0,3,male,30.0,0,0,8.05,S
127,0,3,male,44.0,0,1,16.1,S
128,1,2,female,40.0,0,0,15.75,S
129,0,3,male,26.0,0,0,7.775,S
130,0,3,male,17.0,0,0,8.6625,S
131,0,3,male,1.0,4,1,39.6875,S
132,1,3,male,9.0,0,2,20.525,S
133,0,3,female,45.0,1,4,27.9,S
134,0,3,male,28.0,0,0,56.4958,S
135,0,1,male,61.0,0,0,33.5,S
136,0,3,male,4.0,4,1,29.125,Q
137,1,3,female,1.0,1,1,11.1333,S
138,0,3,male,21.0,0,0,7.925,S
139,0,1,male,56.0,0,0,30.6958,C
140,0,3,male,18.0,1,1,7.8542,S
141,0,1,female,50.0,0,0,28.7125,C
142,0,2,male,30.0,0,0,13.0,S
143,0,3,male,36.0,0,0,0.0,S
144,0,3,male,9.0,4,2,31.3875,S
145,1,2,male,1.0,2,1,39.0,S
146,1,3,female,4.0,0,2,22.025,S
147,1,1,male,45.0,0,0,26.55,S
148,0,3,male,40.0,1,1,15.5,Q
149,0,3,male,36.0,0,0,7.8958,S
150,1,2,female,32.0,0,0,13.0,S
151,0,2,male,19.0,0,0,13.0,S
152,1,3,female,19.0,1,0,7.8542,S
153,1,2,male,3.0,1,1,26.0,S
154,1,1,female,44.0,0,0,27.7208,C
155,1,1,female,58.0,0,0,146.5208,C
156,0,3,male,42.0,0,1,8.4042,S
157,0,2,female,24.0,0,0,13.0,S
158,0,3,male,28.0,0,0,9.5,S
159,0,3,male,34.0,0,0,6.4958,S
160,0,3,male,45.5,0,0,7.225,C
161,1,3,male,18.0,0,0,8.05,S
162,0,3,female,2.0,0,1,10.4625,S
163,0,3,male,32.0,1,0,15.85,S
164,1,3,male,26.0,0,0,18.7875,C
165,1,3,female,16.0,0,0,7.75,Q
166,1,1,male,40.0,0,0,31.0,C
167,0,3,male,24.0,0,0,7.05,S
168,1,2,female,35.0,0,0,21.0,S
169,0,3,male,22.0,0,0,7.25,S
170,0,2,male,30.0,0,0,13.0,S
171,1,1,female,31.0,1,0,113.275,C
172,1,3,female,27.0,0,0,7.925,S
173,0,2,male,42.0,1,0,27.0,S
174,1,1,female,32.0,0,0,76.2917,C
175,0,2,male,30.0,0,0,10.5,S
176,1,3,male,16.0,0,0,8.05,S
177,0,2,male,27.0,0,0,13.0,S
178,0,3,male,51.0,0,0,8.05,S
179,1,1,male,38.0,1,0,90.0,S
180,0,3,male,22.0,0,0,9.35,S
181,1,2,male,19.0,0,0,10.5,S
182,0,3,male,20.5,0,0,7.25,S
183,0,2,male,18.0,0,0,13.0,S
184,1,1,female,35.0,1,0,83.475,S
185,0,3,male,29.0,0,0,7.775,S
186,0,2,male,59.0,0,0,13.5,S
187,1,3,female,5.0,4,2,31.3875,S
188,0,2,male,24.0,0,0,10.5,S
189,0,2,male,44.0,1,0,26.0,S
190,1,2,female,8.0,0,2,26.25,S
191,0,2,male,19.0,0,0,10.5,S
192,0,2,male,33.0,0,0,12.275,S
193,0,2,male,29.0,0,0,10.5,S
194,0,3,male,22.0,0,0,7.125,S
195,0,3,male,30.0,0,0,7.225,C
196,0,1,male,44.0,2,0,90.0,Q
197,0,3,female,25.0,0,0,7.775,S
198,1,2,female,24.0,0,2,14.5,S
199,1,1,male,37.0,1,1,52.5542,S
200,0,2,male,54.0,1,0,26.0,S
201,0,3,female,29.0,1,1,10.4625,S
202,0,1,male,62.0,0,0,26.55,S
203,0,3,male,30.0,1,0,16.1,S
204,0,3,female,41.0,0,2,20.2125,S
205,1,3,female,29.0,0,2,15.2458,C
206,1,1,female,30.0,0,0,86.5,S
207,1,1,female,35.0,0,0,512.3292,C
208,1,2,female,50.0,0,1,26.0,S
209,1,3,male,3.0,4,2,31.3875,S
210,0,1,male,52.0,1,1,79.65,S
211,0,1,male,40.0,0,0,0.0,S
212,0,2,male,36.0,0,0,10.5,S
213,0,3,male,16.0,4,1,39.6875,S
214,1,3,male,25.0,1,0,7.775,S
215,1,1,female,58.0,0,1,153.4625,S
216,1,1,female,35.0,0,0,135.6333,S
217,1,3,male,25.0,0,0,0.0,S
218,1,2,female,41.0,0,1,19.5,S
219,0,1,male,37.0,0,1,29.7,C
220,1,1,female,63.0,1,0,77.9583,S
221,0,3,female,45.0,0,0,7.75,S
222,0,3,male,7.0,4,1,29.125,Q
223,1,3,female,35.0,1,1,20.25,S
224,0,3,male,65.0,0,0,7.75,Q
225,0,3,male,28.0,0,0,7.8542,S
226,0,3,male,16.0,0,0,9.5,S
227,1,3,male,19.0,0,0,8.05,S
228,0,3,male,33.0,0,0,8.6625,C
229,1,3,male,30.0,0,0,9.5,S
230,0,3,male,22.0,0,0,7.8958,S
231,1,2,male,42.0,0,0,13.0,S
232,1,3,female,22.0,0,0,7.75,Q
233,1,1,female,26.0,0,0,78.85,S
234,1,1,female,19.0,1,0,91.0792,C
235,0,2,male,36.0,0,0,12.875,C
236,0,3,female,24.0,0,0,8.85,S
237,0,3,male,24.0,0,0,7.8958,S
238,0,3,male,23.5,0,0,7.2292,C
239,0,1,female,2.0,1,2,151.55,S
240,1,1,female,50.0,0,1,247.5208,C
241,0,3,male,19.0,0,0,0.0,S
242,1,1,male,0.92,1,2,151.55,S
243,1,1,female,17.0,1,0,108.9,C
244,0,2,male,30.0,1,0,24.0,C
245,1,1,female,30.0,0,0,56.9292,C
246,1,1,female,24.0,0,0,83.1583,C
247,1,1,female,18.0,2,2,262.375,C
248,0,2,female,26.0,1,1,26.0,S
249,0,3,male,28.0,0,0,7.8958,S
250,0,2,male,43.0,1,1,26.25,S
251,1,3,female,26.0,0,0,7.8542,S
252,1,2,female,24.0,1,0,26.0,S
253,0,2,male,54.0,0,0,14.0,S
254,1,1,female,31.0,0,2,164.8667,S
255,1,1,female,40.0,1,1,134.5,C
256,0,3,male,22.0,0,0,7.25,S
257,0,3,male,27.0,0,0,7.8958,S
258,1,2,female,30.0,0,0,12.35,Q
259,1,2,female,22.0,1,1,29.0,S
260,1,1,female,36.0,0,0,135.6333,C
261,0,3,male,61.0,0,0,6.2375,S
262,1,2,female,36.0,0,0,13.0,S
263,1,3,female,31.0,1,1,20.525,S
264,1,1,female,16.0,0,1,57.9792,C
265,0,1,male,45.5,0,0,28.5,S
266,0,1,male,38.0,0,1,153.4625,S
267,0,3,male,16.0,2,0,18.0,S
268,0,1,male,29.0,1,0,66.6,S
269,1,1,female,41.0,0,0,134.5,C
270,1,3,male,45.0,0,0,8.05,S
271,0,1,male,45.0,0,0,35.5,S
272,1,2,male,2.0,1,1,26.0,S
273,1,1,female,24.0,3,2,263.0,S
274,0,2,male,28.0,0,0,13.0,S
275,0,2,male,25.0,0,0,13.0,S
276,0,2,male,36.0,0,0,13.0,S
277,1,2,female,24.0,0,0,13.0,S
278,1,2,female,40.0,0,0,13.0,S
279,1,3,male,3.0,1,1,15.9,S
280,0,3,male,42.0,0,0,8.6625,S
281,0,3,male,23.0,0,0,9.225,S
282,0,3,male,15.0,1,1,7.2292,C
283,0,3,male,25.0,1,0,17.8,S
284,0,3,male,28.0,0,0,9.5,S
285,1,1,female,22.0,0,1,55.0,S
286,0,2,female,38.0,0,0,13.0,S
287,0,3,male,40.0,1,4,27.9,S
288,0,2,male,29.0,1,0,27.7208,C
289,0,3,female,45.0,0,1,14.4542,C
290,0,3,male,35.0,0,0,7.05,S
291,0,3,male,30.0,0,0,7.25,S
292,1,1,female,60.0,1,0,75.25,C
293,1,1,female,24.0,0,0,69.3,C
294,1,1,male,25.0,1,0,55.4417,C
295,0,3,male,18.0,1,0,6.4958,S
296,0,3,male,19.0,0,0,8.05,S
297,0,1,male,22.0,0,0,135.6333,C
298,0,3,female,3.0,3,1,21.075,S
299,1,3,female,22.0,0,0,7.25,S
300,0,1,male,27.0,0,2,211.5,C
301,0,3,male,20.0,0,0,4.0125,C
302,0,3,male,19.0,0,0,7.775,S
303,1,1,female,42.0,0,0,227.525,C
304,1,3,female,1.0,0,2,15.7417,C
305,0,3,male,32.0,0,0,7.925,S
306,1,1,female,35.0,1,0,52.0,S
307,0,2,male,18.0,0,0,73.5,S
308,0,3,male,1.0,5,2,46.9,S
309,1,2,female,36.0,0,0,13.0,S
310,1,2,female,17.0,0,0,12.0,C
311,1,1,male,36.0,1,2,120.0,S
312,1,3,male,21.0,0,0,7.7958,S
313,0,3,male,28.0,2,0,7.925,S
314,1,1,female,23.0,1,0,113.275,C
315,1,3,female,24.0,0,2,16.7,S
316,0,3,male,22.0,0,0,7.7958,S
317,0,3,female,31.0,0,0,7.8542,S
318,0,2,male,46.0,0,0,26.0,S
319,0,2,male,23.0,0,0,10.5,S
320,1,2,female,28.0,0,0,12.65,S
321,1,3,male,39.0,0,0,7.925,S
322,0,3,male,26.0,0,0,8.05,S
323,0,3,female,21.0,1,0,9.825,S
324,0,3,male,28.0,1,0,15.85,S
325,0,3,female,20.0,0,0,8.6625,S
326,0,2,male,34.0,1,0,21.0,S
327,0,3,male,51.0,0,0,7.75,S
328,1,2,male,3.0,1,1,18.75,S
329,0,3,male,21.0,0,0,7.775,S
330,1,1,female,33.0,1,0,90.0,Q
331,1,3,male,44.0,0,0,7.925,S
332,1,2,female,34.0,1,1,32.5,S
333,1,2,female,18.0,0,2,13.0,S
334,0,2,male,30.0,0,0,13.0,S
335,0,3,female,10.0,0,2,24.15,S
336,0,3,male,21.0,0,0,7.7333,Q
337,0,3,male,29.0,0,0,7.875,S
338,0,3,female,28.0,1,1,14.4,S
339,0,3,male,18.0,1,1,20.2125,S
340,1,2,female,28.0,1,0,26.0,S
341,1,2,female,19.0,0,0,26.0,S
342,1,3,male,32.0,0,0,8.05,S
343,1,1,male,28.0,0,0,26.55,S
344,1,2,female,42.0,1,0,26.0,S
345,0,3,male,17.0,0,0,7.125,S
346,0,1,male,50.0,1,0,55.9,S
347,1,1,female,14.0,1,2,120.0,S
348,0,3,female,21.0,2,2,34.375,S
349,1,2,female,24.0,2,3,18.75,S
350,0,1,male,64.0,1,4,263.0,S
351,0,2,male,31.0,0,0,10.5,S
352,1,2,female,45.0,1,1,26.25,S
353,0,3,male,20.0,0,0,9.5,S
354,0,3,male,25.0,1,0,7.775,S
355,1,2,female,28.0,0,0,13.0,S
356,1,1,male,4.0,0,2,81.8583,S
357,1,2,female,13.0,0,1,19.5,S
358,1,1,male,34.0,0,0,26.55,S
359,1,3,female,5.0,2,1,19.2583,C
360,1,1,male,52.0,0,0,30.5,S
361,0,2,male,36.0,1,2,27.75,S
362,0,1,male,30.0,0,0,27.75,C
363,1,1,male,49.0,1,0,89.1042,C
364,1,3,male,29.0,0,0,7.8958,C
365,0,1,male,65.0,0,0,26.55,S
366,1,2,female,50.0,0,0,10.5,S
367,1,1,male,48.0,0,0,26.55,S
368,0,3,male,34.0,0,0,8.05,S
369,0,1,male,47.0,0,0,38.5,S
370,0,2,male,48.0,0,0,13.0,S
371,0,3,male,38.0,0,0,7.05,S
372,0,1,male,56.0,0,0,26.55,S
373,1,3,female,0.75,2,1,19.2583,C
374,0,3,male,38.0,0,0,8.6625,S
375,1,2,female,33.0,1,2,27.75,S
376,1,2,female,23.0,0,0,13.7917,C
377,0,3,female,22.0,0,0,9.8375,S
378,0,2,male,34.0,1,0,21.0,S
379,0,3,male,29.0,1,0,7.0458,S
380,0,3,male,22.0,0,0,7.5208,S
381,1,3,female,2.0,0,1,12.2875,S
382,0,3,male,9.0,5,2,46.9,S
383,0,3,male,50.0,0,0,8.05,S
384,1,3,female,63.0,0,0,9.5875,S
385,1,1,male,25.0,1,0,91.0792,C
386,1,1,female,35.0,1,0,90.0,S
387,0,1,male,58.0,0,0,29.7,C
388,0,3,male,30.0,0,0,8.05,S
389,1,3,male,9.0,1,1,15.9,S
390,0,3,male,21.0,0,0,7.25,S
391,0,1,male,55.0,0,0,30.5,S
392,0,1,male,71.0,0,0,49.5042,C
393,0,3,male,21.0,0,0,8.05,S
394,1,1,female,54.0,1,0,78.2667,C
395,0,1,female,25.0,1,2,151.55,S
396,0,3,male,24.0,0,0,7.7958,S
397,0,3,male,17.0,0,0,8.6625,S
398,0,3,female,21.0,0,0,7.75,Q
399,0,3,female,37.0,0,0,9.5875,S
400,1,1,female,16.0,0,0,86.5,S
401,0,1,male,18.0,1,0,108.9,C
402,1,2,female,33.0,0,2,26.0,S
403,0,3,male,28.0,0,0,22.525,S
404,1,3,male,26.0,0,0,56.4958,S
405,1,3,male,29.0,0,0,7.75,Q
406,1,1,male,36.0,0,0,26.2875,S
407,1,1,female,54.0,1,0,59.4,C
408,0,3,male,24.0,0,0,7.4958,S
409,0,1,male,47.0,0,0,34.0208,S
410,1,2,female,34.0,0,0,10.5,S
411,1,2,female,36.0,1,0,26.0,S
412,0,3,male,32.0,0,0,7.8958,S
413,1,1,female,30.0,0,0,93.5,S
414,0,3,male,22.0,0,0,7.8958,S
415,1,1,female,44.0,0,1,57.9792,C
416,0,3,male,40.5,0,0,7.75,Q
417,1,2,female,50.0,0,0,10.5,S
418,0,3,male,39.0,0,0,7.925,S
419,0,2,male,23.0,2,1,11.5,S
420,1,2,female,2.0,1,1,26.0,S
421,0,3,male,17.0,1,1,7.2292,C
422,0,3,female,30.0,0,0,8.6625,S
423,1,2,female,7.0,0,2,26.25,S
424,0,1,male,45.0,0,0,26.55,S
425,1,1,female,30.0,0,0,106.425,C
426,1,1,female,22.0,0,2,49.5,C
427,1,1,female,36.0,0,2,71.0,S
428,0,3,female,9.0,4,2,31.275,S
429,0,3,female,11.0,4,2,31.275,S
430,1,2,male,32.0,1,0,26.0,S
431,0,1,male,50.0,1,0,106.425,C
432,0,1,male,64.0,0,0,26.0,S
433,1,2,female,19.0,1,0,26.0,S
434,0,3,male,33.0,1,1,20.525,S
435,1,2,male,8.0,1,1,36.75,S
436,1,1,male,17.0,0,2,110.8833,C
437,0,2,male,27.0,0,0,26.0,S
438,1,3,male,22.0,0,0,7.225,C
439,1,3,female,22.0,0,0,7.775,S
440,0,1,male,62.0,0,0,26.55,S
441,1,1,female,48.0,1,0,39.6,C
442,1,1,female,39.0,1,1,79.65,S
443,1,3,female,36.0,1,0,17.4,S
444,0,3,male,40.0,0,0,7.8958,S
445,0,2,male,28.0,0,0,13.5,S
446,0,3,male,24.0,2,0,24.15,S
447,0,3,male,19.0,0,0,7.8958,S
448,0,3,female,29.0,0,4,21.075,S
449,1,3,male,32.0,0,0,7.8542,S
450,1,2,male,62.0,0,0,10.5,S
451,1,1,female,53.0,2,0,51.4792,S
452,1,1,male,36.0,0,0,26.3875,S
453,0,3,male,16.0,0,0,8.05,S
454,0,3,male,19.0,0,0,14.5,S
455,1,2,female,34.0,0,0,13.0,S
456,1,1,female,39.0,1,0,55.9,S
457,1,3,male,32.0,0,0,7.925,S
458,1,2,female,25.0,1,1,30.0,S
459,1,1,female,39.0,1,1,110.8833,C
460,0,2,male,54.0,0,0,26.0,S
461,0,1,male,36.0,0,0,40.125,C
462,1,1,female,18.0,0,2,79.65,S
463,0,2,male,47.0,0,0,15.0,S
464,1,1,male,60.0,1,1,79.2,C
465,0,3,male,22.0,0,0,8.05,S
466,0,3,male,35.0,0,0,7.125,S
467,1,1,female,52.0,1,0,78.2667,C
468,0,3,male,47.0,0,0,7.25,S
469,0,2,male,37.0,1,0,26.0,S
470,0,3,male,36.0,1,1,24.15,S
471,0,3,male,49.0,0,0,0.0,S
472,1,1,male,49.0,1,0,56.9292,C
473,1,2,female,24.0,2,1,27.0,S
474,0,3,male,44.0,0,0,8.05,S
475,1,1,male,35.0,0,0,26.55,C
476,0,3,male,36.0,1,0,15.55,S
477,0,3,male,30.0,0,0,7.8958,S
478,1,1,male,27.0,0,0,30.5,S
479,1,2,female,22.0,1,2,41.5792,C
480,1,1,female,40.0,0,0,153.4625,S
481,0,3,female,39.0,1,5,31.275,S
482,0,3,male,35.0,0,0,8.05,S
483,1,2,female,24.0,1,2,65.0,S
484,0,3,male,34.0,1,1,14.4,S
485,0,3,female,26.0,1,0,16.1,S
486,1,2,female,4.0,2,1,39.0,S
487,0,2,male,26.0,0,0,10.5,S
488,0,3,male,27.0,1,0,14.4542,C
489,1,1,male,42.0,1,0,52.5542,S
490,1,3,male,20.0,1,1,15.7417,C
491,0,3,male,21.0,0,0,7.8542,S
492,0,3,male,21.0,0,0,16.1,S
493,0,1,male,61.0,0,0,32.3208,S
494,0,2,male,57.0,0,0,12.35,Q
495,1,1,female,21.0,0,0,77.9583,S
496,0,3,male,26.0,0,0,7.8958,S
497,1,1,male,80.0,0,0,30.0,S
498,0,3,male,51.0,0,0,7.0542,S
499,1,1,male,32.0,0,0,30.5,C
500,0,3,female,9.0,3,2,27.9,S
501,1,2,female,28.0,0,0,13.0,S
502,0,3,male,32.0,0,0,7.925,S
503,0,2,male,31.0,1,1,26.25,S
504,0,3,female,41.0,0,5,39.6875,S
505,0,3,male,20.0,0,0,7.8542,S
506,1,1,female,24.0,0,0,69.3,C
507,0,3,female,2.0,3,2,27.9,S
508,1,3,female,0.75,2,1,19.2583,C
509,1,1,male,48.0,1,0,76.7292,C
510,0,3,male,19.0,0,0,7.8958,S
511,1,1,male,56.0,0,0,35.5,C
512,1,3,female,23.0,0,0,7.55,S
513,1,2,female,18.0,0,1,23.0,S
514,0,3,male,21.0,0,0,8.4333,S
515,0,3,female,18.0,0,0,6.75,Q
516,0,2,male,24.0,2,0,73.5,S
517,0,3,female,32.0,1,1,15.5,Q
518,0,2,male,23.0,0,0,13.0,S
519,0,1,male,58.0,0,2,113.275,C
520,1,1,male,50.0,2,0,133.65,S
521,0,3,male,40.0,0,0,7.225,C
522,0,1,male,47.0,0,0,25.5875,S
523,0,3,male,36.0,0,0,7.4958,S
524,1,3,male,20.0,1,0,7.925,S
525,0,2,male,32.0,2,0,73.5,S
526,0,2,male,25.0,0,0,13.0,S
527,0,3,male,43.0,0,0,8.05,S
528,1,2,female,40.0,1,1,39.0,S
529,0,1,male,31.0,1,0,52.0,S
530,0,2,male,70.0,0,0,10.5,S
531,1,2,male,31.0,0,0,13.0,S
532,0,3,male,18.0,0,0,7.775,S
533,0,3,male,24.5,0,0,8.05,S
534,1,3,female,18.0,0,0,9.8417,S
535,0,3,female,43.0,1,6,46.9,S
536,1,1,male,36.0,0,1,512.3292,C
537,1,1,male,27.0,0,0,76.7292,C
538,0,3,male,20.0,0,0,9.225,S
539,0,3,male,14.0,5,2,46.9,S
540,0,2,male,60.0,1,1,39.0,S
541,0,2,male,25.0,1,2,41.5792,C
542,0,3,male,14.0,4,1,39.6875,S
543,0,3,male,19.0,0,0,10.1708,S
544,0,3,male,18.0,0,0,7.7958,S
545,1,1,female,15.0,0,1,211.3375,S
546,1,1,male,31.0,1,0,57.0,S
547,1,3,female,4.0,0,1,13.4167,C
548,0,3,male,25.0,0,0,7.225,C
549,0,1,male,60.0,0,0,26.55,S
550,0,2,male,52.0,0,0,13.5,S
551,0,3,male,44.0,0,0,8.05,S
552,0,1,male,49.0,1,1,110.8833,C
553,0,3,male,42.0,0,0,7.65,S
554,1,1,female,18.0,1,0,227.525,C
555,1,1,male,35.0,0,0,26.2875,S
556,0,3,female,18.0,0,1,14.4542,C
557,0,3,male,25.0,0,0,7.7417,Q
558,0,3,male,26.0,1,0,7.8542,S
559,0,2,male,39.0,0,0,26.0,S
560,1,2,female,45.0,0,0,13.5,S
561,1,1,male,42.0,0,0,26.2875,S
562,1,1,female,22.0,0,0,151.55,S
563,1,1,female,24.0,0,0,49.5042,C
564,1,1,male,48.0,1,0,52.0,S
565,0,3,male,29.0,0,0,9.4833,S
566,0,2,male,52.0,0,0,13.0,S
567,0,3,male,19.0,0,0,7.65,S
568,1,1,female,38.0,0,0,227.525,C
569,1,2,female,27.0,0,0,10.5,S
570,0,3,male,33.0,0,0,7.775,S
571,1,2,female,6.0,0,1,33.0,S
572,0,3,male,17.0,1,0,7.0542,S
573,0,2,male,34.0,0,0,13.0,S
574,0,2,male,50.0,0,0,13.0,S
575,1,1,male,27.0,1,0,53.1,S
576,0,3,male,20.0,0,0,8.6625,S
577,1,2,female,30.0,3,0,21.0,S
578,0,2,male,25.0,1,0,26.0,S
579,0,3,female,25.0,1,0,7.925,S
580,1,1,female,29.0,0,0,211.3375,S
581,0,3,male,11.0,0,0,18.7875,C
582,0,2,male,23.0,0,0,13.0,S
583,0,2,male,23.0,0,0,13.0,S
584,0,3,male,28.5,0,0,16.1,S
585,0,3,female,48.0,1,3,34.375,S
586,1,1,male,35.0,0,0,512.3292,C
587,0,1,male,36.0,1,0,78.85,S
588,1,1,female,21.0,2,2,262.375,C
589,0,3,male,24.0,1,0,16.1,S
590,1,3,male,31.0,0,0,7.925,S
591,0,1,male,70.0,1,1,71.0,S
592,0,3,male,16.0,1,1,20.25,S
593,1,2,female,30.0,0,0,13.0,S
594,0,1,male,19.0,1,0,53.1,S
595,0,3,male,31.0,0,0,7.75,Q
596,1,2,female,4.0,1,1,23.0,S
597,1,3,male,6.0,0,1,12.475,S
598,0,3,male,33.0,0,0,9.5,S
599,0,3,male,23.0,0,0,7.8958,S
600,1,2,female,48.0,1,2,65.0,S
601,1,2,male,0.67,1,1,14.5,S
602,0,3,male,28.0,0,0,7.7958,S
603,0,2,male,18.0,0,0,11.5,S
604,0,3,male,34.0,0,0,8.05,S
605,1,1,female,33.0,0,0,86.5,S
606,0,3,male,41.0,0,0,7.125,S
607,1,3,male,20.0,0,0,7.2292,C
608,1,1,female,36.0,1,2,120.0,S
609,0,3,male,16.0,0,0,7.775,S
610,1,1,female,51.0,1,0,77.9583,S
611,0,3,female,30.5,0,0,7.75,Q
612,0,3,male,32.0,0,0,8.3625,S
613,0,3,male,24.0,0,0,9.5,S
614,0,3,male,48.0,0,0,7.8542,S
615,0,2,female,57.0,0,0,10.5,S
616,1,2,female,54.0,1,3,23.0,S
617,0,3,male,18.0,0,0,7.75,S
618,1,3,female,5.0,0,0,12.475,S
619,1,1,female,43.0,0,1,211.3375,S
620,1,3,female,13.0,0,0,7.2292,C
621,1,1,female,17.0,1,0,57.0,S
622,0,1,male,29.0,0,0,30.0,S
623,0,3,male,25.0,0,0,7.05,S
624,0,3,male,25.0,0,0,7.25,S
625,1,3,female,18.0,0,0,7.4958,S
626,0,3,male,8.0,4,1,29.125,Q
627,1,3,male,1.0,1,2,20.575,S
628,0,1,male,46.0,0,0,79.2,C
629,0,2,male,16.0,0,0,26.0,S
630,0,3,male,25.0,0,0,7.8958,S
631,0,2,male,39.0,0,0,13.0,S
632,1,1,female,49.0,0,0,25.9292,S
633,1,3,female,31.0,0,0,8.6833,S
634,0,3,male,30.0,0,0,7.2292,C
635,0,3,female,30.0,1,1,24.15,S
636,0,2,male,34.0,0,0,13.0,S
637,1,2,female,31.0,1,1,26.25,S
638,1,1,male,11.0,1,2,120.0,S
639,1,3,male,0.42,0,1,8.5167,C
640,1,3,male,27.0,0,0,6.975,S
641,0,3,male,31.0,0,0,7.775,S
642,0,1,male,39.0,0,0,0.0,S
643,0,3,female,18.0,0,0,7.775,S
644,0,2,male,39.0,0,0,13.0,S
645,1,1,female,33.0,1,0,53.1,S
646,0,3,male,26.0,0,0,7.8875,S
647,0,3,male,39.0,0,0,24.15,S
648,0,2,male,35.0,0,0,10.5,S
649,0,3,female,6.0,4,2,31.275,S
650,0,3,male,30.5,0,0,8.05,S
651,0,3,female,23.0,0,0,7.925,S
652,0,2,male,31.0,1,1,37.0042,C
653,0,3,male,43.0,0,0,6.45,S
654,0,3,male,10.0,3,2,27.9,S
655,1,1,female,52.0,1,1,93.5,S
656,1,3,male,27.0,0,0,8.6625,S
657,0,1,male,38.0,0,0,0.0,S
658,1,3,female,27.0,0,1,12.475,S
659,0,3,male,2.0,4,1,39.6875,S
660,1,2,male,1.0,0,2,37.0042,C
661,1,3,female,15.0,1,0,14.4542,C
662,1,2,male,0.83,1,1,18.75,S
663,0,3,male,23.0,0,0,7.8542,S
664,0,3,male,18.0,0,0,8.3,S
665,1,1,female,39.0,1,1,83.1583,C
666,0,3,male,21.0,0,0,8.6625,S
667,1,3,male,32.0,0,0,56.4958,S
668,0,3,male,20.0,0,0,7.925,S
669,0,2,male,16.0,0,0,10.5,S
670,1,1,female,30.0,0,0,31.0,C
671,0,3,male,34.5,0,0,6.4375,C
672,0,3,male,17.0,0,0,8.6625,S
673,0,3,male,42.0,0,0,7.55,S
674,0,3,male,35.0,0,0,7.8958,C
675,0,2,male,28.0,0,1,33.0,S
676,0,3,male,4.0,4,2,31.275,S
677,0,3,male,74.0,0,0,7.775,S
678,0,3,female,9.0,1,1,15.2458,C
679,1,1,female,16.0,0,1,39.4,S
680,0,2,female,44.0,1,0,26.0,S
681,1,3,female,18.0,0,1,9.35,S
682,1,1,female,45.0,1,1,164.8667,S
683,1,1,male,51.0,0,0,26.55,S
684,1,3,female,24.0,0,3,19.2583,C
685,0,3,male,41.0,2,0,14.1083,S
686,0,2,male,21.0,1,0,11.5,S
687,1,1,female,48.0,0,0,25.9292,S
688,0,2,male,24.0,0,0,13.0,S
689,1,2,female,42.0,0,0,13.0,S
690,1,2,female,27.0,1,0,13.8583,C
691,0,1,male,31.0,0,0,50.4958,S
692,1,3,male,4.0,1,1,11.1333,S
693,0,3,male,26.0,0,0,7.8958,S
694,1,1,female,47.0,1,1,52.5542,S
695,0,1,male,33.0,0,0,5.0,S
696,0,3,male,47.0,0,0,9.0,S
697,1,2,female,28.0,1,0,24.0,C
698,1,3,female,15.0,0,0,7.225,C
699,0,3,male,20.0,0,0,9.8458,S
700,0,3,male,19.0,0,0,7.8958,S
701,1,1,female,56.0,0,1,83.1583,C
702,1,2,female,25.0,0,1,26.0,S
703,0,3,male,33.0,0,0,7.8958,S
704,0,3,female,22.0,0,0,10.5167,S
705,0,2,male,28.0,0,0,10.5,S
706,0,3,male,25.0,0,0,7.05,S
707,0,3,female,39.0,0,5,29.125,Q
708,0,2,male,27.0,0,0,13.0,S
709,1,1,female,19.0,0,0,30.0,S
710,1,1,male,26.0,0,0,30.0,C
711,0,3,male,32.0,0,0,7.75,Q
