{
    "tests": [
        {
            "name": "test_step1 (test_mini_project2.TestMiniProject2)",
            "score": 5,
            "max_score": 5,
            "output": "[('British Isles',), ('Central America',), ('Eastern Europe',), ('North America',), ('Northern Europe',), ('Scandinavia',), ('South America',), ('Southern Europe',), ('Western Europe',)]\n",
            "visibility": "visible",
            "number": "step1"
        },
        {
            "name": "test_step2 (test_mini_project2.TestMiniProject2)",
            "score": 5,
            "max_score": 5,
            "visibility": "visible",
            "number": "step2"
        },
        {
            "name": "test_step3 (test_mini_project2.TestMiniProject2)",
            "score": 5,
            "max_score": 5,
            "visibility": "visible",
            "number": "step3"
        },
        {
            "name": "test_step4 (test_mini_project2.TestMiniProject2)",
            "score": 5,
            "max_score": 5,
            "visibility": "visible",
            "number": "step4"
        },
        {
            "name": "test_step5 (test_mini_project2.TestMiniProject2)",
            "score": 5,
            "max_score": 5,
            "visibility": "visible",
            "number": "step5"
        },
        {
            "name": "test_step6 (test_mini_project2.TestMiniProject2)",
            "score": 5,
            "max_score": 5,
            "visibility": "visible",
            "number": "step6"
        },
        {
            "name": "test_step7 (test_mini_project2.TestMiniProject2)",
            "score": 5,
            "max_score": 5,
            "visibility": "visible",
            "number": "step7"
        },
        {
            "name": "test_step8 (test_mini_project2.TestMiniProject2)",
            "score": 5,
            "max_score": 5,
            "visibility": "visible",
            "number": "step8"
        },
        {
            "name": "test_step9 (test_mini_project2.TestMiniProject2)",
            "score": 5,
            "max_score": 5,
            "visibility": "visible",
            "number": "step9"
        },
        {
            "name": "test_step_10 (test_mini_project2.TestMiniProject2)",
            "score": 5,
            "max_score": 5,
            "visibility": "visible",
            "number": "step_10"
        },
        {
            "name": "test_step_11_1 (test_mini_project2.TestMiniProject2)",
            "score": 20,
            "max_score": 20,
            "visibility": "visible",
            "number": "step_11_1"
        },
        {
            "name": "test_step_11_2 (test_mini_project2.TestMiniProject2)",
            "score": 20,
            "max_score": 20,
            "visibility": "visible",
            "number": "step_11_2"
        },
        {
            "name": "test_z_ex1_1 (test_mini_project2.TestMiniProject2)",
            "score": 5,
            "max_score": 5,
            "visibility": "visible",
            "number": "z_ex1_1"
        },
        {
            "name": "test_z_ex1_2 (test_mini_project2.TestMiniProject2)",
            "score": 5,
            "max_score": 5,
            "visibility": "visible",
            "number": "z_ex1_2"
        },
        {
            "name": "test_z_ex2_1 (test_mini_project2.TestMiniProject2)",
            "score": 5,
            "max_score": 5,
            "visibility": "visible",
            "number": "z_ex2_1"
        },
        {
            "name": "test_z_ex2_2 (test_mini_project2.TestMiniProject2)",
            "score": 5,
            "max_score": 5,
            "visibility": "visible",
            "number": "z_ex2_2"
        },
        {
            "name": "test_z_ex3 (test_mini_project2.TestMiniProject2)",
            "score": 5,
            "max_score": 5,
            "visibility": "visible",
            "number": "z_ex3"
        },
        {
            "name": "test_z_ex4 (test_mini_project2.TestMiniProject2)",
            "score": 5,
            "max_score": 5,
            "visibility": "visible",
            "number": "z_ex4"
        },
        {
            "name": "test_z_ex5 (test_mini_project2.TestMiniProject2)",
            "score": 5,
            "max_score": 5,
            "visibility": "visible",
            "number": "z_ex5"
        },
        {
            "name": "test_z_ex6 (test_mini_project2.TestMiniProject2)",
            "score": 10,
            "max_score": 10,
            "visibility": "visible",
            "number": "z_ex6"
        },
        {
            "name": "test_z_ex7 (test_mini_project2.TestMiniProject2)",
            "score": 0.0,
            "max_score": 10,
            "output": "Test Failed: 'NoneType' object is not iterable\n",
            "visibility": "visible",
            "number": "z_ex7"
        },
        {
            "name": "test_z_ex8 (test_mini_project2.TestMiniProject2)",
            "score": 0.0,
            "max_score": 10,
            "output": "Test Failed: module 'mini_project2' has no attribute 'ex8'\n",
            "visibility": "visible",
            "number": "z_ex8"
        },
        {
            "name": "test_z_ex9 (test_mini_project2.TestMiniProject2)",
            "score": 0.0,
            "max_score": 10,
            "output": "Test Failed: module 'mini_project2' has no attribute 'ex9'\n",
            "visibility": "visible",
            "number": "z_ex9"
        },
        {
            "name": "test_z_ex_10 (test_mini_project2.TestMiniProject2)",
            "score": 0.0,
            "max_score": 10,
            "output": "Test Failed: module 'mini_project2' has no attribute 'ex10'\n",
            "visibility": "visible",
            "number": "z_ex_10"
        },
        {
            "name": "test_z_ex_11 (test_mini_project2.TestMiniProject2)",
            "score": 0.0,
            "max_score": 10,
            "output": "Test Failed: module 'mini_project2' has no attribute 'ex11'\n",
            "visibility": "visible",
            "number": "z_ex_11"
        }
    ],
    "leaderboard": [],
    "visibility": "visible",
    "execution_time": "16.92",
    "score": 135.0
}
